datum_stanja,naziv,vrsta,cetvrt,dobna_skupina,uzrast,program,slobodnih
2023-03-01,Budućnost,Gradski DV,DONJI GRAD,Jaslice,1 do 2 godine,Redoviti,0
2023-03-01,Budućnost,Gradski DV,DONJI GRAD,Jaslice,1 do 2 godine,Posebni,0
2023-03-01,Budućnost,Gradski DV,DONJI GRAD,Jaslice,2 do 3 godine,Redoviti,0
2023-03-01,Budućnost,Gradski DV,DONJI GRAD,Jaslice,2 do 3 godine,Posebni,0
2023-03-01,Budućnost,Gradski DV,DONJI GRAD,Jaslice,1 do 3 godine mješovita,Redoviti,0
2023-03-01,Budućnost,Gradski DV,DONJI GRAD,Jaslice,1 do 3 godine mješovita,Posebni,0
2023-03-01,Budućnost,Gradski DV,DONJI GRAD,Vrtić,3 do 4 godine,Redoviti,0
2023-03-01,Budućnost,Gradski DV,DONJI GRAD,Vrtić,3 do 4 godine,Posebni,0
2023-03-01,Budućnost,Gradski DV,DONJI GRAD,Vrtić,4 do 5 godina,Redoviti,0
2023-03-01,Budućnost,Gradski DV,DONJI GRAD,Vrtić,4 do 5 godina,Posebni,0
2023-03-01,Budućnost,Gradski DV,DONJI GRAD,Vrtić,5 godina do OŠ,Redoviti,0
2023-03-01,Budućnost,Gradski DV,DONJI GRAD,Vrtić,5 godina do OŠ,Posebni,0
2023-03-01,Budućnost,Gradski DV,DONJI GRAD,Vrtić,3 godine do OŠ mješovita,Redoviti,0
2023-03-01,Budućnost,Gradski DV,DONJI GRAD,Vrtić,3 godine do OŠ mješovita,Posebni,0
2023-03-01,Izvor,Gradski DV,DONJI GRAD,Jaslice,1 do 2 godine,Redoviti,0
2023-03-01,Izvor,Gradski DV,DONJI GRAD,Jaslice,1 do 2 godine,Posebni,0
2023-03-01,Izvor,Gradski DV,DONJI GRAD,Jaslice,2 do 3 godine,Redoviti,0
2023-03-01,Izvor,Gradski DV,DONJI GRAD,Jaslice,2 do 3 godine,Posebni,0
2023-03-01,Izvor,Gradski DV,DONJI GRAD,Jaslice,1 do 3 godine mješovita,Redoviti,0
2023-03-01,Izvor,Gradski DV,DONJI GRAD,Jaslice,1 do 3 godine mješovita,Posebni,0
2023-03-01,Izvor,Gradski DV,DONJI GRAD,Vrtić,3 do 4 godine,Redoviti,0
2023-03-01,Izvor,Gradski DV,DONJI GRAD,Vrtić,3 do 4 godine,Posebni,0
2023-03-01,Izvor,Gradski DV,DONJI GRAD,Vrtić,4 do 5 godina,Redoviti,0
2023-03-01,Izvor,Gradski DV,DONJI GRAD,Vrtić,4 do 5 godina,Posebni,0
2023-03-01,Izvor,Gradski DV,DONJI GRAD,Vrtić,5 godina do OŠ,Redoviti,0
2023-03-01,Izvor,Gradski DV,DONJI GRAD,Vrtić,5 godina do OŠ,Posebni,0
2023-03-01,Izvor,Gradski DV,DONJI GRAD,Vrtić,3 godine do OŠ mješovita,Redoviti,0
2023-03-01,Izvor,Gradski DV,DONJI GRAD,Vrtić,3 godine do OŠ mješovita,Posebni,0
2023-03-01,Krijesnice,Gradski DV,DONJI GRAD,Jaslice,1 do 2 godine,Redoviti,0
2023-03-01,Krijesnice,Gradski DV,DONJI GRAD,Jaslice,1 do 2 godine,Posebni,0
2023-03-01,Krijesnice,Gradski DV,DONJI GRAD,Jaslice,2 do 3 godine,Redoviti,0
2023-03-01,Krijesnice,Gradski DV,DONJI GRAD,Jaslice,2 do 3 godine,Posebni,0
2023-03-01,Krijesnice,Gradski DV,DONJI GRAD,Jaslice,1 do 3 godine mješovita,Redoviti,0
2023-03-01,Krijesnice,Gradski DV,DONJI GRAD,Jaslice,1 do 3 godine mješovita,Posebni,0
2023-03-01,Krijesnice,Gradski DV,DONJI GRAD,Vrtić,3 do 4 godine,Redoviti,0
2023-03-01,Krijesnice,Gradski DV,DONJI GRAD,Vrtić,3 do 4 godine,Posebni,0
2023-03-01,Krijesnice,Gradski DV,DONJI GRAD,Vrtić,4 do 5 godina,Redoviti,0
2023-03-01,Krijesnice,Gradski DV,DONJI GRAD,Vrtić,4 do 5 godina,Posebni,0
2023-03-01,Krijesnice,Gradski DV,DONJI GRAD,Vrtić,5 godina do OŠ,Redoviti,0
2023-03-01,Krijesnice,Gradski DV,DONJI GRAD,Vrtić,5 godina do OŠ,Posebni,2
2023-03-01,Krijesnice,Gradski DV,DONJI GRAD,Vrtić,3 godine do OŠ mješovita,Redoviti,0
2023-03-01,Krijesnice,Gradski DV,DONJI GRAD,Vrtić,3 godine do OŠ mješovita,Posebni,0
2023-03-01,Različak,Gradski DV,DONJI GRAD,Jaslice,1 do 2 godine,Redoviti,0
2023-03-01,Različak,Gradski DV,DONJI GRAD,Jaslice,1 do 2 godine,Posebni,0
2023-03-01,Različak,Gradski DV,DONJI GRAD,Jaslice,2 do 3 godine,Redoviti,0
2023-03-01,Različak,Gradski DV,DONJI GRAD,Jaslice,2 do 3 godine,Posebni,0
2023-03-01,Različak,Gradski DV,DONJI GRAD,Jaslice,1 do 3 godine mješovita,Redoviti,0
2023-03-01,Različak,Gradski DV,DONJI GRAD,Jaslice,1 do 3 godine mješovita,Posebni,0
2023-03-01,Različak,Gradski DV,DONJI GRAD,Vrtić,3 do 4 godine,Redoviti,0
2023-03-01,Različak,Gradski DV,DONJI GRAD,Vrtić,3 do 4 godine,Posebni,0
2023-03-01,Različak,Gradski DV,DONJI GRAD,Vrtić,4 do 5 godina,Redoviti,1
2023-03-01,Različak,Gradski DV,DONJI GRAD,Vrtić,4 do 5 godina,Posebni,0
2023-03-01,Različak,Gradski DV,DONJI GRAD,Vrtić,5 godina do OŠ,Redoviti,3
2023-03-01,Različak,Gradski DV,DONJI GRAD,Vrtić,5 godina do OŠ,Posebni,0
2023-03-01,Različak,Gradski DV,DONJI GRAD,Vrtić,3 godine do OŠ mješovita,Redoviti,0
2023-03-01,Različak,Gradski DV,DONJI GRAD,Vrtić,3 godine do OŠ mješovita,Posebni,1
2023-03-01,Vedri dani,Gradski DV,DONJI GRAD,Jaslice,1 do 2 godine,Redoviti,0
2023-03-01,Vedri dani,Gradski DV,DONJI GRAD,Jaslice,1 do 2 godine,Posebni,0
2023-03-01,Vedri dani,Gradski DV,DONJI GRAD,Jaslice,2 do 3 godine,Redoviti,0
2023-03-01,Vedri dani,Gradski DV,DONJI GRAD,Jaslice,2 do 3 godine,Posebni,0
2023-03-01,Vedri dani,Gradski DV,DONJI GRAD,Jaslice,1 do 3 godine mješovita,Redoviti,0
2023-03-01,Vedri dani,Gradski DV,DONJI GRAD,Jaslice,1 do 3 godine mješovita,Posebni,0
2023-03-01,Vedri dani,Gradski DV,DONJI GRAD,Vrtić,3 do 4 godine,Redoviti,0
2023-03-01,Vedri dani,Gradski DV,DONJI GRAD,Vrtić,3 do 4 godine,Posebni,0
2023-03-01,Vedri dani,Gradski DV,DONJI GRAD,Vrtić,4 do 5 godina,Redoviti,0
2023-03-01,Vedri dani,Gradski DV,DONJI GRAD,Vrtić,4 do 5 godina,Posebni,0
2023-03-01,Vedri dani,Gradski DV,DONJI GRAD,Vrtić,5 godina do OŠ,Redoviti,0
2023-03-01,Vedri dani,Gradski DV,DONJI GRAD,Vrtić,5 godina do OŠ,Posebni,0
2023-03-01,Vedri dani,Gradski DV,DONJI GRAD,Vrtić,3 godine do OŠ mješovita,Redoviti,0
2023-03-01,Vedri dani,Gradski DV,DONJI GRAD,Vrtić,3 godine do OŠ mješovita,Posebni,0
2023-03-01,Medveščak,Gradski DV,GORNJI GRAD - MEDVEŠČAK,Jaslice,1 do 2 godine,Redoviti,0
2023-03-01,Medveščak,Gradski DV,GORNJI GRAD - MEDVEŠČAK,Jaslice,1 do 2 godine,Posebni,0
2023-03-01,Medveščak,Gradski DV,GORNJI GRAD - MEDVEŠČAK,Jaslice,2 do 3 godine,Redoviti,0
2023-03-01,Medveščak,Gradski DV,GORNJI GRAD - MEDVEŠČAK,Jaslice,2 do 3 godine,Posebni,0
2023-03-01,Medveščak,Gradski DV,GORNJI GRAD - MEDVEŠČAK,Jaslice,1 do 3 godine mješovita,Redoviti,0
2023-03-01,Medveščak,Gradski DV,GORNJI GRAD - MEDVEŠČAK,Jaslice,1 do 3 godine mješovita,Posebni,0
2023-03-01,Medveščak,Gradski DV,GORNJI GRAD - MEDVEŠČAK,Vrtić,3 do 4 godine,Redoviti,0
2023-03-01,Medveščak,Gradski DV,GORNJI GRAD - MEDVEŠČAK,Vrtić,3 do 4 godine,Posebni,0
2023-03-01,Medveščak,Gradski DV,GORNJI GRAD - MEDVEŠČAK,Vrtić,4 do 5 godina,Redoviti,0
2023-03-01,Medveščak,Gradski DV,GORNJI GRAD - MEDVEŠČAK,Vrtić,4 do 5 godina,Posebni,0
2023-03-01,Medveščak,Gradski DV,GORNJI GRAD - MEDVEŠČAK,Vrtić,5 godina do OŠ,Redoviti,0
2023-03-01,Medveščak,Gradski DV,GORNJI GRAD - MEDVEŠČAK,Vrtić,5 godina do OŠ,Posebni,0
2023-03-01,Medveščak,Gradski DV,GORNJI GRAD - MEDVEŠČAK,Vrtić,3 godine do OŠ mješovita,Redoviti,0
2023-03-01,Medveščak,Gradski DV,GORNJI GRAD - MEDVEŠČAK,Vrtić,3 godine do OŠ mješovita,Posebni,0
2023-03-01,Tatjane Marinić,Gradski DV,GORNJI GRAD - MEDVEŠČAK,Jaslice,1 do 2 godine,Redoviti,0
2023-03-01,Tatjane Marinić,Gradski DV,GORNJI GRAD - MEDVEŠČAK,Jaslice,1 do 2 godine,Posebni,0
2023-03-01,Tatjane Marinić,Gradski DV,GORNJI GRAD - MEDVEŠČAK,Jaslice,2 do 3 godine,Redoviti,0
2023-03-01,Tatjane Marinić,Gradski DV,GORNJI GRAD - MEDVEŠČAK,Jaslice,2 do 3 godine,Posebni,0
2023-03-01,Tatjane Marinić,Gradski DV,GORNJI GRAD - MEDVEŠČAK,Jaslice,1 do 3 godine mješovita,Redoviti,0
2023-03-01,Tatjane Marinić,Gradski DV,GORNJI GRAD - MEDVEŠČAK,Jaslice,1 do 3 godine mješovita,Posebni,0
2023-03-01,Tatjane Marinić,Gradski DV,GORNJI GRAD - MEDVEŠČAK,Vrtić,3 do 4 godine,Redoviti,0
2023-03-01,Tatjane Marinić,Gradski DV,GORNJI GRAD - MEDVEŠČAK,Vrtić,3 do 4 godine,Posebni,0
2023-03-01,Tatjane Marinić,Gradski DV,GORNJI GRAD - MEDVEŠČAK,Vrtić,4 do 5 godina,Redoviti,0
2023-03-01,Tatjane Marinić,Gradski DV,GORNJI GRAD - MEDVEŠČAK,Vrtić,4 do 5 godina,Posebni,0
2023-03-01,Tatjane Marinić,Gradski DV,GORNJI GRAD - MEDVEŠČAK,Vrtić,5 godina do OŠ,Redoviti,0
2023-03-01,Tatjane Marinić,Gradski DV,GORNJI GRAD - MEDVEŠČAK,Vrtić,5 godina do OŠ,Posebni,0
2023-03-01,Tatjane Marinić,Gradski DV,GORNJI GRAD - MEDVEŠČAK,Vrtić,3 godine do OŠ mješovita,Redoviti,0
2023-03-01,Tatjane Marinić,Gradski DV,GORNJI GRAD - MEDVEŠČAK,Vrtić,3 godine do OŠ mješovita,Posebni,0
2023-03-01,Vjeverica,Gradski DV,GORNJI GRAD - MEDVEŠČAK,Jaslice,1 do 2 godine,Redoviti,0
2023-03-01,Vjeverica,Gradski DV,GORNJI GRAD - MEDVEŠČAK,Jaslice,1 do 2 godine,Posebni,0
2023-03-01,Vjeverica,Gradski DV,GORNJI GRAD - MEDVEŠČAK,Jaslice,2 do 3 godine,Redoviti,0
2023-03-01,Vjeverica,Gradski DV,GORNJI GRAD - MEDVEŠČAK,Jaslice,2 do 3 godine,Posebni,0
2023-03-01,Vjeverica,Gradski DV,GORNJI GRAD - MEDVEŠČAK,Jaslice,1 do 3 godine mješovita,Redoviti,0
2023-03-01,Vjeverica,Gradski DV,GORNJI GRAD - MEDVEŠČAK,Jaslice,1 do 3 godine mješovita,Posebni,0
2023-03-01,Vjeverica,Gradski DV,GORNJI GRAD - MEDVEŠČAK,Vrtić,3 do 4 godine,Redoviti,0
2023-03-01,Vjeverica,Gradski DV,GORNJI GRAD - MEDVEŠČAK,Vrtić,3 do 4 godine,Posebni,0
2023-03-01,Vjeverica,Gradski DV,GORNJI GRAD - MEDVEŠČAK,Vrtić,4 do 5 godina,Redoviti,0
2023-03-01,Vjeverica,Gradski DV,GORNJI GRAD - MEDVEŠČAK,Vrtić,4 do 5 godina,Posebni,0
2023-03-01,Vjeverica,Gradski DV,GORNJI GRAD - MEDVEŠČAK,Vrtić,5 godina do OŠ,Redoviti,0
2023-03-01,Vjeverica,Gradski DV,GORNJI GRAD - MEDVEŠČAK,Vrtić,5 godina do OŠ,Posebni,0
2023-03-01,Vjeverica,Gradski DV,GORNJI GRAD - MEDVEŠČAK,Vrtić,3 godine do OŠ mješovita,Redoviti,0
2023-03-01,Vjeverica,Gradski DV,GORNJI GRAD - MEDVEŠČAK,Vrtić,3 godine do OŠ mješovita,Posebni,0
2023-03-01,Iskrica,Gradski DV,TRNJE,Jaslice,1 do 2 godine,Redoviti,0
2023-03-01,Iskrica,Gradski DV,TRNJE,Jaslice,1 do 2 godine,Posebni,0
2023-03-01,Iskrica,Gradski DV,TRNJE,Jaslice,2 do 3 godine,Redoviti,0
2023-03-01,Iskrica,Gradski DV,TRNJE,Jaslice,2 do 3 godine,Posebni,0
2023-03-01,Iskrica,Gradski DV,TRNJE,Jaslice,1 do 3 godine mješovita,Redoviti,0
2023-03-01,Iskrica,Gradski DV,TRNJE,Jaslice,1 do 3 godine mješovita,Posebni,0
2023-03-01,Iskrica,Gradski DV,TRNJE,Vrtić,3 do 4 godine,Redoviti,0
2023-03-01,Iskrica,Gradski DV,TRNJE,Vrtić,3 do 4 godine,Posebni,0
2023-03-01,Iskrica,Gradski DV,TRNJE,Vrtić,4 do 5 godina,Redoviti,0
2023-03-01,Iskrica,Gradski DV,TRNJE,Vrtić,4 do 5 godina,Posebni,0
2023-03-01,Iskrica,Gradski DV,TRNJE,Vrtić,5 godina do OŠ,Redoviti,0
2023-03-01,Iskrica,Gradski DV,TRNJE,Vrtić,5 godina do OŠ,Posebni,0
2023-03-01,Iskrica,Gradski DV,TRNJE,Vrtić,3 godine do OŠ mješovita,Redoviti,0
2023-03-01,Iskrica,Gradski DV,TRNJE,Vrtić,3 godine do OŠ mješovita,Posebni,0
2023-03-01,Savica,Gradski DV,TRNJE,Jaslice,1 do 2 godine,Redoviti,0
2023-03-01,Savica,Gradski DV,TRNJE,Jaslice,1 do 2 godine,Posebni,0
2023-03-01,Savica,Gradski DV,TRNJE,Jaslice,2 do 3 godine,Redoviti,0
2023-03-01,Savica,Gradski DV,TRNJE,Jaslice,2 do 3 godine,Posebni,0
2023-03-01,Savica,Gradski DV,TRNJE,Jaslice,1 do 3 godine mješovita,Redoviti,0
2023-03-01,Savica,Gradski DV,TRNJE,Jaslice,1 do 3 godine mješovita,Posebni,0
2023-03-01,Savica,Gradski DV,TRNJE,Vrtić,3 do 4 godine,Redoviti,0
2023-03-01,Savica,Gradski DV,TRNJE,Vrtić,3 do 4 godine,Posebni,0
2023-03-01,Savica,Gradski DV,TRNJE,Vrtić,4 do 5 godina,Redoviti,0
2023-03-01,Savica,Gradski DV,TRNJE,Vrtić,4 do 5 godina,Posebni,0
2023-03-01,Savica,Gradski DV,TRNJE,Vrtić,5 godina do OŠ,Redoviti,0
2023-03-01,Savica,Gradski DV,TRNJE,Vrtić,5 godina do OŠ,Posebni,0
2023-03-01,Savica,Gradski DV,TRNJE,Vrtić,3 godine do OŠ mješovita,Redoviti,0
2023-03-01,Savica,Gradski DV,TRNJE,Vrtić,3 godine do OŠ mješovita,Posebni,0
2023-03-01,Vladimira Nazora,Gradski DV,TRNJE,Jaslice,1 do 2 godine,Redoviti,0
2023-03-01,Vladimira Nazora,Gradski DV,TRNJE,Jaslice,1 do 2 godine,Posebni,0
2023-03-01,Vladimira Nazora,Gradski DV,TRNJE,Jaslice,2 do 3 godine,Redoviti,0
2023-03-01,Vladimira Nazora,Gradski DV,TRNJE,Jaslice,2 do 3 godine,Posebni,0
2023-03-01,Vladimira Nazora,Gradski DV,TRNJE,Jaslice,1 do 3 godine mješovita,Redoviti,0
2023-03-01,Vladimira Nazora,Gradski DV,TRNJE,Jaslice,1 do 3 godine mješovita,Posebni,0
2023-03-01,Vladimira Nazora,Gradski DV,TRNJE,Vrtić,3 do 4 godine,Redoviti,0
2023-03-01,Vladimira Nazora,Gradski DV,TRNJE,Vrtić,3 do 4 godine,Posebni,0
2023-03-01,Vladimira Nazora,Gradski DV,TRNJE,Vrtić,4 do 5 godina,Redoviti,0
2023-03-01,Vladimira Nazora,Gradski DV,TRNJE,Vrtić,4 do 5 godina,Posebni,0
2023-03-01,Vladimira Nazora,Gradski DV,TRNJE,Vrtić,5 godina do OŠ,Redoviti,0
2023-03-01,Vladimira Nazora,Gradski DV,TRNJE,Vrtić,5 godina do OŠ,Posebni,0
2023-03-01,Vladimira Nazora,Gradski DV,TRNJE,Vrtić,3 godine do OŠ mješovita,Redoviti,0
2023-03-01,Vladimira Nazora,Gradski DV,TRNJE,Vrtić,3 godine do OŠ mješovita,Posebni,0
2023-03-01,Vrbik,Gradski DV,TRNJE,Jaslice,1 do 2 godine,Redoviti,0
2023-03-01,Vrbik,Gradski DV,TRNJE,Jaslice,1 do 2 godine,Posebni,0
2023-03-01,Vrbik,Gradski DV,TRNJE,Jaslice,2 do 3 godine,Redoviti,0
2023-03-01,Vrbik,Gradski DV,TRNJE,Jaslice,2 do 3 godine,Posebni,0
2023-03-01,Vrbik,Gradski DV,TRNJE,Jaslice,1 do 3 godine mješovita,Redoviti,0
2023-03-01,Vrbik,Gradski DV,TRNJE,Jaslice,1 do 3 godine mješovita,Posebni,0
2023-03-01,Vrbik,Gradski DV,TRNJE,Vrtić,3 do 4 godine,Redoviti,0
2023-03-01,Vrbik,Gradski DV,TRNJE,Vrtić,3 do 4 godine,Posebni,0
2023-03-01,Vrbik,Gradski DV,TRNJE,Vrtić,4 do 5 godina,Redoviti,1
2023-03-01,Vrbik,Gradski DV,TRNJE,Vrtić,4 do 5 godina,Posebni,0
2023-03-01,Vrbik,Gradski DV,TRNJE,Vrtić,5 godina do OŠ,Redoviti,2
2023-03-01,Vrbik,Gradski DV,TRNJE,Vrtić,5 godina do OŠ,Posebni,0
2023-03-01,Vrbik,Gradski DV,TRNJE,Vrtić,3 godine do OŠ mješovita,Redoviti,0
2023-03-01,Vrbik,Gradski DV,TRNJE,Vrtić,3 godine do OŠ mješovita,Posebni,5
2023-03-01,Bukovac,Gradski DV,MAKSIMIR,Jaslice,1 do 2 godine,Redoviti,0
2023-03-01,Bukovac,Gradski DV,MAKSIMIR,Jaslice,1 do 2 godine,Posebni,0
2023-03-01,Bukovac,Gradski DV,MAKSIMIR,Jaslice,2 do 3 godine,Redoviti,0
2023-03-01,Bukovac,Gradski DV,MAKSIMIR,Jaslice,2 do 3 godine,Posebni,0
2023-03-01,Bukovac,Gradski DV,MAKSIMIR,Jaslice,1 do 3 godine mješovita,Redoviti,0
2023-03-01,Bukovac,Gradski DV,MAKSIMIR,Jaslice,1 do 3 godine mješovita,Posebni,0
2023-03-01,Bukovac,Gradski DV,MAKSIMIR,Vrtić,3 do 4 godine,Redoviti,0
2023-03-01,Bukovac,Gradski DV,MAKSIMIR,Vrtić,3 do 4 godine,Posebni,0
2023-03-01,Bukovac,Gradski DV,MAKSIMIR,Vrtić,4 do 5 godina,Redoviti,0
2023-03-01,Bukovac,Gradski DV,MAKSIMIR,Vrtić,4 do 5 godina,Posebni,0
2023-03-01,Bukovac,Gradski DV,MAKSIMIR,Vrtić,5 godina do OŠ,Redoviti,0
2023-03-01,Bukovac,Gradski DV,MAKSIMIR,Vrtić,5 godina do OŠ,Posebni,0
2023-03-01,Bukovac,Gradski DV,MAKSIMIR,Vrtić,3 godine do OŠ mješovita,Redoviti,0
2023-03-01,Bukovac,Gradski DV,MAKSIMIR,Vrtić,3 godine do OŠ mješovita,Posebni,0
2023-03-01,Maksimir,Gradski DV,MAKSIMIR,Jaslice,1 do 2 godine,Redoviti,0
2023-03-01,Maksimir,Gradski DV,MAKSIMIR,Jaslice,1 do 2 godine,Posebni,0
2023-03-01,Maksimir,Gradski DV,MAKSIMIR,Jaslice,2 do 3 godine,Redoviti,0
2023-03-01,Maksimir,Gradski DV,MAKSIMIR,Jaslice,2 do 3 godine,Posebni,0
2023-03-01,Maksimir,Gradski DV,MAKSIMIR,Jaslice,1 do 3 godine mješovita,Redoviti,0
2023-03-01,Maksimir,Gradski DV,MAKSIMIR,Jaslice,1 do 3 godine mješovita,Posebni,0
2023-03-01,Maksimir,Gradski DV,MAKSIMIR,Vrtić,3 do 4 godine,Redoviti,0
2023-03-01,Maksimir,Gradski DV,MAKSIMIR,Vrtić,3 do 4 godine,Posebni,0
2023-03-01,Maksimir,Gradski DV,MAKSIMIR,Vrtić,4 do 5 godina,Redoviti,0
2023-03-01,Maksimir,Gradski DV,MAKSIMIR,Vrtić,4 do 5 godina,Posebni,0
2023-03-01,Maksimir,Gradski DV,MAKSIMIR,Vrtić,5 godina do OŠ,Redoviti,0
2023-03-01,Maksimir,Gradski DV,MAKSIMIR,Vrtić,5 godina do OŠ,Posebni,0
2023-03-01,Maksimir,Gradski DV,MAKSIMIR,Vrtić,3 godine do OŠ mješovita,Redoviti,0
2023-03-01,Maksimir,Gradski DV,MAKSIMIR,Vrtić,3 godine do OŠ mješovita,Posebni,0
2023-03-01,Mali Princ,Gradski DV,MAKSIMIR,Jaslice,1 do 2 godine,Redoviti,0
2023-03-01,Mali Princ,Gradski DV,MAKSIMIR,Jaslice,1 do 2 godine,Posebni,0
2023-03-01,Mali Princ,Gradski DV,MAKSIMIR,Jaslice,2 do 3 godine,Redoviti,0
2023-03-01,Mali Princ,Gradski DV,MAKSIMIR,Jaslice,2 do 3 godine,Posebni,0
2023-03-01,Mali Princ,Gradski DV,MAKSIMIR,Jaslice,1 do 3 godine mješovita,Redoviti,0
2023-03-01,Mali Princ,Gradski DV,MAKSIMIR,Jaslice,1 do 3 godine mješovita,Posebni,0
2023-03-01,Mali Princ,Gradski DV,MAKSIMIR,Vrtić,3 do 4 godine,Redoviti,0
2023-03-01,Mali Princ,Gradski DV,MAKSIMIR,Vrtić,3 do 4 godine,Posebni,0
2023-03-01,Mali Princ,Gradski DV,MAKSIMIR,Vrtić,4 do 5 godina,Redoviti,0
2023-03-01,Mali Princ,Gradski DV,MAKSIMIR,Vrtić,4 do 5 godina,Posebni,0
2023-03-01,Mali Princ,Gradski DV,MAKSIMIR,Vrtić,5 godina do OŠ,Redoviti,0
2023-03-01,Mali Princ,Gradski DV,MAKSIMIR,Vrtić,5 godina do OŠ,Posebni,0
2023-03-01,Mali Princ,Gradski DV,MAKSIMIR,Vrtić,3 godine do OŠ mješovita,Redoviti,0
2023-03-01,Mali Princ,Gradski DV,MAKSIMIR,Vrtić,3 godine do OŠ mješovita,Posebni,0
2023-03-01,Trnoružica,Gradski DV,MAKSIMIR,Jaslice,1 do 2 godine,Redoviti,0
2023-03-01,Trnoružica,Gradski DV,MAKSIMIR,Jaslice,1 do 2 godine,Posebni,0
2023-03-01,Trnoružica,Gradski DV,MAKSIMIR,Jaslice,2 do 3 godine,Redoviti,0
2023-03-01,Trnoružica,Gradski DV,MAKSIMIR,Jaslice,2 do 3 godine,Posebni,0
2023-03-01,Trnoružica,Gradski DV,MAKSIMIR,Jaslice,1 do 3 godine mješovita,Redoviti,0
2023-03-01,Trnoružica,Gradski DV,MAKSIMIR,Jaslice,1 do 3 godine mješovita,Posebni,0
2023-03-01,Trnoružica,Gradski DV,MAKSIMIR,Vrtić,3 do 4 godine,Redoviti,0
2023-03-01,Trnoružica,Gradski DV,MAKSIMIR,Vrtić,3 do 4 godine,Posebni,0
2023-03-01,Trnoružica,Gradski DV,MAKSIMIR,Vrtić,4 do 5 godina,Redoviti,0
2023-03-01,Trnoružica,Gradski DV,MAKSIMIR,Vrtić,4 do 5 godina,Posebni,0
2023-03-01,Trnoružica,Gradski DV,MAKSIMIR,Vrtić,5 godina do OŠ,Redoviti,0
2023-03-01,Trnoružica,Gradski DV,MAKSIMIR,Vrtić,5 godina do OŠ,Posebni,0
2023-03-01,Trnoružica,Gradski DV,MAKSIMIR,Vrtić,3 godine do OŠ mješovita,Redoviti,0
2023-03-01,Trnoružica,Gradski DV,MAKSIMIR,Vrtić,3 godine do OŠ mješovita,Posebni,0
2023-03-01,Cvrčak,Gradski DV,PEŠČENICA - ŽITNJAK,Jaslice,1 do 2 godine,Redoviti,0
2023-03-01,Cvrčak,Gradski DV,PEŠČENICA - ŽITNJAK,Jaslice,1 do 2 godine,Posebni,0
2023-03-01,Cvrčak,Gradski DV,PEŠČENICA - ŽITNJAK,Jaslice,2 do 3 godine,Redoviti,0
2023-03-01,Cvrčak,Gradski DV,PEŠČENICA - ŽITNJAK,Jaslice,2 do 3 godine,Posebni,0
2023-03-01,Cvrčak,Gradski DV,PEŠČENICA - ŽITNJAK,Jaslice,1 do 3 godine mješovita,Redoviti,0
2023-03-01,Cvrčak,Gradski DV,PEŠČENICA - ŽITNJAK,Jaslice,1 do 3 godine mješovita,Posebni,0
2023-03-01,Cvrčak,Gradski DV,PEŠČENICA - ŽITNJAK,Vrtić,3 do 4 godine,Redoviti,0
2023-03-01,Cvrčak,Gradski DV,PEŠČENICA - ŽITNJAK,Vrtić,3 do 4 godine,Posebni,0
2023-03-01,Cvrčak,Gradski DV,PEŠČENICA - ŽITNJAK,Vrtić,4 do 5 godina,Redoviti,0
2023-03-01,Cvrčak,Gradski DV,PEŠČENICA - ŽITNJAK,Vrtić,4 do 5 godina,Posebni,0
2023-03-01,Cvrčak,Gradski DV,PEŠČENICA - ŽITNJAK,Vrtić,5 godina do OŠ,Redoviti,0
2023-03-01,Cvrčak,Gradski DV,PEŠČENICA - ŽITNJAK,Vrtić,5 godina do OŠ,Posebni,0
2023-03-01,Cvrčak,Gradski DV,PEŠČENICA - ŽITNJAK,Vrtić,3 godine do OŠ mješovita,Redoviti,0
2023-03-01,Cvrčak,Gradski DV,PEŠČENICA - ŽITNJAK,Vrtić,3 godine do OŠ mješovita,Posebni,0
2023-03-01,Duga,Gradski DV,PEŠČENICA - ŽITNJAK,Jaslice,1 do 2 godine,Redoviti,0
2023-03-01,Duga,Gradski DV,PEŠČENICA - ŽITNJAK,Jaslice,1 do 2 godine,Posebni,0
2023-03-01,Duga,Gradski DV,PEŠČENICA - ŽITNJAK,Jaslice,2 do 3 godine,Redoviti,0
2023-03-01,Duga,Gradski DV,PEŠČENICA - ŽITNJAK,Jaslice,2 do 3 godine,Posebni,0
2023-03-01,Duga,Gradski DV,PEŠČENICA - ŽITNJAK,Jaslice,1 do 3 godine mješovita,Redoviti,0
2023-03-01,Duga,Gradski DV,PEŠČENICA - ŽITNJAK,Jaslice,1 do 3 godine mješovita,Posebni,0
2023-03-01,Duga,Gradski DV,PEŠČENICA - ŽITNJAK,Vrtić,3 do 4 godine,Redoviti,0
2023-03-01,Duga,Gradski DV,PEŠČENICA - ŽITNJAK,Vrtić,3 do 4 godine,Posebni,0
2023-03-01,Duga,Gradski DV,PEŠČENICA - ŽITNJAK,Vrtić,4 do 5 godina,Redoviti,0
2023-03-01,Duga,Gradski DV,PEŠČENICA - ŽITNJAK,Vrtić,4 do 5 godina,Posebni,0
2023-03-01,Duga,Gradski DV,PEŠČENICA - ŽITNJAK,Vrtić,5 godina do OŠ,Redoviti,0
2023-03-01,Duga,Gradski DV,PEŠČENICA - ŽITNJAK,Vrtić,5 godina do OŠ,Posebni,0
2023-03-01,Duga,Gradski DV,PEŠČENICA - ŽITNJAK,Vrtić,3 godine do OŠ mješovita,Redoviti,0
2023-03-01,Duga,Gradski DV,PEŠČENICA - ŽITNJAK,Vrtić,3 godine do OŠ mješovita,Posebni,0
2023-03-01,Milana Sachsa,Gradski DV,PEŠČENICA - ŽITNJAK,Jaslice,1 do 2 godine,Redoviti,0
2023-03-01,Milana Sachsa,Gradski DV,PEŠČENICA - ŽITNJAK,Jaslice,1 do 2 godine,Posebni,0
2023-03-01,Milana Sachsa,Gradski DV,PEŠČENICA - ŽITNJAK,Jaslice,2 do 3 godine,Redoviti,0
2023-03-01,Milana Sachsa,Gradski DV,PEŠČENICA - ŽITNJAK,Jaslice,2 do 3 godine,Posebni,0
2023-03-01,Milana Sachsa,Gradski DV,PEŠČENICA - ŽITNJAK,Jaslice,1 do 3 godine mješovita,Redoviti,0
2023-03-01,Milana Sachsa,Gradski DV,PEŠČENICA - ŽITNJAK,Jaslice,1 do 3 godine mješovita,Posebni,0
2023-03-01,Milana Sachsa,Gradski DV,PEŠČENICA - ŽITNJAK,Vrtić,3 do 4 godine,Redoviti,0
2023-03-01,Milana Sachsa,Gradski DV,PEŠČENICA - ŽITNJAK,Vrtić,3 do 4 godine,Posebni,0
2023-03-01,Milana Sachsa,Gradski DV,PEŠČENICA - ŽITNJAK,Vrtić,4 do 5 godina,Redoviti,0
2023-03-01,Milana Sachsa,Gradski DV,PEŠČENICA - ŽITNJAK,Vrtić,4 do 5 godina,Posebni,0
2023-03-01,Milana Sachsa,Gradski DV,PEŠČENICA - ŽITNJAK,Vrtić,5 godina do OŠ,Redoviti,0
2023-03-01,Milana Sachsa,Gradski DV,PEŠČENICA - ŽITNJAK,Vrtić,5 godina do OŠ,Posebni,0
2023-03-01,Milana Sachsa,Gradski DV,PEŠČENICA - ŽITNJAK,Vrtić,3 godine do OŠ mješovita,Redoviti,0
2023-03-01,Milana Sachsa,Gradski DV,PEŠČENICA - ŽITNJAK,Vrtić,3 godine do OŠ mješovita,Posebni,0
2023-03-01,Zrno,Gradski DV,PEŠČENICA - ŽITNJAK,Jaslice,1 do 2 godine,Redoviti,0
2023-03-01,Zrno,Gradski DV,PEŠČENICA - ŽITNJAK,Jaslice,1 do 2 godine,Posebni,0
2023-03-01,Zrno,Gradski DV,PEŠČENICA - ŽITNJAK,Jaslice,2 do 3 godine,Redoviti,0
2023-03-01,Zrno,Gradski DV,PEŠČENICA - ŽITNJAK,Jaslice,2 do 3 godine,Posebni,0
2023-03-01,Zrno,Gradski DV,PEŠČENICA - ŽITNJAK,Jaslice,1 do 3 godine mješovita,Redoviti,0
2023-03-01,Zrno,Gradski DV,PEŠČENICA - ŽITNJAK,Jaslice,1 do 3 godine mješovita,Posebni,0
2023-03-01,Zrno,Gradski DV,PEŠČENICA - ŽITNJAK,Vrtić,3 do 4 godine,Redoviti,0
2023-03-01,Zrno,Gradski DV,PEŠČENICA - ŽITNJAK,Vrtić,3 do 4 godine,Posebni,0
2023-03-01,Zrno,Gradski DV,PEŠČENICA - ŽITNJAK,Vrtić,4 do 5 godina,Redoviti,0
2023-03-01,Zrno,Gradski DV,PEŠČENICA - ŽITNJAK,Vrtić,4 do 5 godina,Posebni,0
2023-03-01,Zrno,Gradski DV,PEŠČENICA - ŽITNJAK,Vrtić,5 godina do OŠ,Redoviti,0
2023-03-01,Zrno,Gradski DV,PEŠČENICA - ŽITNJAK,Vrtić,5 godina do OŠ,Posebni,0
2023-03-01,Zrno,Gradski DV,PEŠČENICA - ŽITNJAK,Vrtić,3 godine do OŠ mješovita,Redoviti,0
2023-03-01,Zrno,Gradski DV,PEŠČENICA - ŽITNJAK,Vrtić,3 godine do OŠ mješovita,Posebni,0
2023-03-01,Sopot,Gradski DV,NOVI ZAGREB - ISTOK,Jaslice,1 do 2 godine,Redoviti,0
2023-03-01,Sopot,Gradski DV,NOVI ZAGREB - ISTOK,Jaslice,1 do 2 godine,Posebni,0
2023-03-01,Sopot,Gradski DV,NOVI ZAGREB - ISTOK,Jaslice,2 do 3 godine,Redoviti,0
2023-03-01,Sopot,Gradski DV,NOVI ZAGREB - ISTOK,Jaslice,2 do 3 godine,Posebni,0
2023-03-01,Sopot,Gradski DV,NOVI ZAGREB - ISTOK,Jaslice,1 do 3 godine mješovita,Redoviti,0
2023-03-01,Sopot,Gradski DV,NOVI ZAGREB - ISTOK,Jaslice,1 do 3 godine mješovita,Posebni,0
2023-03-01,Sopot,Gradski DV,NOVI ZAGREB - ISTOK,Vrtić,3 do 4 godine,Redoviti,0
2023-03-01,Sopot,Gradski DV,NOVI ZAGREB - ISTOK,Vrtić,3 do 4 godine,Posebni,0
2023-03-01,Sopot,Gradski DV,NOVI ZAGREB - ISTOK,Vrtić,4 do 5 godina,Redoviti,0
2023-03-01,Sopot,Gradski DV,NOVI ZAGREB - ISTOK,Vrtić,4 do 5 godina,Posebni,0
2023-03-01,Sopot,Gradski DV,NOVI ZAGREB - ISTOK,Vrtić,5 godina do OŠ,Redoviti,0
2023-03-01,Sopot,Gradski DV,NOVI ZAGREB - ISTOK,Vrtić,5 godina do OŠ,Posebni,0
2023-03-01,Sopot,Gradski DV,NOVI ZAGREB - ISTOK,Vrtić,3 godine do OŠ mješovita,Redoviti,0
2023-03-01,Sopot,Gradski DV,NOVI ZAGREB - ISTOK,Vrtić,3 godine do OŠ mješovita,Posebni,0
2023-03-01,Tratinčica,Gradski DV,NOVI ZAGREB - ISTOK,Jaslice,1 do 2 godine,Redoviti,0
2023-03-01,Tratinčica,Gradski DV,NOVI ZAGREB - ISTOK,Jaslice,1 do 2 godine,Posebni,0
2023-03-01,Tratinčica,Gradski DV,NOVI ZAGREB - ISTOK,Jaslice,2 do 3 godine,Redoviti,0
2023-03-01,Tratinčica,Gradski DV,NOVI ZAGREB - ISTOK,Jaslice,2 do 3 godine,Posebni,0
2023-03-01,Tratinčica,Gradski DV,NOVI ZAGREB - ISTOK,Jaslice,1 do 3 godine mješovita,Redoviti,0
2023-03-01,Tratinčica,Gradski DV,NOVI ZAGREB - ISTOK,Jaslice,1 do 3 godine mješovita,Posebni,0
2023-03-01,Tratinčica,Gradski DV,NOVI ZAGREB - ISTOK,Vrtić,3 do 4 godine,Redoviti,0
2023-03-01,Tratinčica,Gradski DV,NOVI ZAGREB - ISTOK,Vrtić,3 do 4 godine,Posebni,0
2023-03-01,Tratinčica,Gradski DV,NOVI ZAGREB - ISTOK,Vrtić,4 do 5 godina,Redoviti,0
2023-03-01,Tratinčica,Gradski DV,NOVI ZAGREB - ISTOK,Vrtić,4 do 5 godina,Posebni,0
2023-03-01,Tratinčica,Gradski DV,NOVI ZAGREB - ISTOK,Vrtić,5 godina do OŠ,Redoviti,0
2023-03-01,Tratinčica,Gradski DV,NOVI ZAGREB - ISTOK,Vrtić,5 godina do OŠ,Posebni,0
2023-03-01,Tratinčica,Gradski DV,NOVI ZAGREB - ISTOK,Vrtić,3 godine do OŠ mješovita,Redoviti,0
2023-03-01,Tratinčica,Gradski DV,NOVI ZAGREB - ISTOK,Vrtić,3 godine do OŠ mješovita,Posebni,0
2023-03-01,Travno,Gradski DV,NOVI ZAGREB - ISTOK,Jaslice,1 do 2 godine,Redoviti,0
2023-03-01,Travno,Gradski DV,NOVI ZAGREB - ISTOK,Jaslice,1 do 2 godine,Posebni,0
2023-03-01,Travno,Gradski DV,NOVI ZAGREB - ISTOK,Jaslice,2 do 3 godine,Redoviti,0
2023-03-01,Travno,Gradski DV,NOVI ZAGREB - ISTOK,Jaslice,2 do 3 godine,Posebni,0
2023-03-01,Travno,Gradski DV,NOVI ZAGREB - ISTOK,Jaslice,1 do 3 godine mješovita,Redoviti,0
2023-03-01,Travno,Gradski DV,NOVI ZAGREB - ISTOK,Jaslice,1 do 3 godine mješovita,Posebni,0
2023-03-01,Travno,Gradski DV,NOVI ZAGREB - ISTOK,Vrtić,3 do 4 godine,Redoviti,0
2023-03-01,Travno,Gradski DV,NOVI ZAGREB - ISTOK,Vrtić,3 do 4 godine,Posebni,0
2023-03-01,Travno,Gradski DV,NOVI ZAGREB - ISTOK,Vrtić,4 do 5 godina,Redoviti,0
2023-03-01,Travno,Gradski DV,NOVI ZAGREB - ISTOK,Vrtić,4 do 5 godina,Posebni,0
2023-03-01,Travno,Gradski DV,NOVI ZAGREB - ISTOK,Vrtić,5 godina do OŠ,Redoviti,0
2023-03-01,Travno,Gradski DV,NOVI ZAGREB - ISTOK,Vrtić,5 godina do OŠ,Posebni,0
2023-03-01,Travno,Gradski DV,NOVI ZAGREB - ISTOK,Vrtić,3 godine do OŠ mješovita,Redoviti,0
2023-03-01,Travno,Gradski DV,NOVI ZAGREB - ISTOK,Vrtić,3 godine do OŠ mješovita,Posebni,0
2023-03-01,Utrina,Gradski DV,NOVI ZAGREB - ISTOK,Jaslice,1 do 2 godine,Redoviti,0
2023-03-01,Utrina,Gradski DV,NOVI ZAGREB - ISTOK,Jaslice,1 do 2 godine,Posebni,0
2023-03-01,Utrina,Gradski DV,NOVI ZAGREB - ISTOK,Jaslice,2 do 3 godine,Redoviti,0
2023-03-01,Utrina,Gradski DV,NOVI ZAGREB - ISTOK,Jaslice,2 do 3 godine,Posebni,0
2023-03-01,Utrina,Gradski DV,NOVI ZAGREB - ISTOK,Jaslice,1 do 3 godine mješovita,Redoviti,0
2023-03-01,Utrina,Gradski DV,NOVI ZAGREB - ISTOK,Jaslice,1 do 3 godine mješovita,Posebni,0
2023-03-01,Utrina,Gradski DV,NOVI ZAGREB - ISTOK,Vrtić,3 do 4 godine,Redoviti,0
2023-03-01,Utrina,Gradski DV,NOVI ZAGREB - ISTOK,Vrtić,3 do 4 godine,Posebni,0
2023-03-01,Utrina,Gradski DV,NOVI ZAGREB - ISTOK,Vrtić,4 do 5 godina,Redoviti,0
2023-03-01,Utrina,Gradski DV,NOVI ZAGREB - ISTOK,Vrtić,4 do 5 godina,Posebni,0
2023-03-01,Utrina,Gradski DV,NOVI ZAGREB - ISTOK,Vrtić,5 godina do OŠ,Redoviti,0
2023-03-01,Utrina,Gradski DV,NOVI ZAGREB - ISTOK,Vrtić,5 godina do OŠ,Posebni,0
2023-03-01,Utrina,Gradski DV,NOVI ZAGREB - ISTOK,Vrtić,3 godine do OŠ mješovita,Redoviti,0
2023-03-01,Utrina,Gradski DV,NOVI ZAGREB - ISTOK,Vrtić,3 godine do OŠ mješovita,Posebni,0
2023-03-01,Zapruđe,Gradski DV,NOVI ZAGREB - ISTOK,Jaslice,1 do 2 godine,Redoviti,0
2023-03-01,Zapruđe,Gradski DV,NOVI ZAGREB - ISTOK,Jaslice,1 do 2 godine,Posebni,0
2023-03-01,Zapruđe,Gradski DV,NOVI ZAGREB - ISTOK,Jaslice,2 do 3 godine,Redoviti,0
2023-03-01,Zapruđe,Gradski DV,NOVI ZAGREB - ISTOK,Jaslice,2 do 3 godine,Posebni,0
2023-03-01,Zapruđe,Gradski DV,NOVI ZAGREB - ISTOK,Jaslice,1 do 3 godine mješovita,Redoviti,0
2023-03-01,Zapruđe,Gradski DV,NOVI ZAGREB - ISTOK,Jaslice,1 do 3 godine mješovita,Posebni,0
2023-03-01,Zapruđe,Gradski DV,NOVI ZAGREB - ISTOK,Vrtić,3 do 4 godine,Redoviti,0
2023-03-01,Zapruđe,Gradski DV,NOVI ZAGREB - ISTOK,Vrtić,3 do 4 godine,Posebni,0
2023-03-01,Zapruđe,Gradski DV,NOVI ZAGREB - ISTOK,Vrtić,4 do 5 godina,Redoviti,0
2023-03-01,Zapruđe,Gradski DV,NOVI ZAGREB - ISTOK,Vrtić,4 do 5 godina,Posebni,0
2023-03-01,Zapruđe,Gradski DV,NOVI ZAGREB - ISTOK,Vrtić,5 godina do OŠ,Redoviti,0
2023-03-01,Zapruđe,Gradski DV,NOVI ZAGREB - ISTOK,Vrtić,5 godina do OŠ,Posebni,0
2023-03-01,Zapruđe,Gradski DV,NOVI ZAGREB - ISTOK,Vrtić,3 godine do OŠ mješovita,Redoviti,0
2023-03-01,Zapruđe,Gradski DV,NOVI ZAGREB - ISTOK,Vrtić,3 godine do OŠ mješovita,Posebni,0
2023-03-01,Botinec,Gradski DV,NOVI ZAGREB - ZAPAD,Jaslice,1 do 2 godine,Redoviti,0
2023-03-01,Botinec,Gradski DV,NOVI ZAGREB - ZAPAD,Jaslice,1 do 2 godine,Posebni,0
2023-03-01,Botinec,Gradski DV,NOVI ZAGREB - ZAPAD,Jaslice,2 do 3 godine,Redoviti,0
2023-03-01,Botinec,Gradski DV,NOVI ZAGREB - ZAPAD,Jaslice,2 do 3 godine,Posebni,0
2023-03-01,Botinec,Gradski DV,NOVI ZAGREB - ZAPAD,Jaslice,1 do 3 godine mješovita,Redoviti,0
2023-03-01,Botinec,Gradski DV,NOVI ZAGREB - ZAPAD,Jaslice,1 do 3 godine mješovita,Posebni,0
2023-03-01,Botinec,Gradski DV,NOVI ZAGREB - ZAPAD,Vrtić,3 do 4 godine,Redoviti,0
2023-03-01,Botinec,Gradski DV,NOVI ZAGREB - ZAPAD,Vrtić,3 do 4 godine,Posebni,0
2023-03-01,Botinec,Gradski DV,NOVI ZAGREB - ZAPAD,Vrtić,4 do 5 godina,Redoviti,0
2023-03-01,Botinec,Gradski DV,NOVI ZAGREB - ZAPAD,Vrtić,4 do 5 godina,Posebni,0
2023-03-01,Botinec,Gradski DV,NOVI ZAGREB - ZAPAD,Vrtić,5 godina do OŠ,Redoviti,0
2023-03-01,Botinec,Gradski DV,NOVI ZAGREB - ZAPAD,Vrtić,5 godina do OŠ,Posebni,0
2023-03-01,Botinec,Gradski DV,NOVI ZAGREB - ZAPAD,Vrtić,3 godine do OŠ mješovita,Redoviti,0
2023-03-01,Botinec,Gradski DV,NOVI ZAGREB - ZAPAD,Vrtić,3 godine do OŠ mješovita,Posebni,0
2023-03-01,Hrvatski Leskovac,Gradski DV,NOVI ZAGREB - ZAPAD,Jaslice,1 do 2 godine,Redoviti,0
2023-03-01,Hrvatski Leskovac,Gradski DV,NOVI ZAGREB - ZAPAD,Jaslice,1 do 2 godine,Posebni,0
2023-03-01,Hrvatski Leskovac,Gradski DV,NOVI ZAGREB - ZAPAD,Jaslice,2 do 3 godine,Redoviti,0
2023-03-01,Hrvatski Leskovac,Gradski DV,NOVI ZAGREB - ZAPAD,Jaslice,2 do 3 godine,Posebni,0
2023-03-01,Hrvatski Leskovac,Gradski DV,NOVI ZAGREB - ZAPAD,Jaslice,1 do 3 godine mješovita,Redoviti,0
2023-03-01,Hrvatski Leskovac,Gradski DV,NOVI ZAGREB - ZAPAD,Jaslice,1 do 3 godine mješovita,Posebni,0
2023-03-01,Hrvatski Leskovac,Gradski DV,NOVI ZAGREB - ZAPAD,Vrtić,3 do 4 godine,Redoviti,0
2023-03-01,Hrvatski Leskovac,Gradski DV,NOVI ZAGREB - ZAPAD,Vrtić,3 do 4 godine,Posebni,0
2023-03-01,Hrvatski Leskovac,Gradski DV,NOVI ZAGREB - ZAPAD,Vrtić,4 do 5 godina,Redoviti,0
2023-03-01,Hrvatski Leskovac,Gradski DV,NOVI ZAGREB - ZAPAD,Vrtić,4 do 5 godina,Posebni,0
2023-03-01,Hrvatski Leskovac,Gradski DV,NOVI ZAGREB - ZAPAD,Vrtić,5 godina do OŠ,Redoviti,0
2023-03-01,Hrvatski Leskovac,Gradski DV,NOVI ZAGREB - ZAPAD,Vrtić,5 godina do OŠ,Posebni,0
2023-03-01,Hrvatski Leskovac,Gradski DV,NOVI ZAGREB - ZAPAD,Vrtić,3 godine do OŠ mješovita,Redoviti,0
2023-03-01,Hrvatski Leskovac,Gradski DV,NOVI ZAGREB - ZAPAD,Vrtić,3 godine do OŠ mješovita,Posebni,0
2023-03-01,Remetinec,Gradski DV,NOVI ZAGREB - ZAPAD,Jaslice,1 do 2 godine,Redoviti,0
2023-03-01,Remetinec,Gradski DV,NOVI ZAGREB - ZAPAD,Jaslice,1 do 2 godine,Posebni,0
2023-03-01,Remetinec,Gradski DV,NOVI ZAGREB - ZAPAD,Jaslice,2 do 3 godine,Redoviti,0
2023-03-01,Remetinec,Gradski DV,NOVI ZAGREB - ZAPAD,Jaslice,2 do 3 godine,Posebni,0
2023-03-01,Remetinec,Gradski DV,NOVI ZAGREB - ZAPAD,Jaslice,1 do 3 godine mješovita,Redoviti,0
2023-03-01,Remetinec,Gradski DV,NOVI ZAGREB - ZAPAD,Jaslice,1 do 3 godine mješovita,Posebni,0
2023-03-01,Remetinec,Gradski DV,NOVI ZAGREB - ZAPAD,Vrtić,3 do 4 godine,Redoviti,0
2023-03-01,Remetinec,Gradski DV,NOVI ZAGREB - ZAPAD,Vrtić,3 do 4 godine,Posebni,0
2023-03-01,Remetinec,Gradski DV,NOVI ZAGREB - ZAPAD,Vrtić,4 do 5 godina,Redoviti,0
2023-03-01,Remetinec,Gradski DV,NOVI ZAGREB - ZAPAD,Vrtić,4 do 5 godina,Posebni,0
2023-03-01,Remetinec,Gradski DV,NOVI ZAGREB - ZAPAD,Vrtić,5 godina do OŠ,Redoviti,0
2023-03-01,Remetinec,Gradski DV,NOVI ZAGREB - ZAPAD,Vrtić,5 godina do OŠ,Posebni,0
2023-03-01,Remetinec,Gradski DV,NOVI ZAGREB - ZAPAD,Vrtić,3 godine do OŠ mješovita,Redoviti,0
2023-03-01,Remetinec,Gradski DV,NOVI ZAGREB - ZAPAD,Vrtić,3 godine do OŠ mješovita,Posebni,0
2023-03-01,Siget,Gradski DV,NOVI ZAGREB - ZAPAD,Jaslice,1 do 2 godine,Redoviti,0
2023-03-01,Siget,Gradski DV,NOVI ZAGREB - ZAPAD,Jaslice,1 do 2 godine,Posebni,0
2023-03-01,Siget,Gradski DV,NOVI ZAGREB - ZAPAD,Jaslice,2 do 3 godine,Redoviti,0
2023-03-01,Siget,Gradski DV,NOVI ZAGREB - ZAPAD,Jaslice,2 do 3 godine,Posebni,0
2023-03-01,Siget,Gradski DV,NOVI ZAGREB - ZAPAD,Jaslice,1 do 3 godine mješovita,Redoviti,0
2023-03-01,Siget,Gradski DV,NOVI ZAGREB - ZAPAD,Jaslice,1 do 3 godine mješovita,Posebni,0
2023-03-01,Siget,Gradski DV,NOVI ZAGREB - ZAPAD,Vrtić,3 do 4 godine,Redoviti,0
2023-03-01,Siget,Gradski DV,NOVI ZAGREB - ZAPAD,Vrtić,3 do 4 godine,Posebni,0
2023-03-01,Siget,Gradski DV,NOVI ZAGREB - ZAPAD,Vrtić,4 do 5 godina,Redoviti,0
2023-03-01,Siget,Gradski DV,NOVI ZAGREB - ZAPAD,Vrtić,4 do 5 godina,Posebni,0
2023-03-01,Siget,Gradski DV,NOVI ZAGREB - ZAPAD,Vrtić,5 godina do OŠ,Redoviti,0
2023-03-01,Siget,Gradski DV,NOVI ZAGREB - ZAPAD,Vrtić,5 godina do OŠ,Posebni,0
2023-03-01,Siget,Gradski DV,NOVI ZAGREB - ZAPAD,Vrtić,3 godine do OŠ mješovita,Redoviti,0
2023-03-01,Siget,Gradski DV,NOVI ZAGREB - ZAPAD,Vrtić,3 godine do OŠ mješovita,Posebni,0
2023-03-01,Trnsko,Gradski DV,NOVI ZAGREB - ZAPAD,Jaslice,1 do 2 godine,Redoviti,0
2023-03-01,Trnsko,Gradski DV,NOVI ZAGREB - ZAPAD,Jaslice,1 do 2 godine,Posebni,0
2023-03-01,Trnsko,Gradski DV,NOVI ZAGREB - ZAPAD,Jaslice,2 do 3 godine,Redoviti,0
2023-03-01,Trnsko,Gradski DV,NOVI ZAGREB - ZAPAD,Jaslice,2 do 3 godine,Posebni,0
2023-03-01,Trnsko,Gradski DV,NOVI ZAGREB - ZAPAD,Jaslice,1 do 3 godine mješovita,Redoviti,0
2023-03-01,Trnsko,Gradski DV,NOVI ZAGREB - ZAPAD,Jaslice,1 do 3 godine mješovita,Posebni,0
2023-03-01,Trnsko,Gradski DV,NOVI ZAGREB - ZAPAD,Vrtić,3 do 4 godine,Redoviti,0
2023-03-01,Trnsko,Gradski DV,NOVI ZAGREB - ZAPAD,Vrtić,3 do 4 godine,Posebni,0
2023-03-01,Trnsko,Gradski DV,NOVI ZAGREB - ZAPAD,Vrtić,4 do 5 godina,Redoviti,0
2023-03-01,Trnsko,Gradski DV,NOVI ZAGREB - ZAPAD,Vrtić,4 do 5 godina,Posebni,0
2023-03-01,Trnsko,Gradski DV,NOVI ZAGREB - ZAPAD,Vrtić,5 godina do OŠ,Redoviti,0
2023-03-01,Trnsko,Gradski DV,NOVI ZAGREB - ZAPAD,Vrtić,5 godina do OŠ,Posebni,0
2023-03-01,Trnsko,Gradski DV,NOVI ZAGREB - ZAPAD,Vrtić,3 godine do OŠ mješovita,Redoviti,0
2023-03-01,Trnsko,Gradski DV,NOVI ZAGREB - ZAPAD,Vrtić,3 godine do OŠ mješovita,Posebni,0
2023-03-01,Bajka,Gradski DV,TREŠNJEVKA SJEVER,Jaslice,1 do 2 godine,Redoviti,0
2023-03-01,Bajka,Gradski DV,TREŠNJEVKA SJEVER,Jaslice,1 do 2 godine,Posebni,0
2023-03-01,Bajka,Gradski DV,TREŠNJEVKA SJEVER,Jaslice,2 do 3 godine,Redoviti,0
2023-03-01,Bajka,Gradski DV,TREŠNJEVKA SJEVER,Jaslice,2 do 3 godine,Posebni,0
2023-03-01,Bajka,Gradski DV,TREŠNJEVKA SJEVER,Jaslice,1 do 3 godine mješovita,Redoviti,0
2023-03-01,Bajka,Gradski DV,TREŠNJEVKA SJEVER,Jaslice,1 do 3 godine mješovita,Posebni,0
2023-03-01,Bajka,Gradski DV,TREŠNJEVKA SJEVER,Vrtić,3 do 4 godine,Redoviti,0
2023-03-01,Bajka,Gradski DV,TREŠNJEVKA SJEVER,Vrtić,3 do 4 godine,Posebni,0
2023-03-01,Bajka,Gradski DV,TREŠNJEVKA SJEVER,Vrtić,4 do 5 godina,Redoviti,0
2023-03-01,Bajka,Gradski DV,TREŠNJEVKA SJEVER,Vrtić,4 do 5 godina,Posebni,0
2023-03-01,Bajka,Gradski DV,TREŠNJEVKA SJEVER,Vrtić,5 godina do OŠ,Redoviti,0
2023-03-01,Bajka,Gradski DV,TREŠNJEVKA SJEVER,Vrtić,5 godina do OŠ,Posebni,0
2023-03-01,Bajka,Gradski DV,TREŠNJEVKA SJEVER,Vrtić,3 godine do OŠ mješovita,Redoviti,0
2023-03-01,Bajka,Gradski DV,TREŠNJEVKA SJEVER,Vrtić,3 godine do OŠ mješovita,Posebni,0
2023-03-01,Grigora Viteza,Gradski DV,TREŠNJEVKA SJEVER,Jaslice,1 do 2 godine,Redoviti,0
2023-03-01,Grigora Viteza,Gradski DV,TREŠNJEVKA SJEVER,Jaslice,1 do 2 godine,Posebni,0
2023-03-01,Grigora Viteza,Gradski DV,TREŠNJEVKA SJEVER,Jaslice,2 do 3 godine,Redoviti,0
2023-03-01,Grigora Viteza,Gradski DV,TREŠNJEVKA SJEVER,Jaslice,2 do 3 godine,Posebni,0
2023-03-01,Grigora Viteza,Gradski DV,TREŠNJEVKA SJEVER,Jaslice,1 do 3 godine mješovita,Redoviti,0
2023-03-01,Grigora Viteza,Gradski DV,TREŠNJEVKA SJEVER,Jaslice,1 do 3 godine mješovita,Posebni,0
2023-03-01,Grigora Viteza,Gradski DV,TREŠNJEVKA SJEVER,Vrtić,3 do 4 godine,Redoviti,0
2023-03-01,Grigora Viteza,Gradski DV,TREŠNJEVKA SJEVER,Vrtić,3 do 4 godine,Posebni,0
2023-03-01,Grigora Viteza,Gradski DV,TREŠNJEVKA SJEVER,Vrtić,4 do 5 godina,Redoviti,0
2023-03-01,Grigora Viteza,Gradski DV,TREŠNJEVKA SJEVER,Vrtić,4 do 5 godina,Posebni,0
2023-03-01,Grigora Viteza,Gradski DV,TREŠNJEVKA SJEVER,Vrtić,5 godina do OŠ,Redoviti,0
2023-03-01,Grigora Viteza,Gradski DV,TREŠNJEVKA SJEVER,Vrtić,5 godina do OŠ,Posebni,0
2023-03-01,Grigora Viteza,Gradski DV,TREŠNJEVKA SJEVER,Vrtić,3 godine do OŠ mješovita,Redoviti,0
2023-03-01,Grigora Viteza,Gradski DV,TREŠNJEVKA SJEVER,Vrtić,3 godine do OŠ mješovita,Posebni,0
2023-03-01,Potočnica,Gradski DV,TREŠNJEVKA SJEVER,Jaslice,1 do 2 godine,Redoviti,0
2023-03-01,Potočnica,Gradski DV,TREŠNJEVKA SJEVER,Jaslice,1 do 2 godine,Posebni,0
2023-03-01,Potočnica,Gradski DV,TREŠNJEVKA SJEVER,Jaslice,2 do 3 godine,Redoviti,0
2023-03-01,Potočnica,Gradski DV,TREŠNJEVKA SJEVER,Jaslice,2 do 3 godine,Posebni,0
2023-03-01,Potočnica,Gradski DV,TREŠNJEVKA SJEVER,Jaslice,1 do 3 godine mješovita,Redoviti,0
2023-03-01,Potočnica,Gradski DV,TREŠNJEVKA SJEVER,Jaslice,1 do 3 godine mješovita,Posebni,0
2023-03-01,Potočnica,Gradski DV,TREŠNJEVKA SJEVER,Vrtić,3 do 4 godine,Redoviti,0
2023-03-01,Potočnica,Gradski DV,TREŠNJEVKA SJEVER,Vrtić,3 do 4 godine,Posebni,0
2023-03-01,Potočnica,Gradski DV,TREŠNJEVKA SJEVER,Vrtić,4 do 5 godina,Redoviti,0
2023-03-01,Potočnica,Gradski DV,TREŠNJEVKA SJEVER,Vrtić,4 do 5 godina,Posebni,0
2023-03-01,Potočnica,Gradski DV,TREŠNJEVKA SJEVER,Vrtić,5 godina do OŠ,Redoviti,0
2023-03-01,Potočnica,Gradski DV,TREŠNJEVKA SJEVER,Vrtić,5 godina do OŠ,Posebni,0
2023-03-01,Potočnica,Gradski DV,TREŠNJEVKA SJEVER,Vrtić,3 godine do OŠ mješovita,Redoviti,0
2023-03-01,Potočnica,Gradski DV,TREŠNJEVKA SJEVER,Vrtić,3 godine do OŠ mješovita,Posebni,4
2023-03-01,Trešnjevka,Gradski DV,TREŠNJEVKA SJEVER,Jaslice,1 do 2 godine,Redoviti,0
2023-03-01,Trešnjevka,Gradski DV,TREŠNJEVKA SJEVER,Jaslice,1 do 2 godine,Posebni,0
2023-03-01,Trešnjevka,Gradski DV,TREŠNJEVKA SJEVER,Jaslice,2 do 3 godine,Redoviti,0
2023-03-01,Trešnjevka,Gradski DV,TREŠNJEVKA SJEVER,Jaslice,2 do 3 godine,Posebni,0
2023-03-01,Trešnjevka,Gradski DV,TREŠNJEVKA SJEVER,Jaslice,1 do 3 godine mješovita,Redoviti,0
2023-03-01,Trešnjevka,Gradski DV,TREŠNJEVKA SJEVER,Jaslice,1 do 3 godine mješovita,Posebni,0
2023-03-01,Trešnjevka,Gradski DV,TREŠNJEVKA SJEVER,Vrtić,3 do 4 godine,Redoviti,0
2023-03-01,Trešnjevka,Gradski DV,TREŠNJEVKA SJEVER,Vrtić,3 do 4 godine,Posebni,0
2023-03-01,Trešnjevka,Gradski DV,TREŠNJEVKA SJEVER,Vrtić,4 do 5 godina,Redoviti,0
2023-03-01,Trešnjevka,Gradski DV,TREŠNJEVKA SJEVER,Vrtić,4 do 5 godina,Posebni,0
2023-03-01,Trešnjevka,Gradski DV,TREŠNJEVKA SJEVER,Vrtić,5 godina do OŠ,Redoviti,0
2023-03-01,Trešnjevka,Gradski DV,TREŠNJEVKA SJEVER,Vrtić,5 godina do OŠ,Posebni,0
2023-03-01,Trešnjevka,Gradski DV,TREŠNJEVKA SJEVER,Vrtić,3 godine do OŠ mješovita,Redoviti,0
2023-03-01,Trešnjevka,Gradski DV,TREŠNJEVKA SJEVER,Vrtić,3 godine do OŠ mješovita,Posebni,0
2023-03-01,Zvončić,Gradski DV,TREŠNJEVKA SJEVER,Jaslice,1 do 2 godine,Redoviti,0
2023-03-01,Zvončić,Gradski DV,TREŠNJEVKA SJEVER,Jaslice,1 do 2 godine,Posebni,0
2023-03-01,Zvončić,Gradski DV,TREŠNJEVKA SJEVER,Jaslice,2 do 3 godine,Redoviti,0
2023-03-01,Zvončić,Gradski DV,TREŠNJEVKA SJEVER,Jaslice,2 do 3 godine,Posebni,0
2023-03-01,Zvončić,Gradski DV,TREŠNJEVKA SJEVER,Jaslice,1 do 3 godine mješovita,Redoviti,0
2023-03-01,Zvončić,Gradski DV,TREŠNJEVKA SJEVER,Jaslice,1 do 3 godine mješovita,Posebni,0
2023-03-01,Zvončić,Gradski DV,TREŠNJEVKA SJEVER,Vrtić,3 do 4 godine,Redoviti,0
2023-03-01,Zvončić,Gradski DV,TREŠNJEVKA SJEVER,Vrtić,3 do 4 godine,Posebni,0
2023-03-01,Zvončić,Gradski DV,TREŠNJEVKA SJEVER,Vrtić,4 do 5 godina,Redoviti,0
2023-03-01,Zvončić,Gradski DV,TREŠNJEVKA SJEVER,Vrtić,4 do 5 godina,Posebni,0
2023-03-01,Zvončić,Gradski DV,TREŠNJEVKA SJEVER,Vrtić,5 godina do OŠ,Redoviti,0
2023-03-01,Zvončić,Gradski DV,TREŠNJEVKA SJEVER,Vrtić,5 godina do OŠ,Posebni,0
2023-03-01,Zvončić,Gradski DV,TREŠNJEVKA SJEVER,Vrtić,3 godine do OŠ mješovita,Redoviti,0
2023-03-01,Zvončić,Gradski DV,TREŠNJEVKA SJEVER,Vrtić,3 godine do OŠ mješovita,Posebni,0
2023-03-01,Jarun,Gradski DV,TREŠNJEVKA JUG,Jaslice,1 do 2 godine,Redoviti,0
2023-03-01,Jarun,Gradski DV,TREŠNJEVKA JUG,Jaslice,1 do 2 godine,Posebni,0
2023-03-01,Jarun,Gradski DV,TREŠNJEVKA JUG,Jaslice,2 do 3 godine,Redoviti,0
2023-03-01,Jarun,Gradski DV,TREŠNJEVKA JUG,Jaslice,2 do 3 godine,Posebni,0
2023-03-01,Jarun,Gradski DV,TREŠNJEVKA JUG,Jaslice,1 do 3 godine mješovita,Redoviti,0
2023-03-01,Jarun,Gradski DV,TREŠNJEVKA JUG,Jaslice,1 do 3 godine mješovita,Posebni,0
2023-03-01,Jarun,Gradski DV,TREŠNJEVKA JUG,Vrtić,3 do 4 godine,Redoviti,0
2023-03-01,Jarun,Gradski DV,TREŠNJEVKA JUG,Vrtić,3 do 4 godine,Posebni,0
2023-03-01,Jarun,Gradski DV,TREŠNJEVKA JUG,Vrtić,4 do 5 godina,Redoviti,0
2023-03-01,Jarun,Gradski DV,TREŠNJEVKA JUG,Vrtić,4 do 5 godina,Posebni,0
2023-03-01,Jarun,Gradski DV,TREŠNJEVKA JUG,Vrtić,5 godina do OŠ,Redoviti,0
2023-03-01,Jarun,Gradski DV,TREŠNJEVKA JUG,Vrtić,5 godina do OŠ,Posebni,0
2023-03-01,Jarun,Gradski DV,TREŠNJEVKA JUG,Vrtić,3 godine do OŠ mješovita,Redoviti,0
2023-03-01,Jarun,Gradski DV,TREŠNJEVKA JUG,Vrtić,3 godine do OŠ mješovita,Posebni,0
2023-03-01,Matije Gupca,Gradski DV,TREŠNJEVKA JUG,Jaslice,1 do 2 godine,Redoviti,0
2023-03-01,Matije Gupca,Gradski DV,TREŠNJEVKA JUG,Jaslice,1 do 2 godine,Posebni,0
2023-03-01,Matije Gupca,Gradski DV,TREŠNJEVKA JUG,Jaslice,2 do 3 godine,Redoviti,0
2023-03-01,Matije Gupca,Gradski DV,TREŠNJEVKA JUG,Jaslice,2 do 3 godine,Posebni,0
2023-03-01,Matije Gupca,Gradski DV,TREŠNJEVKA JUG,Jaslice,1 do 3 godine mješovita,Redoviti,0
2023-03-01,Matije Gupca,Gradski DV,TREŠNJEVKA JUG,Jaslice,1 do 3 godine mješovita,Posebni,0
2023-03-01,Matije Gupca,Gradski DV,TREŠNJEVKA JUG,Vrtić,3 do 4 godine,Redoviti,0
2023-03-01,Matije Gupca,Gradski DV,TREŠNJEVKA JUG,Vrtić,3 do 4 godine,Posebni,0
2023-03-01,Matije Gupca,Gradski DV,TREŠNJEVKA JUG,Vrtić,4 do 5 godina,Redoviti,0
2023-03-01,Matije Gupca,Gradski DV,TREŠNJEVKA JUG,Vrtić,4 do 5 godina,Posebni,0
2023-03-01,Matije Gupca,Gradski DV,TREŠNJEVKA JUG,Vrtić,5 godina do OŠ,Redoviti,1
2023-03-01,Matije Gupca,Gradski DV,TREŠNJEVKA JUG,Vrtić,5 godina do OŠ,Posebni,0
2023-03-01,Matije Gupca,Gradski DV,TREŠNJEVKA JUG,Vrtić,3 godine do OŠ mješovita,Redoviti,0
2023-03-01,Matije Gupca,Gradski DV,TREŠNJEVKA JUG,Vrtić,3 godine do OŠ mješovita,Posebni,0
2023-03-01,Prečko,Gradski DV,TREŠNJEVKA JUG,Jaslice,1 do 2 godine,Redoviti,0
2023-03-01,Prečko,Gradski DV,TREŠNJEVKA JUG,Jaslice,1 do 2 godine,Posebni,0
2023-03-01,Prečko,Gradski DV,TREŠNJEVKA JUG,Jaslice,2 do 3 godine,Redoviti,0
2023-03-01,Prečko,Gradski DV,TREŠNJEVKA JUG,Jaslice,2 do 3 godine,Posebni,0
2023-03-01,Prečko,Gradski DV,TREŠNJEVKA JUG,Jaslice,1 do 3 godine mješovita,Redoviti,0
2023-03-01,Prečko,Gradski DV,TREŠNJEVKA JUG,Jaslice,1 do 3 godine mješovita,Posebni,0
2023-03-01,Prečko,Gradski DV,TREŠNJEVKA JUG,Vrtić,3 do 4 godine,Redoviti,0
2023-03-01,Prečko,Gradski DV,TREŠNJEVKA JUG,Vrtić,3 do 4 godine,Posebni,0
2023-03-01,Prečko,Gradski DV,TREŠNJEVKA JUG,Vrtić,4 do 5 godina,Redoviti,0
2023-03-01,Prečko,Gradski DV,TREŠNJEVKA JUG,Vrtić,4 do 5 godina,Posebni,0
2023-03-01,Prečko,Gradski DV,TREŠNJEVKA JUG,Vrtić,5 godina do OŠ,Redoviti,0
2023-03-01,Prečko,Gradski DV,TREŠNJEVKA JUG,Vrtić,5 godina do OŠ,Posebni,0
2023-03-01,Prečko,Gradski DV,TREŠNJEVKA JUG,Vrtić,3 godine do OŠ mješovita,Redoviti,0
2023-03-01,Prečko,Gradski DV,TREŠNJEVKA JUG,Vrtić,3 godine do OŠ mješovita,Posebni,0
2023-03-01,Srednjaci,Gradski DV,TREŠNJEVKA JUG,Jaslice,1 do 2 godine,Redoviti,0
2023-03-01,Srednjaci,Gradski DV,TREŠNJEVKA JUG,Jaslice,1 do 2 godine,Posebni,0
2023-03-01,Srednjaci,Gradski DV,TREŠNJEVKA JUG,Jaslice,2 do 3 godine,Redoviti,0
2023-03-01,Srednjaci,Gradski DV,TREŠNJEVKA JUG,Jaslice,2 do 3 godine,Posebni,0
2023-03-01,Srednjaci,Gradski DV,TREŠNJEVKA JUG,Jaslice,1 do 3 godine mješovita,Redoviti,0
2023-03-01,Srednjaci,Gradski DV,TREŠNJEVKA JUG,Jaslice,1 do 3 godine mješovita,Posebni,0
2023-03-01,Srednjaci,Gradski DV,TREŠNJEVKA JUG,Vrtić,3 do 4 godine,Redoviti,0
2023-03-01,Srednjaci,Gradski DV,TREŠNJEVKA JUG,Vrtić,3 do 4 godine,Posebni,0
2023-03-01,Srednjaci,Gradski DV,TREŠNJEVKA JUG,Vrtić,4 do 5 godina,Redoviti,0
2023-03-01,Srednjaci,Gradski DV,TREŠNJEVKA JUG,Vrtić,4 do 5 godina,Posebni,0
2023-03-01,Srednjaci,Gradski DV,TREŠNJEVKA JUG,Vrtić,5 godina do OŠ,Redoviti,0
2023-03-01,Srednjaci,Gradski DV,TREŠNJEVKA JUG,Vrtić,5 godina do OŠ,Posebni,0
2023-03-01,Srednjaci,Gradski DV,TREŠNJEVKA JUG,Vrtić,3 godine do OŠ mješovita,Redoviti,0
2023-03-01,Srednjaci,Gradski DV,TREŠNJEVKA JUG,Vrtić,3 godine do OŠ mješovita,Posebni,0
2023-03-01,Petar Pan,Gradski DV,ČRNOMEREC,Jaslice,1 do 2 godine,Redoviti,0
2023-03-01,Petar Pan,Gradski DV,ČRNOMEREC,Jaslice,1 do 2 godine,Posebni,0
2023-03-01,Petar Pan,Gradski DV,ČRNOMEREC,Jaslice,2 do 3 godine,Redoviti,0
2023-03-01,Petar Pan,Gradski DV,ČRNOMEREC,Jaslice,2 do 3 godine,Posebni,0
2023-03-01,Petar Pan,Gradski DV,ČRNOMEREC,Jaslice,1 do 3 godine mješovita,Redoviti,0
2023-03-01,Petar Pan,Gradski DV,ČRNOMEREC,Jaslice,1 do 3 godine mješovita,Posebni,0
2023-03-01,Petar Pan,Gradski DV,ČRNOMEREC,Vrtić,3 do 4 godine,Redoviti,0
2023-03-01,Petar Pan,Gradski DV,ČRNOMEREC,Vrtić,3 do 4 godine,Posebni,0
2023-03-01,Petar Pan,Gradski DV,ČRNOMEREC,Vrtić,4 do 5 godina,Redoviti,0
2023-03-01,Petar Pan,Gradski DV,ČRNOMEREC,Vrtić,4 do 5 godina,Posebni,0
2023-03-01,Petar Pan,Gradski DV,ČRNOMEREC,Vrtić,5 godina do OŠ,Redoviti,0
2023-03-01,Petar Pan,Gradski DV,ČRNOMEREC,Vrtić,5 godina do OŠ,Posebni,0
2023-03-01,Petar Pan,Gradski DV,ČRNOMEREC,Vrtić,3 godine do OŠ mješovita,Redoviti,0
2023-03-01,Petar Pan,Gradski DV,ČRNOMEREC,Vrtić,3 godine do OŠ mješovita,Posebni,0
2023-03-01,Šumska Jagoda,Gradski DV,ČRNOMEREC,Jaslice,1 do 2 godine,Redoviti,0
2023-03-01,Šumska Jagoda,Gradski DV,ČRNOMEREC,Jaslice,1 do 2 godine,Posebni,0
2023-03-01,Šumska Jagoda,Gradski DV,ČRNOMEREC,Jaslice,2 do 3 godine,Redoviti,0
2023-03-01,Šumska Jagoda,Gradski DV,ČRNOMEREC,Jaslice,2 do 3 godine,Posebni,0
2023-03-01,Šumska Jagoda,Gradski DV,ČRNOMEREC,Jaslice,1 do 3 godine mješovita,Redoviti,0
2023-03-01,Šumska Jagoda,Gradski DV,ČRNOMEREC,Jaslice,1 do 3 godine mješovita,Posebni,0
2023-03-01,Šumska Jagoda,Gradski DV,ČRNOMEREC,Vrtić,3 do 4 godine,Redoviti,0
2023-03-01,Šumska Jagoda,Gradski DV,ČRNOMEREC,Vrtić,3 do 4 godine,Posebni,0
2023-03-01,Šumska Jagoda,Gradski DV,ČRNOMEREC,Vrtić,4 do 5 godina,Redoviti,0
2023-03-01,Šumska Jagoda,Gradski DV,ČRNOMEREC,Vrtić,4 do 5 godina,Posebni,0
2023-03-01,Šumska Jagoda,Gradski DV,ČRNOMEREC,Vrtić,5 godina do OŠ,Redoviti,0
2023-03-01,Šumska Jagoda,Gradski DV,ČRNOMEREC,Vrtić,5 godina do OŠ,Posebni,0
2023-03-01,Šumska Jagoda,Gradski DV,ČRNOMEREC,Vrtić,3 godine do OŠ mješovita,Redoviti,0
2023-03-01,Šumska Jagoda,Gradski DV,ČRNOMEREC,Vrtić,3 godine do OŠ mješovita,Posebni,2
2023-03-01,Kolibri,Gradski DV,GORNJA DUBRAVA,Jaslice,1 do 2 godine,Redoviti,0
2023-03-01,Kolibri,Gradski DV,GORNJA DUBRAVA,Jaslice,1 do 2 godine,Posebni,0
2023-03-01,Kolibri,Gradski DV,GORNJA DUBRAVA,Jaslice,2 do 3 godine,Redoviti,0
2023-03-01,Kolibri,Gradski DV,GORNJA DUBRAVA,Jaslice,2 do 3 godine,Posebni,0
2023-03-01,Kolibri,Gradski DV,GORNJA DUBRAVA,Jaslice,1 do 3 godine mješovita,Redoviti,0
2023-03-01,Kolibri,Gradski DV,GORNJA DUBRAVA,Jaslice,1 do 3 godine mješovita,Posebni,0
2023-03-01,Kolibri,Gradski DV,GORNJA DUBRAVA,Vrtić,3 do 4 godine,Redoviti,0
2023-03-01,Kolibri,Gradski DV,GORNJA DUBRAVA,Vrtić,3 do 4 godine,Posebni,0
2023-03-01,Kolibri,Gradski DV,GORNJA DUBRAVA,Vrtić,4 do 5 godina,Redoviti,0
2023-03-01,Kolibri,Gradski DV,GORNJA DUBRAVA,Vrtić,4 do 5 godina,Posebni,0
2023-03-01,Kolibri,Gradski DV,GORNJA DUBRAVA,Vrtić,5 godina do OŠ,Redoviti,0
2023-03-01,Kolibri,Gradski DV,GORNJA DUBRAVA,Vrtić,5 godina do OŠ,Posebni,0
2023-03-01,Kolibri,Gradski DV,GORNJA DUBRAVA,Vrtić,3 godine do OŠ mješovita,Redoviti,0
2023-03-01,Kolibri,Gradski DV,GORNJA DUBRAVA,Vrtić,3 godine do OŠ mješovita,Posebni,1
2023-03-01,Medo Brundo,Gradski DV,GORNJA DUBRAVA,Jaslice,1 do 2 godine,Redoviti,0
2023-03-01,Medo Brundo,Gradski DV,GORNJA DUBRAVA,Jaslice,1 do 2 godine,Posebni,0
2023-03-01,Medo Brundo,Gradski DV,GORNJA DUBRAVA,Jaslice,2 do 3 godine,Redoviti,0
2023-03-01,Medo Brundo,Gradski DV,GORNJA DUBRAVA,Jaslice,2 do 3 godine,Posebni,0
2023-03-01,Medo Brundo,Gradski DV,GORNJA DUBRAVA,Jaslice,1 do 3 godine mješovita,Redoviti,0
2023-03-01,Medo Brundo,Gradski DV,GORNJA DUBRAVA,Jaslice,1 do 3 godine mješovita,Posebni,0
2023-03-01,Medo Brundo,Gradski DV,GORNJA DUBRAVA,Vrtić,3 do 4 godine,Redoviti,0
2023-03-01,Medo Brundo,Gradski DV,GORNJA DUBRAVA,Vrtić,3 do 4 godine,Posebni,0
2023-03-01,Medo Brundo,Gradski DV,GORNJA DUBRAVA,Vrtić,4 do 5 godina,Redoviti,0
2023-03-01,Medo Brundo,Gradski DV,GORNJA DUBRAVA,Vrtić,4 do 5 godina,Posebni,0
2023-03-01,Medo Brundo,Gradski DV,GORNJA DUBRAVA,Vrtić,5 godina do OŠ,Redoviti,1
2023-03-01,Medo Brundo,Gradski DV,GORNJA DUBRAVA,Vrtić,5 godina do OŠ,Posebni,0
2023-03-01,Medo Brundo,Gradski DV,GORNJA DUBRAVA,Vrtić,3 godine do OŠ mješovita,Redoviti,0
2023-03-01,Medo Brundo,Gradski DV,GORNJA DUBRAVA,Vrtić,3 godine do OŠ mješovita,Posebni,0
2023-03-01,Pčelica,Gradski DV,GORNJA DUBRAVA,Jaslice,1 do 2 godine,Redoviti,0
2023-03-01,Pčelica,Gradski DV,GORNJA DUBRAVA,Jaslice,1 do 2 godine,Posebni,0
2023-03-01,Pčelica,Gradski DV,GORNJA DUBRAVA,Jaslice,2 do 3 godine,Redoviti,0
2023-03-01,Pčelica,Gradski DV,GORNJA DUBRAVA,Jaslice,2 do 3 godine,Posebni,0
2023-03-01,Pčelica,Gradski DV,GORNJA DUBRAVA,Jaslice,1 do 3 godine mješovita,Redoviti,0
2023-03-01,Pčelica,Gradski DV,GORNJA DUBRAVA,Jaslice,1 do 3 godine mješovita,Posebni,0
2023-03-01,Pčelica,Gradski DV,GORNJA DUBRAVA,Vrtić,3 do 4 godine,Redoviti,0
2023-03-01,Pčelica,Gradski DV,GORNJA DUBRAVA,Vrtić,3 do 4 godine,Posebni,0
2023-03-01,Pčelica,Gradski DV,GORNJA DUBRAVA,Vrtić,4 do 5 godina,Redoviti,0
2023-03-01,Pčelica,Gradski DV,GORNJA DUBRAVA,Vrtić,4 do 5 godina,Posebni,0
2023-03-01,Pčelica,Gradski DV,GORNJA DUBRAVA,Vrtić,5 godina do OŠ,Redoviti,0
2023-03-01,Pčelica,Gradski DV,GORNJA DUBRAVA,Vrtić,5 godina do OŠ,Posebni,0
2023-03-01,Pčelica,Gradski DV,GORNJA DUBRAVA,Vrtić,3 godine do OŠ mješovita,Redoviti,0
2023-03-01,Pčelica,Gradski DV,GORNJA DUBRAVA,Vrtić,3 godine do OŠ mješovita,Posebni,0
2023-03-01,Poletarac,Gradski DV,GORNJA DUBRAVA,Jaslice,1 do 2 godine,Redoviti,0
2023-03-01,Poletarac,Gradski DV,GORNJA DUBRAVA,Jaslice,1 do 2 godine,Posebni,0
2023-03-01,Poletarac,Gradski DV,GORNJA DUBRAVA,Jaslice,2 do 3 godine,Redoviti,0
2023-03-01,Poletarac,Gradski DV,GORNJA DUBRAVA,Jaslice,2 do 3 godine,Posebni,0
2023-03-01,Poletarac,Gradski DV,GORNJA DUBRAVA,Jaslice,1 do 3 godine mješovita,Redoviti,0
2023-03-01,Poletarac,Gradski DV,GORNJA DUBRAVA,Jaslice,1 do 3 godine mješovita,Posebni,0
2023-03-01,Poletarac,Gradski DV,GORNJA DUBRAVA,Vrtić,3 do 4 godine,Redoviti,0
2023-03-01,Poletarac,Gradski DV,GORNJA DUBRAVA,Vrtić,3 do 4 godine,Posebni,0
2023-03-01,Poletarac,Gradski DV,GORNJA DUBRAVA,Vrtić,4 do 5 godina,Redoviti,0
2023-03-01,Poletarac,Gradski DV,GORNJA DUBRAVA,Vrtić,4 do 5 godina,Posebni,0
2023-03-01,Poletarac,Gradski DV,GORNJA DUBRAVA,Vrtić,5 godina do OŠ,Redoviti,5
2023-03-01,Poletarac,Gradski DV,GORNJA DUBRAVA,Vrtić,5 godina do OŠ,Posebni,6
2023-03-01,Poletarac,Gradski DV,GORNJA DUBRAVA,Vrtić,3 godine do OŠ mješovita,Redoviti,0
2023-03-01,Poletarac,Gradski DV,GORNJA DUBRAVA,Vrtić,3 godine do OŠ mješovita,Posebni,3
2023-03-01,Radost,Gradski DV,GORNJA DUBRAVA,Jaslice,1 do 2 godine,Redoviti,0
2023-03-01,Radost,Gradski DV,GORNJA DUBRAVA,Jaslice,1 do 2 godine,Posebni,0
2023-03-01,Radost,Gradski DV,GORNJA DUBRAVA,Jaslice,2 do 3 godine,Redoviti,0
2023-03-01,Radost,Gradski DV,GORNJA DUBRAVA,Jaslice,2 do 3 godine,Posebni,0
2023-03-01,Radost,Gradski DV,GORNJA DUBRAVA,Jaslice,1 do 3 godine mješovita,Redoviti,0
2023-03-01,Radost,Gradski DV,GORNJA DUBRAVA,Jaslice,1 do 3 godine mješovita,Posebni,0
2023-03-01,Radost,Gradski DV,GORNJA DUBRAVA,Vrtić,3 do 4 godine,Redoviti,0
2023-03-01,Radost,Gradski DV,GORNJA DUBRAVA,Vrtić,3 do 4 godine,Posebni,0
2023-03-01,Radost,Gradski DV,GORNJA DUBRAVA,Vrtić,4 do 5 godina,Redoviti,0
2023-03-01,Radost,Gradski DV,GORNJA DUBRAVA,Vrtić,4 do 5 godina,Posebni,0
2023-03-01,Radost,Gradski DV,GORNJA DUBRAVA,Vrtić,5 godina do OŠ,Redoviti,0
2023-03-01,Radost,Gradski DV,GORNJA DUBRAVA,Vrtić,5 godina do OŠ,Posebni,0
2023-03-01,Radost,Gradski DV,GORNJA DUBRAVA,Vrtić,3 godine do OŠ mješovita,Redoviti,0
2023-03-01,Radost,Gradski DV,GORNJA DUBRAVA,Vrtić,3 godine do OŠ mješovita,Posebni,0
2023-03-01,Sunce,Gradski DV,GORNJA DUBRAVA,Jaslice,1 do 2 godine,Redoviti,0
2023-03-01,Sunce,Gradski DV,GORNJA DUBRAVA,Jaslice,1 do 2 godine,Posebni,0
2023-03-01,Sunce,Gradski DV,GORNJA DUBRAVA,Jaslice,2 do 3 godine,Redoviti,0
2023-03-01,Sunce,Gradski DV,GORNJA DUBRAVA,Jaslice,2 do 3 godine,Posebni,0
2023-03-01,Sunce,Gradski DV,GORNJA DUBRAVA,Jaslice,1 do 3 godine mješovita,Redoviti,0
2023-03-01,Sunce,Gradski DV,GORNJA DUBRAVA,Jaslice,1 do 3 godine mješovita,Posebni,0
2023-03-01,Sunce,Gradski DV,GORNJA DUBRAVA,Vrtić,3 do 4 godine,Redoviti,0
2023-03-01,Sunce,Gradski DV,GORNJA DUBRAVA,Vrtić,3 do 4 godine,Posebni,0
2023-03-01,Sunce,Gradski DV,GORNJA DUBRAVA,Vrtić,4 do 5 godina,Redoviti,0
2023-03-01,Sunce,Gradski DV,GORNJA DUBRAVA,Vrtić,4 do 5 godina,Posebni,0
2023-03-01,Sunce,Gradski DV,GORNJA DUBRAVA,Vrtić,5 godina do OŠ,Redoviti,0
2023-03-01,Sunce,Gradski DV,GORNJA DUBRAVA,Vrtić,5 godina do OŠ,Posebni,0
2023-03-01,Sunce,Gradski DV,GORNJA DUBRAVA,Vrtić,3 godine do OŠ mješovita,Redoviti,0
2023-03-01,Sunce,Gradski DV,GORNJA DUBRAVA,Vrtić,3 godine do OŠ mješovita,Posebni,0
2023-03-01,Ivane Brlić Mažuranić,Gradski DV,DONJA DUBRAVA,Jaslice,1 do 2 godine,Redoviti,0
2023-03-01,Ivane Brlić Mažuranić,Gradski DV,DONJA DUBRAVA,Jaslice,1 do 2 godine,Posebni,0
2023-03-01,Ivane Brlić Mažuranić,Gradski DV,DONJA DUBRAVA,Jaslice,2 do 3 godine,Redoviti,0
2023-03-01,Ivane Brlić Mažuranić,Gradski DV,DONJA DUBRAVA,Jaslice,2 do 3 godine,Posebni,0
2023-03-01,Ivane Brlić Mažuranić,Gradski DV,DONJA DUBRAVA,Jaslice,1 do 3 godine mješovita,Redoviti,0
2023-03-01,Ivane Brlić Mažuranić,Gradski DV,DONJA DUBRAVA,Jaslice,1 do 3 godine mješovita,Posebni,0
2023-03-01,Ivane Brlić Mažuranić,Gradski DV,DONJA DUBRAVA,Vrtić,3 do 4 godine,Redoviti,0
2023-03-01,Ivane Brlić Mažuranić,Gradski DV,DONJA DUBRAVA,Vrtić,3 do 4 godine,Posebni,0
2023-03-01,Ivane Brlić Mažuranić,Gradski DV,DONJA DUBRAVA,Vrtić,4 do 5 godina,Redoviti,0
2023-03-01,Ivane Brlić Mažuranić,Gradski DV,DONJA DUBRAVA,Vrtić,4 do 5 godina,Posebni,0
2023-03-01,Ivane Brlić Mažuranić,Gradski DV,DONJA DUBRAVA,Vrtić,5 godina do OŠ,Redoviti,3
2023-03-01,Ivane Brlić Mažuranić,Gradski DV,DONJA DUBRAVA,Vrtić,5 godina do OŠ,Posebni,0
2023-03-01,Ivane Brlić Mažuranić,Gradski DV,DONJA DUBRAVA,Vrtić,3 godine do OŠ mješovita,Redoviti,0
2023-03-01,Ivane Brlić Mažuranić,Gradski DV,DONJA DUBRAVA,Vrtić,3 godine do OŠ mješovita,Posebni,0
2023-03-01,Jabuka,Gradski DV,DONJA DUBRAVA,Jaslice,1 do 2 godine,Redoviti,0
2023-03-01,Jabuka,Gradski DV,DONJA DUBRAVA,Jaslice,1 do 2 godine,Posebni,0
2023-03-01,Jabuka,Gradski DV,DONJA DUBRAVA,Jaslice,2 do 3 godine,Redoviti,0
2023-03-01,Jabuka,Gradski DV,DONJA DUBRAVA,Jaslice,2 do 3 godine,Posebni,0
2023-03-01,Jabuka,Gradski DV,DONJA DUBRAVA,Jaslice,1 do 3 godine mješovita,Redoviti,0
2023-03-01,Jabuka,Gradski DV,DONJA DUBRAVA,Jaslice,1 do 3 godine mješovita,Posebni,0
2023-03-01,Jabuka,Gradski DV,DONJA DUBRAVA,Vrtić,3 do 4 godine,Redoviti,0
2023-03-01,Jabuka,Gradski DV,DONJA DUBRAVA,Vrtić,3 do 4 godine,Posebni,0
2023-03-01,Jabuka,Gradski DV,DONJA DUBRAVA,Vrtić,4 do 5 godina,Redoviti,0
2023-03-01,Jabuka,Gradski DV,DONJA DUBRAVA,Vrtić,4 do 5 godina,Posebni,0
2023-03-01,Jabuka,Gradski DV,DONJA DUBRAVA,Vrtić,5 godina do OŠ,Redoviti,0
2023-03-01,Jabuka,Gradski DV,DONJA DUBRAVA,Vrtić,5 godina do OŠ,Posebni,0
2023-03-01,Jabuka,Gradski DV,DONJA DUBRAVA,Vrtić,3 godine do OŠ mješovita,Redoviti,0
2023-03-01,Jabuka,Gradski DV,DONJA DUBRAVA,Vrtić,3 godine do OŠ mješovita,Posebni,0
2023-03-01,Kustošija,Gradski DV,STENJEVEC,Jaslice,1 do 2 godine,Redoviti,0
2023-03-01,Kustošija,Gradski DV,STENJEVEC,Jaslice,1 do 2 godine,Posebni,0
2023-03-01,Kustošija,Gradski DV,STENJEVEC,Jaslice,2 do 3 godine,Redoviti,0
2023-03-01,Kustošija,Gradski DV,STENJEVEC,Jaslice,2 do 3 godine,Posebni,0
2023-03-01,Kustošija,Gradski DV,STENJEVEC,Jaslice,1 do 3 godine mješovita,Redoviti,0
2023-03-01,Kustošija,Gradski DV,STENJEVEC,Jaslice,1 do 3 godine mješovita,Posebni,0
2023-03-01,Kustošija,Gradski DV,STENJEVEC,Vrtić,3 do 4 godine,Redoviti,0
2023-03-01,Kustošija,Gradski DV,STENJEVEC,Vrtić,3 do 4 godine,Posebni,0
2023-03-01,Kustošija,Gradski DV,STENJEVEC,Vrtić,4 do 5 godina,Redoviti,0
2023-03-01,Kustošija,Gradski DV,STENJEVEC,Vrtić,4 do 5 godina,Posebni,0
2023-03-01,Kustošija,Gradski DV,STENJEVEC,Vrtić,5 godina do OŠ,Redoviti,0
2023-03-01,Kustošija,Gradski DV,STENJEVEC,Vrtić,5 godina do OŠ,Posebni,0
2023-03-01,Kustošija,Gradski DV,STENJEVEC,Vrtić,3 godine do OŠ mješovita,Redoviti,0
2023-03-01,Kustošija,Gradski DV,STENJEVEC,Vrtić,3 godine do OŠ mješovita,Posebni,0
2023-03-01,Malešnica,Gradski DV,STENJEVEC,Jaslice,1 do 2 godine,Redoviti,0
2023-03-01,Malešnica,Gradski DV,STENJEVEC,Jaslice,1 do 2 godine,Posebni,0
2023-03-01,Malešnica,Gradski DV,STENJEVEC,Jaslice,2 do 3 godine,Redoviti,0
2023-03-01,Malešnica,Gradski DV,STENJEVEC,Jaslice,2 do 3 godine,Posebni,0
2023-03-01,Malešnica,Gradski DV,STENJEVEC,Jaslice,1 do 3 godine mješovita,Redoviti,0
2023-03-01,Malešnica,Gradski DV,STENJEVEC,Jaslice,1 do 3 godine mješovita,Posebni,0
2023-03-01,Malešnica,Gradski DV,STENJEVEC,Vrtić,3 do 4 godine,Redoviti,0
2023-03-01,Malešnica,Gradski DV,STENJEVEC,Vrtić,3 do 4 godine,Posebni,0
2023-03-01,Malešnica,Gradski DV,STENJEVEC,Vrtić,4 do 5 godina,Redoviti,0
2023-03-01,Malešnica,Gradski DV,STENJEVEC,Vrtić,4 do 5 godina,Posebni,0
2023-03-01,Malešnica,Gradski DV,STENJEVEC,Vrtić,5 godina do OŠ,Redoviti,0
2023-03-01,Malešnica,Gradski DV,STENJEVEC,Vrtić,5 godina do OŠ,Posebni,0
2023-03-01,Malešnica,Gradski DV,STENJEVEC,Vrtić,3 godine do OŠ mješovita,Redoviti,0
2023-03-01,Malešnica,Gradski DV,STENJEVEC,Vrtić,3 godine do OŠ mješovita,Posebni,0
2023-03-01,Sunčana,Gradski DV,STENJEVEC,Jaslice,1 do 2 godine,Redoviti,0
2023-03-01,Sunčana,Gradski DV,STENJEVEC,Jaslice,1 do 2 godine,Posebni,0
2023-03-01,Sunčana,Gradski DV,STENJEVEC,Jaslice,2 do 3 godine,Redoviti,0
2023-03-01,Sunčana,Gradski DV,STENJEVEC,Jaslice,2 do 3 godine,Posebni,0
2023-03-01,Sunčana,Gradski DV,STENJEVEC,Jaslice,1 do 3 godine mješovita,Redoviti,0
2023-03-01,Sunčana,Gradski DV,STENJEVEC,Jaslice,1 do 3 godine mješovita,Posebni,0
2023-03-01,Sunčana,Gradski DV,STENJEVEC,Vrtić,3 do 4 godine,Redoviti,0
2023-03-01,Sunčana,Gradski DV,STENJEVEC,Vrtić,3 do 4 godine,Posebni,0
2023-03-01,Sunčana,Gradski DV,STENJEVEC,Vrtić,4 do 5 godina,Redoviti,0
2023-03-01,Sunčana,Gradski DV,STENJEVEC,Vrtić,4 do 5 godina,Posebni,0
2023-03-01,Sunčana,Gradski DV,STENJEVEC,Vrtić,5 godina do OŠ,Redoviti,0
2023-03-01,Sunčana,Gradski DV,STENJEVEC,Vrtić,5 godina do OŠ,Posebni,0
2023-03-01,Sunčana,Gradski DV,STENJEVEC,Vrtić,3 godine do OŠ mješovita,Redoviti,0
2023-03-01,Sunčana,Gradski DV,STENJEVEC,Vrtić,3 godine do OŠ mješovita,Posebni,0
2023-03-01,Špansko,Gradski DV,STENJEVEC,Jaslice,1 do 2 godine,Redoviti,0
2023-03-01,Špansko,Gradski DV,STENJEVEC,Jaslice,1 do 2 godine,Posebni,0
2023-03-01,Špansko,Gradski DV,STENJEVEC,Jaslice,2 do 3 godine,Redoviti,0
2023-03-01,Špansko,Gradski DV,STENJEVEC,Jaslice,2 do 3 godine,Posebni,0
2023-03-01,Špansko,Gradski DV,STENJEVEC,Jaslice,1 do 3 godine mješovita,Redoviti,0
2023-03-01,Špansko,Gradski DV,STENJEVEC,Jaslice,1 do 3 godine mješovita,Posebni,0
2023-03-01,Špansko,Gradski DV,STENJEVEC,Vrtić,3 do 4 godine,Redoviti,0
2023-03-01,Špansko,Gradski DV,STENJEVEC,Vrtić,3 do 4 godine,Posebni,0
2023-03-01,Špansko,Gradski DV,STENJEVEC,Vrtić,4 do 5 godina,Redoviti,0
2023-03-01,Špansko,Gradski DV,STENJEVEC,Vrtić,4 do 5 godina,Posebni,0
2023-03-01,Špansko,Gradski DV,STENJEVEC,Vrtić,5 godina do OŠ,Redoviti,0
2023-03-01,Špansko,Gradski DV,STENJEVEC,Vrtić,5 godina do OŠ,Posebni,0
2023-03-01,Špansko,Gradski DV,STENJEVEC,Vrtić,3 godine do OŠ mješovita,Redoviti,0
2023-03-01,Špansko,Gradski DV,STENJEVEC,Vrtić,3 godine do OŠ mješovita,Posebni,0
2023-03-01,Gajnice,Gradski DV,PODSUSED VRAPČE,Jaslice,1 do 2 godine,Redoviti,0
2023-03-01,Gajnice,Gradski DV,PODSUSED VRAPČE,Jaslice,1 do 2 godine,Posebni,0
2023-03-01,Gajnice,Gradski DV,PODSUSED VRAPČE,Jaslice,2 do 3 godine,Redoviti,0
2023-03-01,Gajnice,Gradski DV,PODSUSED VRAPČE,Jaslice,2 do 3 godine,Posebni,0
2023-03-01,Gajnice,Gradski DV,PODSUSED VRAPČE,Jaslice,1 do 3 godine mješovita,Redoviti,0
2023-03-01,Gajnice,Gradski DV,PODSUSED VRAPČE,Jaslice,1 do 3 godine mješovita,Posebni,0
2023-03-01,Gajnice,Gradski DV,PODSUSED VRAPČE,Vrtić,3 do 4 godine,Redoviti,0
2023-03-01,Gajnice,Gradski DV,PODSUSED VRAPČE,Vrtić,3 do 4 godine,Posebni,0
2023-03-01,Gajnice,Gradski DV,PODSUSED VRAPČE,Vrtić,4 do 5 godina,Redoviti,0
2023-03-01,Gajnice,Gradski DV,PODSUSED VRAPČE,Vrtić,4 do 5 godina,Posebni,0
2023-03-01,Gajnice,Gradski DV,PODSUSED VRAPČE,Vrtić,5 godina do OŠ,Redoviti,0
2023-03-01,Gajnice,Gradski DV,PODSUSED VRAPČE,Vrtić,5 godina do OŠ,Posebni,0
2023-03-01,Gajnice,Gradski DV,PODSUSED VRAPČE,Vrtić,3 godine do OŠ mješovita,Redoviti,0
2023-03-01,Gajnice,Gradski DV,PODSUSED VRAPČE,Vrtić,3 godine do OŠ mješovita,Posebni,0
2023-03-01,Vrapče,Gradski DV,PODSUSED VRAPČE,Jaslice,1 do 2 godine,Redoviti,0
2023-03-01,Vrapče,Gradski DV,PODSUSED VRAPČE,Jaslice,1 do 2 godine,Posebni,0
2023-03-01,Vrapče,Gradski DV,PODSUSED VRAPČE,Jaslice,2 do 3 godine,Redoviti,0
2023-03-01,Vrapče,Gradski DV,PODSUSED VRAPČE,Jaslice,2 do 3 godine,Posebni,0
2023-03-01,Vrapče,Gradski DV,PODSUSED VRAPČE,Jaslice,1 do 3 godine mješovita,Redoviti,0
2023-03-01,Vrapče,Gradski DV,PODSUSED VRAPČE,Jaslice,1 do 3 godine mješovita,Posebni,0
2023-03-01,Vrapče,Gradski DV,PODSUSED VRAPČE,Vrtić,3 do 4 godine,Redoviti,0
2023-03-01,Vrapče,Gradski DV,PODSUSED VRAPČE,Vrtić,3 do 4 godine,Posebni,0
2023-03-01,Vrapče,Gradski DV,PODSUSED VRAPČE,Vrtić,4 do 5 godina,Redoviti,0
2023-03-01,Vrapče,Gradski DV,PODSUSED VRAPČE,Vrtić,4 do 5 godina,Posebni,0
2023-03-01,Vrapče,Gradski DV,PODSUSED VRAPČE,Vrtić,5 godina do OŠ,Redoviti,0
2023-03-01,Vrapče,Gradski DV,PODSUSED VRAPČE,Vrtić,5 godina do OŠ,Posebni,0
2023-03-01,Vrapče,Gradski DV,PODSUSED VRAPČE,Vrtić,3 godine do OŠ mješovita,Redoviti,0
2023-03-01,Vrapče,Gradski DV,PODSUSED VRAPČE,Vrtić,3 godine do OŠ mješovita,Posebni,0
2023-03-01,Markuševec,Gradski DV,PODSLJEME,Jaslice,1 do 2 godine,Redoviti,0
2023-03-01,Markuševec,Gradski DV,PODSLJEME,Jaslice,1 do 2 godine,Posebni,0
2023-03-01,Markuševec,Gradski DV,PODSLJEME,Jaslice,2 do 3 godine,Redoviti,0
2023-03-01,Markuševec,Gradski DV,PODSLJEME,Jaslice,2 do 3 godine,Posebni,0
2023-03-01,Markuševec,Gradski DV,PODSLJEME,Jaslice,1 do 3 godine mješovita,Redoviti,0
2023-03-01,Markuševec,Gradski DV,PODSLJEME,Jaslice,1 do 3 godine mješovita,Posebni,0
2023-03-01,Markuševec,Gradski DV,PODSLJEME,Vrtić,3 do 4 godine,Redoviti,0
2023-03-01,Markuševec,Gradski DV,PODSLJEME,Vrtić,3 do 4 godine,Posebni,0
2023-03-01,Markuševec,Gradski DV,PODSLJEME,Vrtić,4 do 5 godina,Redoviti,0
2023-03-01,Markuševec,Gradski DV,PODSLJEME,Vrtić,4 do 5 godina,Posebni,0
2023-03-01,Markuševec,Gradski DV,PODSLJEME,Vrtić,5 godina do OŠ,Redoviti,0
2023-03-01,Markuševec,Gradski DV,PODSLJEME,Vrtić,5 godina do OŠ,Posebni,0
2023-03-01,Markuševec,Gradski DV,PODSLJEME,Vrtić,3 godine do OŠ mješovita,Redoviti,0
2023-03-01,Markuševec,Gradski DV,PODSLJEME,Vrtić,3 godine do OŠ mješovita,Posebni,4
2023-03-01,En ten tini,Gradski DV,SESVETE,Jaslice,1 do 2 godine,Redoviti,0
2023-03-01,En ten tini,Gradski DV,SESVETE,Jaslice,1 do 2 godine,Posebni,0
2023-03-01,En ten tini,Gradski DV,SESVETE,Jaslice,2 do 3 godine,Redoviti,0
2023-03-01,En ten tini,Gradski DV,SESVETE,Jaslice,2 do 3 godine,Posebni,0
2023-03-01,En ten tini,Gradski DV,SESVETE,Jaslice,1 do 3 godine mješovita,Redoviti,0
2023-03-01,En ten tini,Gradski DV,SESVETE,Jaslice,1 do 3 godine mješovita,Posebni,0
2023-03-01,En ten tini,Gradski DV,SESVETE,Vrtić,3 do 4 godine,Redoviti,2
2023-03-01,En ten tini,Gradski DV,SESVETE,Vrtić,3 do 4 godine,Posebni,0
2023-03-01,En ten tini,Gradski DV,SESVETE,Vrtić,4 do 5 godina,Redoviti,0
2023-03-01,En ten tini,Gradski DV,SESVETE,Vrtić,4 do 5 godina,Posebni,0
2023-03-01,En ten tini,Gradski DV,SESVETE,Vrtić,5 godina do OŠ,Redoviti,3
2023-03-01,En ten tini,Gradski DV,SESVETE,Vrtić,5 godina do OŠ,Posebni,0
2023-03-01,En ten tini,Gradski DV,SESVETE,Vrtić,3 godine do OŠ mješovita,Redoviti,0
2023-03-01,En ten tini,Gradski DV,SESVETE,Vrtić,3 godine do OŠ mješovita,Posebni,0
2023-03-01,Leptir,Gradski DV,SESVETE,Jaslice,1 do 2 godine,Redoviti,0
2023-03-01,Leptir,Gradski DV,SESVETE,Jaslice,1 do 2 godine,Posebni,0
2023-03-01,Leptir,Gradski DV,SESVETE,Jaslice,2 do 3 godine,Redoviti,0
2023-03-01,Leptir,Gradski DV,SESVETE,Jaslice,2 do 3 godine,Posebni,0
2023-03-01,Leptir,Gradski DV,SESVETE,Jaslice,1 do 3 godine mješovita,Redoviti,0
2023-03-01,Leptir,Gradski DV,SESVETE,Jaslice,1 do 3 godine mješovita,Posebni,0
2023-03-01,Leptir,Gradski DV,SESVETE,Vrtić,3 do 4 godine,Redoviti,0
2023-03-01,Leptir,Gradski DV,SESVETE,Vrtić,3 do 4 godine,Posebni,0
2023-03-01,Leptir,Gradski DV,SESVETE,Vrtić,4 do 5 godina,Redoviti,1
2023-03-01,Leptir,Gradski DV,SESVETE,Vrtić,4 do 5 godina,Posebni,0
2023-03-01,Leptir,Gradski DV,SESVETE,Vrtić,5 godina do OŠ,Redoviti,0
2023-03-01,Leptir,Gradski DV,SESVETE,Vrtić,5 godina do OŠ,Posebni,0
2023-03-01,Leptir,Gradski DV,SESVETE,Vrtić,3 godine do OŠ mješovita,Redoviti,0
2023-03-01,Leptir,Gradski DV,SESVETE,Vrtić,3 godine do OŠ mješovita,Posebni,0
2023-03-01,Sesvete,Gradski DV,SESVETE,Jaslice,1 do 2 godine,Redoviti,0
2023-03-01,Sesvete,Gradski DV,SESVETE,Jaslice,1 do 2 godine,Posebni,0
2023-03-01,Sesvete,Gradski DV,SESVETE,Jaslice,2 do 3 godine,Redoviti,0
2023-03-01,Sesvete,Gradski DV,SESVETE,Jaslice,2 do 3 godine,Posebni,0
2023-03-01,Sesvete,Gradski DV,SESVETE,Jaslice,1 do 3 godine mješovita,Redoviti,0
2023-03-01,Sesvete,Gradski DV,SESVETE,Jaslice,1 do 3 godine mješovita,Posebni,0
2023-03-01,Sesvete,Gradski DV,SESVETE,Vrtić,3 do 4 godine,Redoviti,0
2023-03-01,Sesvete,Gradski DV,SESVETE,Vrtić,3 do 4 godine,Posebni,0
2023-03-01,Sesvete,Gradski DV,SESVETE,Vrtić,4 do 5 godina,Redoviti,0
2023-03-01,Sesvete,Gradski DV,SESVETE,Vrtić,4 do 5 godina,Posebni,0
2023-03-01,Sesvete,Gradski DV,SESVETE,Vrtić,5 godina do OŠ,Redoviti,0
2023-03-01,Sesvete,Gradski DV,SESVETE,Vrtić,5 godina do OŠ,Posebni,0
2023-03-01,Sesvete,Gradski DV,SESVETE,Vrtić,3 godine do OŠ mješovita,Redoviti,0
2023-03-01,Sesvete,Gradski DV,SESVETE,Vrtić,3 godine do OŠ mješovita,Posebni,0
2023-03-01,Šegrt Hlapić,Gradski DV,SESVETE,Jaslice,1 do 2 godine,Redoviti,0
2023-03-01,Šegrt Hlapić,Gradski DV,SESVETE,Jaslice,1 do 2 godine,Posebni,0
2023-03-01,Šegrt Hlapić,Gradski DV,SESVETE,Jaslice,2 do 3 godine,Redoviti,0
2023-03-01,Šegrt Hlapić,Gradski DV,SESVETE,Jaslice,2 do 3 godine,Posebni,0
2023-03-01,Šegrt Hlapić,Gradski DV,SESVETE,Jaslice,1 do 3 godine mješovita,Redoviti,0
2023-03-01,Šegrt Hlapić,Gradski DV,SESVETE,Jaslice,1 do 3 godine mješovita,Posebni,0
2023-03-01,Šegrt Hlapić,Gradski DV,SESVETE,Vrtić,3 do 4 godine,Redoviti,0
2023-03-01,Šegrt Hlapić,Gradski DV,SESVETE,Vrtić,3 do 4 godine,Posebni,0
2023-03-01,Šegrt Hlapić,Gradski DV,SESVETE,Vrtić,4 do 5 godina,Redoviti,0
2023-03-01,Šegrt Hlapić,Gradski DV,SESVETE,Vrtić,4 do 5 godina,Posebni,0
2023-03-01,Šegrt Hlapić,Gradski DV,SESVETE,Vrtić,5 godina do OŠ,Redoviti,0
2023-03-01,Šegrt Hlapić,Gradski DV,SESVETE,Vrtić,5 godina do OŠ,Posebni,0
2023-03-01,Šegrt Hlapić,Gradski DV,SESVETE,Vrtić,3 godine do OŠ mješovita,Redoviti,0
2023-03-01,Šegrt Hlapić,Gradski DV,SESVETE,Vrtić,3 godine do OŠ mješovita,Posebni,0
2023-03-01,MIRJAM WEILLER,Privatni i vjerski DV,DONJI GRAD,Jaslice,,,0
2023-03-01,MIRJAM WEILLER,Privatni i vjerski DV,DONJI GRAD,Vrtić,,,10
2023-03-01,SUNČEKO,Privatni i vjerski DV,DONJI GRAD,Jaslice,,,0
2023-03-01,SUNČEKO,Privatni i vjerski DV,DONJI GRAD,Vrtić,,,0
2023-03-01,SVETA ANĐELA MERICI,Privatni i vjerski DV,DONJI GRAD,Jaslice,,,0
2023-03-01,SVETA ANĐELA MERICI,Privatni i vjerski DV,DONJI GRAD,Vrtić,,,0
2023-03-01,SVETOG VINKA,Privatni i vjerski DV,DONJI GRAD,Jaslice,,,0
2023-03-01,SVETOG VINKA,Privatni i vjerski DV,DONJI GRAD,Vrtić,,,0
2023-03-01,BRAT SUNCE,Privatni i vjerski DV,GORNJI GRAD – MEDVEŠČAK,Jaslice,,,0
2023-03-01,BRAT SUNCE,Privatni i vjerski DV,GORNJI GRAD – MEDVEŠČAK,Vrtić,,,3
2023-03-01,CVJETNJAK,Privatni i vjerski DV,GORNJI GRAD – MEDVEŠČAK,Jaslice,,,0
2023-03-01,CVJETNJAK,Privatni i vjerski DV,GORNJI GRAD – MEDVEŠČAK,Vrtić,,,0
2023-03-01,ČAROBNI SVIJET,Privatni i vjerski DV,GORNJI GRAD – MEDVEŠČAK,Jaslice,,,0
2023-03-01,ČAROBNI SVIJET,Privatni i vjerski DV,GORNJI GRAD – MEDVEŠČAK,Vrtić,,,0
2023-03-01,MALENI TALENTI,Privatni i vjerski DV,GORNJI GRAD – MEDVEŠČAK,Jaslice,,,0
2023-03-01,MALENI TALENTI,Privatni i vjerski DV,GORNJI GRAD – MEDVEŠČAK,Vrtić,,,0
2023-03-01,MARIJE PETKOVIĆ,Privatni i vjerski DV,GORNJI GRAD – MEDVEŠČAK,Jaslice,,,0
2023-03-01,MARIJE PETKOVIĆ,Privatni i vjerski DV,GORNJI GRAD – MEDVEŠČAK,Vrtić,,,0
2023-03-01,OBZORI,Privatni i vjerski DV,GORNJI GRAD – MEDVEŠČAK,Jaslice,,,0
2023-03-01,OBZORI,Privatni i vjerski DV,GORNJI GRAD – MEDVEŠČAK,Vrtić,,,0
2023-03-01,OŠ HUGO KON,Privatni i vjerski DV,GORNJI GRAD – MEDVEŠČAK,Jaslice,,,0
2023-03-01,OŠ HUGO KON,Privatni i vjerski DV,GORNJI GRAD – MEDVEŠČAK,Vrtić,,,7
2023-03-01,SRČEKO,Privatni i vjerski DV,GORNJI GRAD – MEDVEŠČAK,Jaslice,,,0
2023-03-01,SRČEKO,Privatni i vjerski DV,GORNJI GRAD – MEDVEŠČAK,Vrtić,,,1
2023-03-01,ŠARENA LOPTICA,Privatni i vjerski DV,GORNJI GRAD – MEDVEŠČAK,Jaslice,,,0
2023-03-01,ŠARENA LOPTICA,Privatni i vjerski DV,GORNJI GRAD – MEDVEŠČAK,Vrtić,,,3
2023-03-01,BLAŽENA HOZANA,Privatni i vjerski DV,TRNJE,Jaslice,,,0
2023-03-01,BLAŽENA HOZANA,Privatni i vjerski DV,TRNJE,Vrtić,,,0
2023-03-01,ČIGRA,Privatni i vjerski DV,TRNJE,Jaslice,,,0
2023-03-01,ČIGRA,Privatni i vjerski DV,TRNJE,Vrtić,,,0
2023-03-01,DOBRO DRVO,Privatni i vjerski DV,TRNJE,Jaslice,,,0
2023-03-01,DOBRO DRVO,Privatni i vjerski DV,TRNJE,Vrtić,,,0
2023-03-01,KREATIVNI DANI,Privatni i vjerski DV,TRNJE,Jaslice,,,0
2023-03-01,KREATIVNI DANI,Privatni i vjerski DV,TRNJE,Vrtić,,,0
2023-03-01,VITICA,Privatni i vjerski DV,TRNJE,Jaslice,,,0
2023-03-01,VITICA,Privatni i vjerski DV,TRNJE,Vrtić,,,1
2023-03-01,JORDANOVAC,Privatni i vjerski DV,MAKSIMIR,Jaslice,,,0
2023-03-01,JORDANOVAC,Privatni i vjerski DV,MAKSIMIR,Vrtić,,,0
2023-03-01,SVEMIRKO,Privatni i vjerski DV,MAKSIMIR,Jaslice,,,0
2023-03-01,SVEMIRKO,Privatni i vjerski DV,MAKSIMIR,Vrtić,,,0
2023-03-01,SVETOG FRANJE,Privatni i vjerski DV,MAKSIMIR,Jaslice,,,0
2023-03-01,SVETOG FRANJE,Privatni i vjerski DV,MAKSIMIR,Vrtić,,,0
2023-03-01,ČAROBNA ŠUMA,Privatni i vjerski DV,NOVI ZAGREB - ISTOK,Jaslice,,,0
2023-03-01,ČAROBNA ŠUMA,Privatni i vjerski DV,NOVI ZAGREB - ISTOK,Vrtić,,,0
2023-03-01,MALI ISTRAŽIVAČ,Privatni i vjerski DV,NOVI ZAGREB - ISTOK,Jaslice,,,0
2023-03-01,MALI ISTRAŽIVAČ,Privatni i vjerski DV,NOVI ZAGREB - ISTOK,Vrtić,,,0
2023-03-01,CICA MACA,Privatni i vjerski DV,NOVI ZAGREB - ZAPAD,Jaslice,,,0
2023-03-01,CICA MACA,Privatni i vjerski DV,NOVI ZAGREB - ZAPAD,Vrtić,,,0
2023-03-01,DJEČJI KORACI,Privatni i vjerski DV,NOVI ZAGREB - ZAPAD,Jaslice,,,0
2023-03-01,DJEČJI KORACI,Privatni i vjerski DV,NOVI ZAGREB - ZAPAD,Vrtić,,,0
2023-03-01,LEPTIRIĆ LU,Privatni i vjerski DV,NOVI ZAGREB - ZAPAD,Jaslice,,,0
2023-03-01,LEPTIRIĆ LU,Privatni i vjerski DV,NOVI ZAGREB - ZAPAD,Vrtić,,,0
2023-03-01,LETEĆI MEDVJEDIĆI,Privatni i vjerski DV,NOVI ZAGREB - ZAPAD,Jaslice,,,0
2023-03-01,LETEĆI MEDVJEDIĆI,Privatni i vjerski DV,NOVI ZAGREB - ZAPAD,Vrtić,,,0
2023-03-01,MALI SVIJET,Privatni i vjerski DV,NOVI ZAGREB - ZAPAD,Jaslice,,,0
2023-03-01,MALI SVIJET,Privatni i vjerski DV,NOVI ZAGREB - ZAPAD,Vrtić,,,0
2023-03-01,MUDRE GLAVICE,Privatni i vjerski DV,NOVI ZAGREB - ZAPAD,Jaslice,,,0
2023-03-01,MUDRE GLAVICE,Privatni i vjerski DV,NOVI ZAGREB - ZAPAD,Vrtić,,,0
2023-03-01,PINGVIN,Privatni i vjerski DV,NOVI ZAGREB - ZAPAD,Jaslice,,,0
2023-03-01,PINGVIN,Privatni i vjerski DV,NOVI ZAGREB - ZAPAD,Vrtić,,,0
2023-03-01,KOCKICA,Privatni i vjerski DV,TREŠNJEVKA - SJEVER,Jaslice,,,0
2023-03-01,KOCKICA,Privatni i vjerski DV,TREŠNJEVKA - SJEVER,Vrtić,,,0
2023-03-01,OŠ MONTESSORI BARUNICE DEDEE VRANYCZANI,Privatni i vjerski DV,TREŠNJEVKA - SJEVER,Jaslice,,,0
2023-03-01,OŠ MONTESSORI BARUNICE DEDEE VRANYCZANI,Privatni i vjerski DV,TREŠNJEVKA - SJEVER,Vrtić,,,0
2023-03-01,PIKULICA,Privatni i vjerski DV,TREŠNJEVKA - SJEVER,Jaslice,,,0
2023-03-01,PIKULICA,Privatni i vjerski DV,TREŠNJEVKA - SJEVER,Vrtić,,,0
2023-03-01,ČUPKO,Privatni i vjerski DV,TREŠNJEVKA - JUG,Jaslice,,,0
2023-03-01,ČUPKO,Privatni i vjerski DV,TREŠNJEVKA - JUG,Vrtić,,,0
2023-03-01,FRFI,Privatni i vjerski DV,TREŠNJEVKA - JUG,Jaslice,,,0
2023-03-01,FRFI,Privatni i vjerski DV,TREŠNJEVKA - JUG,Vrtić,,,0
2023-03-01,NEMO,Privatni i vjerski DV,TREŠNJEVKA - JUG,Jaslice,,,0
2023-03-01,NEMO,Privatni i vjerski DV,TREŠNJEVKA - JUG,Vrtić,,,0
2023-03-01,PIPI DUGA ČARAPA,Privatni i vjerski DV,TREŠNJEVKA - JUG,Jaslice,,,0
2023-03-01,PIPI DUGA ČARAPA,Privatni i vjerski DV,TREŠNJEVKA - JUG,Vrtić,,,0
2023-03-01,ŽABAC,Privatni i vjerski DV,TREŠNJEVKA - JUG,Jaslice,,,0
2023-03-01,ŽABAC,Privatni i vjerski DV,TREŠNJEVKA - JUG,Vrtić,,,1
2023-03-01,"DOBRI, Podružnica Zagreb",Privatni i vjerski DV,ČRNOMEREC,Jaslice,,,0
2023-03-01,"DOBRI, Podružnica Zagreb",Privatni i vjerski DV,ČRNOMEREC,Vrtić,,,0
2023-03-01,MALA KUĆA,Privatni i vjerski DV,ČRNOMEREC,Jaslice,,,0
2023-03-01,MALA KUĆA,Privatni i vjerski DV,ČRNOMEREC,Vrtić,,,0
2023-03-01,"SUNČEV SJAJ  NAZARET, Podružnica Zagreb",Privatni i vjerski DV,ČRNOMEREC,Jaslice,,,0
2023-03-01,"SUNČEV SJAJ  NAZARET, Podružnica Zagreb",Privatni i vjerski DV,ČRNOMEREC,Vrtić,,,0
2023-03-01,SVETE MALE TEREZIJE,Privatni i vjerski DV,ČRNOMEREC,Jaslice,,,0
2023-03-01,SVETE MALE TEREZIJE,Privatni i vjerski DV,ČRNOMEREC,Vrtić,,,0
2023-03-01,DJEČJA IGRA,Privatni i vjerski DV,GORNJA DUBRAVA,Jaslice,,,0
2023-03-01,DJEČJA IGRA,Privatni i vjerski DV,GORNJA DUBRAVA,Vrtić,,,0
2023-03-01,MALI CVRČAK,Privatni i vjerski DV,GORNJA DUBRAVA,Jaslice,,,0
2023-03-01,MALI CVRČAK,Privatni i vjerski DV,GORNJA DUBRAVA,Vrtić,,,0
2023-03-01,SVETOG JOSIPA,Privatni i vjerski DV,GORNJA DUBRAVA,Jaslice,,,0
2023-03-01,SVETOG JOSIPA,Privatni i vjerski DV,GORNJA DUBRAVA,Vrtić,,,0
2023-03-01,VESELA KUĆICA,Privatni i vjerski DV,GORNJA DUBRAVA,Jaslice,,,0
2023-03-01,VESELA KUĆICA,Privatni i vjerski DV,GORNJA DUBRAVA,Vrtić,,,0
2023-03-01,RIBICA,Privatni i vjerski DV,DONJA DUBRAVA,Jaslice,,,0
2023-03-01,RIBICA,Privatni i vjerski DV,DONJA DUBRAVA,Vrtić,,,0
2023-03-01,ČAROBNI DVORAC,Privatni i vjerski DV,STENJEVEC,Jaslice,,,0
2023-03-01,ČAROBNI DVORAC,Privatni i vjerski DV,STENJEVEC,Vrtić,,,0
2023-03-01,HARFA,Privatni i vjerski DV,STENJEVEC,Jaslice,,,0
2023-03-01,HARFA,Privatni i vjerski DV,STENJEVEC,Vrtić,,,0
2023-03-01,MONTESSORI,Privatni i vjerski DV,STENJEVEC,Jaslice,,,0
2023-03-01,MONTESSORI,Privatni i vjerski DV,STENJEVEC,Vrtić,,,0
2023-03-01,PALČIĆ,Privatni i vjerski DV,STENJEVEC,Jaslice,,,0
2023-03-01,PALČIĆ,Privatni i vjerski DV,STENJEVEC,Vrtić,,,0
2023-03-01,PANDA,Privatni i vjerski DV,STENJEVEC,Jaslice,,,0
2023-03-01,PANDA,Privatni i vjerski DV,STENJEVEC,Vrtić,,,0
2023-03-01,"BAMBI, Podružnica Zagreb",Privatni i vjerski DV,PODSUSED - VRAPČE,Jaslice,,,0
2023-03-01,"BAMBI, Podružnica Zagreb",Privatni i vjerski DV,PODSUSED - VRAPČE,Vrtić,,,2
2023-03-01,ČAROBNA KUĆICA,Privatni i vjerski DV,PODSUSED - VRAPČE,Jaslice,,,0
2023-03-01,ČAROBNA KUĆICA,Privatni i vjerski DV,PODSUSED - VRAPČE,Vrtić,,,0
2023-03-01,KOŠNICA,Privatni i vjerski DV,PODSUSED - VRAPČE,Jaslice,,,0
2023-03-01,KOŠNICA,Privatni i vjerski DV,PODSUSED - VRAPČE,Vrtić,,,0
2023-03-01,KUĆICA,Privatni i vjerski DV,PODSUSED - VRAPČE,Jaslice,,,0
2023-03-01,KUĆICA,Privatni i vjerski DV,PODSUSED - VRAPČE,Vrtić,,,0
2023-03-01,LIMAČ,Privatni i vjerski DV,PODSUSED - VRAPČE,Jaslice,,,0
2023-03-01,LIMAČ,Privatni i vjerski DV,PODSUSED - VRAPČE,Vrtić,,,0
2023-03-01,MAČAK U ČIZMAMA,Privatni i vjerski DV,PODSLJEME,Jaslice,,,0
2023-03-01,MAČAK U ČIZMAMA,Privatni i vjerski DV,PODSLJEME,Vrtić,,,0
2023-03-01,OŠ KREATIVAN RAZVOJ,Privatni i vjerski DV,PODSLJEME,Jaslice,,,0
2023-03-01,OŠ KREATIVAN RAZVOJ,Privatni i vjerski DV,PODSLJEME,Vrtić,,,3
2023-03-01,BALTAZAR,Privatni i vjerski DV,SESVETE,Jaslice,,,0
2023-03-01,BALTAZAR,Privatni i vjerski DV,SESVETE,Vrtić,,,0
2023-03-01,KOKO,Privatni i vjerski DV,SESVETE,Jaslice,,,0
2023-03-01,KOKO,Privatni i vjerski DV,SESVETE,Vrtić,,,0
2023-03-01,MAČAK PAŠKO,Privatni i vjerski DV,SESVETE,Jaslice,,,0
2023-03-01,MAČAK PAŠKO,Privatni i vjerski DV,SESVETE,Vrtić,,,1
2023-03-01,VESELA PANDICA,Privatni i vjerski DV,SESVETE,Jaslice,,,0
2023-03-01,VESELA PANDICA,Privatni i vjerski DV,SESVETE,Vrtić,,,0
2023-03-01,VRAPČIĆ,Privatni i vjerski DV,SESVETE,Jaslice,,,0
2023-03-01,VRAPČIĆ,Privatni i vjerski DV,SESVETE,Vrtić,,,0
2023-03-01,ZVONČICA,Privatni i vjerski DV,SESVETE,Jaslice,,,0
2023-03-01,ZVONČICA,Privatni i vjerski DV,SESVETE,Vrtić,,,0
2025-01-01,DV Budućnost,Gradski DV,DONJI GRAD,Jaslice,1 do 2 godine,Redoviti,0
2025-01-01,DV Budućnost,Gradski DV,DONJI GRAD,Jaslice,1 do 2 godine,Posebni,0
2025-01-01,DV Budućnost,Gradski DV,DONJI GRAD,Jaslice,2 do 3 godine,Redoviti,0
2025-01-01,DV Budućnost,Gradski DV,DONJI GRAD,Jaslice,2 do 3 godine,Posebni,0
2025-01-01,DV Budućnost,Gradski DV,DONJI GRAD,Jaslice,1 do 3 godine mješovita,Redoviti,0
2025-01-01,DV Budućnost,Gradski DV,DONJI GRAD,Jaslice,1 do 3 godine mješovita,Posebni,0
2025-01-01,DV Budućnost,Gradski DV,DONJI GRAD,Vrtić,3 do 4 godine,Redoviti,0
2025-01-01,DV Budućnost,Gradski DV,DONJI GRAD,Vrtić,3 do 4 godine,Posebni,0
2025-01-01,DV Budućnost,Gradski DV,DONJI GRAD,Vrtić,4 do 5 godina,Redoviti,4
2025-01-01,DV Budućnost,Gradski DV,DONJI GRAD,Vrtić,4 do 5 godina,Posebni,0
2025-01-01,DV Budućnost,Gradski DV,DONJI GRAD,Vrtić,5 godina do OŠ,Redoviti,0
2025-01-01,DV Budućnost,Gradski DV,DONJI GRAD,Vrtić,5 godina do OŠ,Posebni,0
2025-01-01,DV Budućnost,Gradski DV,DONJI GRAD,Vrtić,3 godine do OŠ mješovita,Redoviti,0
2025-01-01,DV Budućnost,Gradski DV,DONJI GRAD,Vrtić,3 godine do OŠ mješovita,Posebni,0
2025-01-01,DV Izvor,Gradski DV,DONJI GRAD,Jaslice,1 do 2 godine,Redoviti,0
2025-01-01,DV Izvor,Gradski DV,DONJI GRAD,Jaslice,1 do 2 godine,Posebni,0
2025-01-01,DV Izvor,Gradski DV,DONJI GRAD,Jaslice,2 do 3 godine,Redoviti,0
2025-01-01,DV Izvor,Gradski DV,DONJI GRAD,Jaslice,2 do 3 godine,Posebni,0
2025-01-01,DV Izvor,Gradski DV,DONJI GRAD,Jaslice,1 do 3 godine mješovita,Redoviti,0
2025-01-01,DV Izvor,Gradski DV,DONJI GRAD,Jaslice,1 do 3 godine mješovita,Posebni,0
2025-01-01,DV Izvor,Gradski DV,DONJI GRAD,Vrtić,3 do 4 godine,Redoviti,0
2025-01-01,DV Izvor,Gradski DV,DONJI GRAD,Vrtić,3 do 4 godine,Posebni,0
2025-01-01,DV Izvor,Gradski DV,DONJI GRAD,Vrtić,4 do 5 godina,Redoviti,0
2025-01-01,DV Izvor,Gradski DV,DONJI GRAD,Vrtić,4 do 5 godina,Posebni,0
2025-01-01,DV Izvor,Gradski DV,DONJI GRAD,Vrtić,5 godina do OŠ,Redoviti,0
2025-01-01,DV Izvor,Gradski DV,DONJI GRAD,Vrtić,5 godina do OŠ,Posebni,0
2025-01-01,DV Izvor,Gradski DV,DONJI GRAD,Vrtić,3 godine do OŠ mješovita,Redoviti,0
2025-01-01,DV Izvor,Gradski DV,DONJI GRAD,Vrtić,3 godine do OŠ mješovita,Posebni,0
2025-01-01,DV Krijesnice,Gradski DV,DONJI GRAD,Jaslice,1 do 2 godine,Redoviti,0
2025-01-01,DV Krijesnice,Gradski DV,DONJI GRAD,Jaslice,1 do 2 godine,Posebni,0
2025-01-01,DV Krijesnice,Gradski DV,DONJI GRAD,Jaslice,2 do 3 godine,Redoviti,0
2025-01-01,DV Krijesnice,Gradski DV,DONJI GRAD,Jaslice,2 do 3 godine,Posebni,0
2025-01-01,DV Krijesnice,Gradski DV,DONJI GRAD,Jaslice,1 do 3 godine mješovita,Redoviti,0
2025-01-01,DV Krijesnice,Gradski DV,DONJI GRAD,Jaslice,1 do 3 godine mješovita,Posebni,0
2025-01-01,DV Krijesnice,Gradski DV,DONJI GRAD,Vrtić,3 do 4 godine,Redoviti,0
2025-01-01,DV Krijesnice,Gradski DV,DONJI GRAD,Vrtić,3 do 4 godine,Posebni,0
2025-01-01,DV Krijesnice,Gradski DV,DONJI GRAD,Vrtić,4 do 5 godina,Redoviti,0
2025-01-01,DV Krijesnice,Gradski DV,DONJI GRAD,Vrtić,4 do 5 godina,Posebni,0
2025-01-01,DV Krijesnice,Gradski DV,DONJI GRAD,Vrtić,5 godina do OŠ,Redoviti,0
2025-01-01,DV Krijesnice,Gradski DV,DONJI GRAD,Vrtić,5 godina do OŠ,Posebni,0
2025-01-01,DV Krijesnice,Gradski DV,DONJI GRAD,Vrtić,3 godine do OŠ mješovita,Redoviti,0
2025-01-01,DV Krijesnice,Gradski DV,DONJI GRAD,Vrtić,3 godine do OŠ mješovita,Posebni,0
2025-01-01,DV Različak,Gradski DV,DONJI GRAD,Jaslice,1 do 2 godine,Redoviti,0
2025-01-01,DV Različak,Gradski DV,DONJI GRAD,Jaslice,1 do 2 godine,Posebni,0
2025-01-01,DV Različak,Gradski DV,DONJI GRAD,Jaslice,2 do 3 godine,Redoviti,0
2025-01-01,DV Različak,Gradski DV,DONJI GRAD,Jaslice,2 do 3 godine,Posebni,0
2025-01-01,DV Različak,Gradski DV,DONJI GRAD,Jaslice,1 do 3 godine mješovita,Redoviti,0
2025-01-01,DV Različak,Gradski DV,DONJI GRAD,Jaslice,1 do 3 godine mješovita,Posebni,0
2025-01-01,DV Različak,Gradski DV,DONJI GRAD,Vrtić,3 do 4 godine,Redoviti,0
2025-01-01,DV Različak,Gradski DV,DONJI GRAD,Vrtić,3 do 4 godine,Posebni,0
2025-01-01,DV Različak,Gradski DV,DONJI GRAD,Vrtić,4 do 5 godina,Redoviti,0
2025-01-01,DV Različak,Gradski DV,DONJI GRAD,Vrtić,4 do 5 godina,Posebni,0
2025-01-01,DV Različak,Gradski DV,DONJI GRAD,Vrtić,5 godina do OŠ,Redoviti,0
2025-01-01,DV Različak,Gradski DV,DONJI GRAD,Vrtić,5 godina do OŠ,Posebni,0
2025-01-01,DV Različak,Gradski DV,DONJI GRAD,Vrtić,3 godine do OŠ mješovita,Redoviti,0
2025-01-01,DV Različak,Gradski DV,DONJI GRAD,Vrtić,3 godine do OŠ mješovita,Posebni,2
2025-01-01,DV Vedri dani,Gradski DV,DONJI GRAD,Jaslice,1 do 2 godine,Redoviti,0
2025-01-01,DV Vedri dani,Gradski DV,DONJI GRAD,Jaslice,1 do 2 godine,Posebni,0
2025-01-01,DV Vedri dani,Gradski DV,DONJI GRAD,Jaslice,2 do 3 godine,Redoviti,0
2025-01-01,DV Vedri dani,Gradski DV,DONJI GRAD,Jaslice,2 do 3 godine,Posebni,0
2025-01-01,DV Vedri dani,Gradski DV,DONJI GRAD,Jaslice,1 do 3 godine mješovita,Redoviti,0
2025-01-01,DV Vedri dani,Gradski DV,DONJI GRAD,Jaslice,1 do 3 godine mješovita,Posebni,0
2025-01-01,DV Vedri dani,Gradski DV,DONJI GRAD,Vrtić,3 do 4 godine,Redoviti,0
2025-01-01,DV Vedri dani,Gradski DV,DONJI GRAD,Vrtić,3 do 4 godine,Posebni,0
2025-01-01,DV Vedri dani,Gradski DV,DONJI GRAD,Vrtić,4 do 5 godina,Redoviti,0
2025-01-01,DV Vedri dani,Gradski DV,DONJI GRAD,Vrtić,4 do 5 godina,Posebni,0
2025-01-01,DV Vedri dani,Gradski DV,DONJI GRAD,Vrtić,5 godina do OŠ,Redoviti,0
2025-01-01,DV Vedri dani,Gradski DV,DONJI GRAD,Vrtić,5 godina do OŠ,Posebni,0
2025-01-01,DV Vedri dani,Gradski DV,DONJI GRAD,Vrtić,3 godine do OŠ mješovita,Redoviti,0
2025-01-01,DV Vedri dani,Gradski DV,DONJI GRAD,Vrtić,3 godine do OŠ mješovita,Posebni,0
2025-01-01,DV Medveščak,Gradski DV,GORNJI GRAD - MEDVEŠČAK,Jaslice,1 do 2 godine,Redoviti,0
2025-01-01,DV Medveščak,Gradski DV,GORNJI GRAD - MEDVEŠČAK,Jaslice,1 do 2 godine,Posebni,0
2025-01-01,DV Medveščak,Gradski DV,GORNJI GRAD - MEDVEŠČAK,Jaslice,2 do 3 godine,Redoviti,0
2025-01-01,DV Medveščak,Gradski DV,GORNJI GRAD - MEDVEŠČAK,Jaslice,2 do 3 godine,Posebni,0
2025-01-01,DV Medveščak,Gradski DV,GORNJI GRAD - MEDVEŠČAK,Jaslice,1 do 3 godine mješovita,Redoviti,0
2025-01-01,DV Medveščak,Gradski DV,GORNJI GRAD - MEDVEŠČAK,Jaslice,1 do 3 godine mješovita,Posebni,0
2025-01-01,DV Medveščak,Gradski DV,GORNJI GRAD - MEDVEŠČAK,Vrtić,3 do 4 godine,Redoviti,0
2025-01-01,DV Medveščak,Gradski DV,GORNJI GRAD - MEDVEŠČAK,Vrtić,3 do 4 godine,Posebni,0
2025-01-01,DV Medveščak,Gradski DV,GORNJI GRAD - MEDVEŠČAK,Vrtić,4 do 5 godina,Redoviti,0
2025-01-01,DV Medveščak,Gradski DV,GORNJI GRAD - MEDVEŠČAK,Vrtić,4 do 5 godina,Posebni,0
2025-01-01,DV Medveščak,Gradski DV,GORNJI GRAD - MEDVEŠČAK,Vrtić,5 godina do OŠ,Redoviti,4
2025-01-01,DV Medveščak,Gradski DV,GORNJI GRAD - MEDVEŠČAK,Vrtić,5 godina do OŠ,Posebni,2
2025-01-01,DV Medveščak,Gradski DV,GORNJI GRAD - MEDVEŠČAK,Vrtić,3 godine do OŠ mješovita,Redoviti,0
2025-01-01,DV Medveščak,Gradski DV,GORNJI GRAD - MEDVEŠČAK,Vrtić,3 godine do OŠ mješovita,Posebni,0
2025-01-01,DV Tatjane Marinić,Gradski DV,GORNJI GRAD - MEDVEŠČAK,Jaslice,1 do 2 godine,Redoviti,0
2025-01-01,DV Tatjane Marinić,Gradski DV,GORNJI GRAD - MEDVEŠČAK,Jaslice,1 do 2 godine,Posebni,0
2025-01-01,DV Tatjane Marinić,Gradski DV,GORNJI GRAD - MEDVEŠČAK,Jaslice,2 do 3 godine,Redoviti,0
2025-01-01,DV Tatjane Marinić,Gradski DV,GORNJI GRAD - MEDVEŠČAK,Jaslice,2 do 3 godine,Posebni,0
2025-01-01,DV Tatjane Marinić,Gradski DV,GORNJI GRAD - MEDVEŠČAK,Jaslice,1 do 3 godine mješovita,Redoviti,0
2025-01-01,DV Tatjane Marinić,Gradski DV,GORNJI GRAD - MEDVEŠČAK,Jaslice,1 do 3 godine mješovita,Posebni,0
2025-01-01,DV Tatjane Marinić,Gradski DV,GORNJI GRAD - MEDVEŠČAK,Vrtić,3 do 4 godine,Redoviti,0
2025-01-01,DV Tatjane Marinić,Gradski DV,GORNJI GRAD - MEDVEŠČAK,Vrtić,3 do 4 godine,Posebni,0
2025-01-01,DV Tatjane Marinić,Gradski DV,GORNJI GRAD - MEDVEŠČAK,Vrtić,4 do 5 godina,Redoviti,0
2025-01-01,DV Tatjane Marinić,Gradski DV,GORNJI GRAD - MEDVEŠČAK,Vrtić,4 do 5 godina,Posebni,0
2025-01-01,DV Tatjane Marinić,Gradski DV,GORNJI GRAD - MEDVEŠČAK,Vrtić,5 godina do OŠ,Redoviti,0
2025-01-01,DV Tatjane Marinić,Gradski DV,GORNJI GRAD - MEDVEŠČAK,Vrtić,5 godina do OŠ,Posebni,0
2025-01-01,DV Tatjane Marinić,Gradski DV,GORNJI GRAD - MEDVEŠČAK,Vrtić,3 godine do OŠ mješovita,Redoviti,0
2025-01-01,DV Tatjane Marinić,Gradski DV,GORNJI GRAD - MEDVEŠČAK,Vrtić,3 godine do OŠ mješovita,Posebni,0
2025-01-01,DV Vjeverica,Gradski DV,GORNJI GRAD - MEDVEŠČAK,Jaslice,1 do 2 godine,Redoviti,0
2025-01-01,DV Vjeverica,Gradski DV,GORNJI GRAD - MEDVEŠČAK,Jaslice,1 do 2 godine,Posebni,0
2025-01-01,DV Vjeverica,Gradski DV,GORNJI GRAD - MEDVEŠČAK,Jaslice,2 do 3 godine,Redoviti,0
2025-01-01,DV Vjeverica,Gradski DV,GORNJI GRAD - MEDVEŠČAK,Jaslice,2 do 3 godine,Posebni,0
2025-01-01,DV Vjeverica,Gradski DV,GORNJI GRAD - MEDVEŠČAK,Jaslice,1 do 3 godine mješovita,Redoviti,0
2025-01-01,DV Vjeverica,Gradski DV,GORNJI GRAD - MEDVEŠČAK,Jaslice,1 do 3 godine mješovita,Posebni,0
2025-01-01,DV Vjeverica,Gradski DV,GORNJI GRAD - MEDVEŠČAK,Vrtić,3 do 4 godine,Redoviti,0
2025-01-01,DV Vjeverica,Gradski DV,GORNJI GRAD - MEDVEŠČAK,Vrtić,3 do 4 godine,Posebni,0
2025-01-01,DV Vjeverica,Gradski DV,GORNJI GRAD - MEDVEŠČAK,Vrtić,4 do 5 godina,Redoviti,0
2025-01-01,DV Vjeverica,Gradski DV,GORNJI GRAD - MEDVEŠČAK,Vrtić,4 do 5 godina,Posebni,0
2025-01-01,DV Vjeverica,Gradski DV,GORNJI GRAD - MEDVEŠČAK,Vrtić,5 godina do OŠ,Redoviti,0
2025-01-01,DV Vjeverica,Gradski DV,GORNJI GRAD - MEDVEŠČAK,Vrtić,5 godina do OŠ,Posebni,0
2025-01-01,DV Vjeverica,Gradski DV,GORNJI GRAD - MEDVEŠČAK,Vrtić,3 godine do OŠ mješovita,Redoviti,0
2025-01-01,DV Vjeverica,Gradski DV,GORNJI GRAD - MEDVEŠČAK,Vrtić,3 godine do OŠ mješovita,Posebni,0
2025-01-01,DV Iskrica,Gradski DV,TRNJE,Jaslice,1 do 2 godine,Redoviti,0
2025-01-01,DV Iskrica,Gradski DV,TRNJE,Jaslice,1 do 2 godine,Posebni,0
2025-01-01,DV Iskrica,Gradski DV,TRNJE,Jaslice,2 do 3 godine,Redoviti,0
2025-01-01,DV Iskrica,Gradski DV,TRNJE,Jaslice,2 do 3 godine,Posebni,0
2025-01-01,DV Iskrica,Gradski DV,TRNJE,Jaslice,1 do 3 godine mješovita,Redoviti,0
2025-01-01,DV Iskrica,Gradski DV,TRNJE,Jaslice,1 do 3 godine mješovita,Posebni,0
2025-01-01,DV Iskrica,Gradski DV,TRNJE,Vrtić,3 do 4 godine,Redoviti,0
2025-01-01,DV Iskrica,Gradski DV,TRNJE,Vrtić,3 do 4 godine,Posebni,0
2025-01-01,DV Iskrica,Gradski DV,TRNJE,Vrtić,4 do 5 godina,Redoviti,0
2025-01-01,DV Iskrica,Gradski DV,TRNJE,Vrtić,4 do 5 godina,Posebni,0
2025-01-01,DV Iskrica,Gradski DV,TRNJE,Vrtić,5 godina do OŠ,Redoviti,0
2025-01-01,DV Iskrica,Gradski DV,TRNJE,Vrtić,5 godina do OŠ,Posebni,0
2025-01-01,DV Iskrica,Gradski DV,TRNJE,Vrtić,3 godine do OŠ mješovita,Redoviti,0
2025-01-01,DV Iskrica,Gradski DV,TRNJE,Vrtić,3 godine do OŠ mješovita,Posebni,2
2025-01-01,DV Savica,Gradski DV,TRNJE,Jaslice,1 do 2 godine,Redoviti,0
2025-01-01,DV Savica,Gradski DV,TRNJE,Jaslice,1 do 2 godine,Posebni,0
2025-01-01,DV Savica,Gradski DV,TRNJE,Jaslice,2 do 3 godine,Redoviti,0
2025-01-01,DV Savica,Gradski DV,TRNJE,Jaslice,2 do 3 godine,Posebni,0
2025-01-01,DV Savica,Gradski DV,TRNJE,Jaslice,1 do 3 godine mješovita,Redoviti,0
2025-01-01,DV Savica,Gradski DV,TRNJE,Jaslice,1 do 3 godine mješovita,Posebni,0
2025-01-01,DV Savica,Gradski DV,TRNJE,Vrtić,3 do 4 godine,Redoviti,0
2025-01-01,DV Savica,Gradski DV,TRNJE,Vrtić,3 do 4 godine,Posebni,0
2025-01-01,DV Savica,Gradski DV,TRNJE,Vrtić,4 do 5 godina,Redoviti,0
2025-01-01,DV Savica,Gradski DV,TRNJE,Vrtić,4 do 5 godina,Posebni,0
2025-01-01,DV Savica,Gradski DV,TRNJE,Vrtić,5 godina do OŠ,Redoviti,0
2025-01-01,DV Savica,Gradski DV,TRNJE,Vrtić,5 godina do OŠ,Posebni,0
2025-01-01,DV Savica,Gradski DV,TRNJE,Vrtić,3 godine do OŠ mješovita,Redoviti,0
2025-01-01,DV Savica,Gradski DV,TRNJE,Vrtić,3 godine do OŠ mješovita,Posebni,0
2025-01-01,DV Vladimira Nazora,Gradski DV,TRNJE,Jaslice,1 do 2 godine,Redoviti,0
2025-01-01,DV Vladimira Nazora,Gradski DV,TRNJE,Jaslice,1 do 2 godine,Posebni,0
2025-01-01,DV Vladimira Nazora,Gradski DV,TRNJE,Jaslice,2 do 3 godine,Redoviti,0
2025-01-01,DV Vladimira Nazora,Gradski DV,TRNJE,Jaslice,2 do 3 godine,Posebni,0
2025-01-01,DV Vladimira Nazora,Gradski DV,TRNJE,Jaslice,1 do 3 godine mješovita,Redoviti,0
2025-01-01,DV Vladimira Nazora,Gradski DV,TRNJE,Jaslice,1 do 3 godine mješovita,Posebni,0
2025-01-01,DV Vladimira Nazora,Gradski DV,TRNJE,Vrtić,3 do 4 godine,Redoviti,0
2025-01-01,DV Vladimira Nazora,Gradski DV,TRNJE,Vrtić,3 do 4 godine,Posebni,0
2025-01-01,DV Vladimira Nazora,Gradski DV,TRNJE,Vrtić,4 do 5 godina,Redoviti,5
2025-01-01,DV Vladimira Nazora,Gradski DV,TRNJE,Vrtić,4 do 5 godina,Posebni,0
2025-01-01,DV Vladimira Nazora,Gradski DV,TRNJE,Vrtić,5 godina do OŠ,Redoviti,3
2025-01-01,DV Vladimira Nazora,Gradski DV,TRNJE,Vrtić,5 godina do OŠ,Posebni,0
2025-01-01,DV Vladimira Nazora,Gradski DV,TRNJE,Vrtić,3 godine do OŠ mješovita,Redoviti,0
2025-01-01,DV Vladimira Nazora,Gradski DV,TRNJE,Vrtić,3 godine do OŠ mješovita,Posebni,0
2025-01-01,DV Vrbik,Gradski DV,TRNJE,Jaslice,1 do 2 godine,Redoviti,0
2025-01-01,DV Vrbik,Gradski DV,TRNJE,Jaslice,1 do 2 godine,Posebni,0
2025-01-01,DV Vrbik,Gradski DV,TRNJE,Jaslice,2 do 3 godine,Redoviti,0
2025-01-01,DV Vrbik,Gradski DV,TRNJE,Jaslice,2 do 3 godine,Posebni,0
2025-01-01,DV Vrbik,Gradski DV,TRNJE,Jaslice,1 do 3 godine mješovita,Redoviti,0
2025-01-01,DV Vrbik,Gradski DV,TRNJE,Jaslice,1 do 3 godine mješovita,Posebni,0
2025-01-01,DV Vrbik,Gradski DV,TRNJE,Vrtić,3 do 4 godine,Redoviti,0
2025-01-01,DV Vrbik,Gradski DV,TRNJE,Vrtić,3 do 4 godine,Posebni,0
2025-01-01,DV Vrbik,Gradski DV,TRNJE,Vrtić,4 do 5 godina,Redoviti,0
2025-01-01,DV Vrbik,Gradski DV,TRNJE,Vrtić,4 do 5 godina,Posebni,0
2025-01-01,DV Vrbik,Gradski DV,TRNJE,Vrtić,5 godina do OŠ,Redoviti,0
2025-01-01,DV Vrbik,Gradski DV,TRNJE,Vrtić,5 godina do OŠ,Posebni,0
2025-01-01,DV Vrbik,Gradski DV,TRNJE,Vrtić,3 godine do OŠ mješovita,Redoviti,0
2025-01-01,DV Vrbik,Gradski DV,TRNJE,Vrtić,3 godine do OŠ mješovita,Posebni,0
2025-01-01,DV Bukovac,Gradski DV,MAKSIMIR,Jaslice,1 do 2 godine,Redoviti,0
2025-01-01,DV Bukovac,Gradski DV,MAKSIMIR,Jaslice,1 do 2 godine,Posebni,0
2025-01-01,DV Bukovac,Gradski DV,MAKSIMIR,Jaslice,2 do 3 godine,Redoviti,0
2025-01-01,DV Bukovac,Gradski DV,MAKSIMIR,Jaslice,2 do 3 godine,Posebni,0
2025-01-01,DV Bukovac,Gradski DV,MAKSIMIR,Jaslice,1 do 3 godine mješovita,Redoviti,0
2025-01-01,DV Bukovac,Gradski DV,MAKSIMIR,Jaslice,1 do 3 godine mješovita,Posebni,0
2025-01-01,DV Bukovac,Gradski DV,MAKSIMIR,Vrtić,3 do 4 godine,Redoviti,0
2025-01-01,DV Bukovac,Gradski DV,MAKSIMIR,Vrtić,3 do 4 godine,Posebni,0
2025-01-01,DV Bukovac,Gradski DV,MAKSIMIR,Vrtić,4 do 5 godina,Redoviti,0
2025-01-01,DV Bukovac,Gradski DV,MAKSIMIR,Vrtić,4 do 5 godina,Posebni,0
2025-01-01,DV Bukovac,Gradski DV,MAKSIMIR,Vrtić,5 godina do OŠ,Redoviti,0
2025-01-01,DV Bukovac,Gradski DV,MAKSIMIR,Vrtić,5 godina do OŠ,Posebni,0
2025-01-01,DV Bukovac,Gradski DV,MAKSIMIR,Vrtić,3 godine do OŠ mješovita,Redoviti,0
2025-01-01,DV Bukovac,Gradski DV,MAKSIMIR,Vrtić,3 godine do OŠ mješovita,Posebni,0
2025-01-01,DV Maksimir,Gradski DV,MAKSIMIR,Jaslice,1 do 2 godine,Redoviti,0
2025-01-01,DV Maksimir,Gradski DV,MAKSIMIR,Jaslice,1 do 2 godine,Posebni,0
2025-01-01,DV Maksimir,Gradski DV,MAKSIMIR,Jaslice,2 do 3 godine,Redoviti,0
2025-01-01,DV Maksimir,Gradski DV,MAKSIMIR,Jaslice,2 do 3 godine,Posebni,0
2025-01-01,DV Maksimir,Gradski DV,MAKSIMIR,Jaslice,1 do 3 godine mješovita,Redoviti,0
2025-01-01,DV Maksimir,Gradski DV,MAKSIMIR,Jaslice,1 do 3 godine mješovita,Posebni,0
2025-01-01,DV Maksimir,Gradski DV,MAKSIMIR,Vrtić,3 do 4 godine,Redoviti,0
2025-01-01,DV Maksimir,Gradski DV,MAKSIMIR,Vrtić,3 do 4 godine,Posebni,0
2025-01-01,DV Maksimir,Gradski DV,MAKSIMIR,Vrtić,4 do 5 godina,Redoviti,0
2025-01-01,DV Maksimir,Gradski DV,MAKSIMIR,Vrtić,4 do 5 godina,Posebni,0
2025-01-01,DV Maksimir,Gradski DV,MAKSIMIR,Vrtić,5 godina do OŠ,Redoviti,0
2025-01-01,DV Maksimir,Gradski DV,MAKSIMIR,Vrtić,5 godina do OŠ,Posebni,0
2025-01-01,DV Maksimir,Gradski DV,MAKSIMIR,Vrtić,3 godine do OŠ mješovita,Redoviti,0
2025-01-01,DV Maksimir,Gradski DV,MAKSIMIR,Vrtić,3 godine do OŠ mješovita,Posebni,0
2025-01-01,DV Mali Princ,Gradski DV,MAKSIMIR,Jaslice,1 do 2 godine,Redoviti,0
2025-01-01,DV Mali Princ,Gradski DV,MAKSIMIR,Jaslice,1 do 2 godine,Posebni,0
2025-01-01,DV Mali Princ,Gradski DV,MAKSIMIR,Jaslice,2 do 3 godine,Redoviti,0
2025-01-01,DV Mali Princ,Gradski DV,MAKSIMIR,Jaslice,2 do 3 godine,Posebni,0
2025-01-01,DV Mali Princ,Gradski DV,MAKSIMIR,Jaslice,1 do 3 godine mješovita,Redoviti,0
2025-01-01,DV Mali Princ,Gradski DV,MAKSIMIR,Jaslice,1 do 3 godine mješovita,Posebni,0
2025-01-01,DV Mali Princ,Gradski DV,MAKSIMIR,Vrtić,3 do 4 godine,Redoviti,0
2025-01-01,DV Mali Princ,Gradski DV,MAKSIMIR,Vrtić,3 do 4 godine,Posebni,0
2025-01-01,DV Mali Princ,Gradski DV,MAKSIMIR,Vrtić,4 do 5 godina,Redoviti,0
2025-01-01,DV Mali Princ,Gradski DV,MAKSIMIR,Vrtić,4 do 5 godina,Posebni,0
2025-01-01,DV Mali Princ,Gradski DV,MAKSIMIR,Vrtić,5 godina do OŠ,Redoviti,0
2025-01-01,DV Mali Princ,Gradski DV,MAKSIMIR,Vrtić,5 godina do OŠ,Posebni,0
2025-01-01,DV Mali Princ,Gradski DV,MAKSIMIR,Vrtić,3 godine do OŠ mješovita,Redoviti,0
2025-01-01,DV Mali Princ,Gradski DV,MAKSIMIR,Vrtić,3 godine do OŠ mješovita,Posebni,0
2025-01-01,DV Trnoružica,Gradski DV,MAKSIMIR,Jaslice,1 do 2 godine,Redoviti,0
2025-01-01,DV Trnoružica,Gradski DV,MAKSIMIR,Jaslice,1 do 2 godine,Posebni,0
2025-01-01,DV Trnoružica,Gradski DV,MAKSIMIR,Jaslice,2 do 3 godine,Redoviti,0
2025-01-01,DV Trnoružica,Gradski DV,MAKSIMIR,Jaslice,2 do 3 godine,Posebni,0
2025-01-01,DV Trnoružica,Gradski DV,MAKSIMIR,Jaslice,1 do 3 godine mješovita,Redoviti,0
2025-01-01,DV Trnoružica,Gradski DV,MAKSIMIR,Jaslice,1 do 3 godine mješovita,Posebni,0
2025-01-01,DV Trnoružica,Gradski DV,MAKSIMIR,Vrtić,3 do 4 godine,Redoviti,0
2025-01-01,DV Trnoružica,Gradski DV,MAKSIMIR,Vrtić,3 do 4 godine,Posebni,0
2025-01-01,DV Trnoružica,Gradski DV,MAKSIMIR,Vrtić,4 do 5 godina,Redoviti,0
2025-01-01,DV Trnoružica,Gradski DV,MAKSIMIR,Vrtić,4 do 5 godina,Posebni,0
2025-01-01,DV Trnoružica,Gradski DV,MAKSIMIR,Vrtić,5 godina do OŠ,Redoviti,5
2025-01-01,DV Trnoružica,Gradski DV,MAKSIMIR,Vrtić,5 godina do OŠ,Posebni,0
2025-01-01,DV Trnoružica,Gradski DV,MAKSIMIR,Vrtić,3 godine do OŠ mješovita,Redoviti,0
2025-01-01,DV Trnoružica,Gradski DV,MAKSIMIR,Vrtić,3 godine do OŠ mješovita,Posebni,0
2025-01-01,DV Cvrčak,Gradski DV,PEŠČENICA - ŽITNJAK,Jaslice,1 do 2 godine,Redoviti,0
2025-01-01,DV Cvrčak,Gradski DV,PEŠČENICA - ŽITNJAK,Jaslice,1 do 2 godine,Posebni,0
2025-01-01,DV Cvrčak,Gradski DV,PEŠČENICA - ŽITNJAK,Jaslice,2 do 3 godine,Redoviti,0
2025-01-01,DV Cvrčak,Gradski DV,PEŠČENICA - ŽITNJAK,Jaslice,2 do 3 godine,Posebni,0
2025-01-01,DV Cvrčak,Gradski DV,PEŠČENICA - ŽITNJAK,Jaslice,1 do 3 godine mješovita,Redoviti,0
2025-01-01,DV Cvrčak,Gradski DV,PEŠČENICA - ŽITNJAK,Jaslice,1 do 3 godine mješovita,Posebni,0
2025-01-01,DV Cvrčak,Gradski DV,PEŠČENICA - ŽITNJAK,Vrtić,3 do 4 godine,Redoviti,0
2025-01-01,DV Cvrčak,Gradski DV,PEŠČENICA - ŽITNJAK,Vrtić,3 do 4 godine,Posebni,2
2025-01-01,DV Cvrčak,Gradski DV,PEŠČENICA - ŽITNJAK,Vrtić,4 do 5 godina,Redoviti,0
2025-01-01,DV Cvrčak,Gradski DV,PEŠČENICA - ŽITNJAK,Vrtić,4 do 5 godina,Posebni,0
2025-01-01,DV Cvrčak,Gradski DV,PEŠČENICA - ŽITNJAK,Vrtić,5 godina do OŠ,Redoviti,0
2025-01-01,DV Cvrčak,Gradski DV,PEŠČENICA - ŽITNJAK,Vrtić,5 godina do OŠ,Posebni,0
2025-01-01,DV Cvrčak,Gradski DV,PEŠČENICA - ŽITNJAK,Vrtić,3 godine do OŠ mješovita,Redoviti,0
2025-01-01,DV Cvrčak,Gradski DV,PEŠČENICA - ŽITNJAK,Vrtić,3 godine do OŠ mješovita,Posebni,4
2025-01-01,DV Duga,Gradski DV,PEŠČENICA - ŽITNJAK,Jaslice,1 do 2 godine,Redoviti,0
2025-01-01,DV Duga,Gradski DV,PEŠČENICA - ŽITNJAK,Jaslice,1 do 2 godine,Posebni,0
2025-01-01,DV Duga,Gradski DV,PEŠČENICA - ŽITNJAK,Jaslice,2 do 3 godine,Redoviti,0
2025-01-01,DV Duga,Gradski DV,PEŠČENICA - ŽITNJAK,Jaslice,2 do 3 godine,Posebni,0
2025-01-01,DV Duga,Gradski DV,PEŠČENICA - ŽITNJAK,Jaslice,1 do 3 godine mješovita,Redoviti,0
2025-01-01,DV Duga,Gradski DV,PEŠČENICA - ŽITNJAK,Jaslice,1 do 3 godine mješovita,Posebni,0
2025-01-01,DV Duga,Gradski DV,PEŠČENICA - ŽITNJAK,Vrtić,3 do 4 godine,Redoviti,5
2025-01-01,DV Duga,Gradski DV,PEŠČENICA - ŽITNJAK,Vrtić,3 do 4 godine,Posebni,0
2025-01-01,DV Duga,Gradski DV,PEŠČENICA - ŽITNJAK,Vrtić,4 do 5 godina,Redoviti,0
2025-01-01,DV Duga,Gradski DV,PEŠČENICA - ŽITNJAK,Vrtić,4 do 5 godina,Posebni,0
2025-01-01,DV Duga,Gradski DV,PEŠČENICA - ŽITNJAK,Vrtić,5 godina do OŠ,Redoviti,0
2025-01-01,DV Duga,Gradski DV,PEŠČENICA - ŽITNJAK,Vrtić,5 godina do OŠ,Posebni,0
2025-01-01,DV Duga,Gradski DV,PEŠČENICA - ŽITNJAK,Vrtić,3 godine do OŠ mješovita,Redoviti,0
2025-01-01,DV Duga,Gradski DV,PEŠČENICA - ŽITNJAK,Vrtić,3 godine do OŠ mješovita,Posebni,0
2025-01-01,DV Milana Sachsa,Gradski DV,PEŠČENICA - ŽITNJAK,Jaslice,1 do 2 godine,Redoviti,0
2025-01-01,DV Milana Sachsa,Gradski DV,PEŠČENICA - ŽITNJAK,Jaslice,1 do 2 godine,Posebni,0
2025-01-01,DV Milana Sachsa,Gradski DV,PEŠČENICA - ŽITNJAK,Jaslice,2 do 3 godine,Redoviti,0
2025-01-01,DV Milana Sachsa,Gradski DV,PEŠČENICA - ŽITNJAK,Jaslice,2 do 3 godine,Posebni,0
2025-01-01,DV Milana Sachsa,Gradski DV,PEŠČENICA - ŽITNJAK,Jaslice,1 do 3 godine mješovita,Redoviti,0
2025-01-01,DV Milana Sachsa,Gradski DV,PEŠČENICA - ŽITNJAK,Jaslice,1 do 3 godine mješovita,Posebni,0
2025-01-01,DV Milana Sachsa,Gradski DV,PEŠČENICA - ŽITNJAK,Vrtić,3 do 4 godine,Redoviti,4
2025-01-01,DV Milana Sachsa,Gradski DV,PEŠČENICA - ŽITNJAK,Vrtić,3 do 4 godine,Posebni,0
2025-01-01,DV Milana Sachsa,Gradski DV,PEŠČENICA - ŽITNJAK,Vrtić,4 do 5 godina,Redoviti,0
2025-01-01,DV Milana Sachsa,Gradski DV,PEŠČENICA - ŽITNJAK,Vrtić,4 do 5 godina,Posebni,0
2025-01-01,DV Milana Sachsa,Gradski DV,PEŠČENICA - ŽITNJAK,Vrtić,5 godina do OŠ,Redoviti,1
2025-01-01,DV Milana Sachsa,Gradski DV,PEŠČENICA - ŽITNJAK,Vrtić,5 godina do OŠ,Posebni,0
2025-01-01,DV Milana Sachsa,Gradski DV,PEŠČENICA - ŽITNJAK,Vrtić,3 godine do OŠ mješovita,Redoviti,0
2025-01-01,DV Milana Sachsa,Gradski DV,PEŠČENICA - ŽITNJAK,Vrtić,3 godine do OŠ mješovita,Posebni,0
2025-01-01,DV Zrno,Gradski DV,PEŠČENICA - ŽITNJAK,Jaslice,1 do 2 godine,Redoviti,0
2025-01-01,DV Zrno,Gradski DV,PEŠČENICA - ŽITNJAK,Jaslice,1 do 2 godine,Posebni,0
2025-01-01,DV Zrno,Gradski DV,PEŠČENICA - ŽITNJAK,Jaslice,2 do 3 godine,Redoviti,0
2025-01-01,DV Zrno,Gradski DV,PEŠČENICA - ŽITNJAK,Jaslice,2 do 3 godine,Posebni,0
2025-01-01,DV Zrno,Gradski DV,PEŠČENICA - ŽITNJAK,Jaslice,1 do 3 godine mješovita,Redoviti,0
2025-01-01,DV Zrno,Gradski DV,PEŠČENICA - ŽITNJAK,Jaslice,1 do 3 godine mješovita,Posebni,0
2025-01-01,DV Zrno,Gradski DV,PEŠČENICA - ŽITNJAK,Vrtić,3 do 4 godine,Redoviti,0
2025-01-01,DV Zrno,Gradski DV,PEŠČENICA - ŽITNJAK,Vrtić,3 do 4 godine,Posebni,0
2025-01-01,DV Zrno,Gradski DV,PEŠČENICA - ŽITNJAK,Vrtić,4 do 5 godina,Redoviti,0
2025-01-01,DV Zrno,Gradski DV,PEŠČENICA - ŽITNJAK,Vrtić,4 do 5 godina,Posebni,0
2025-01-01,DV Zrno,Gradski DV,PEŠČENICA - ŽITNJAK,Vrtić,5 godina do OŠ,Redoviti,2
2025-01-01,DV Zrno,Gradski DV,PEŠČENICA - ŽITNJAK,Vrtić,5 godina do OŠ,Posebni,0
2025-01-01,DV Zrno,Gradski DV,PEŠČENICA - ŽITNJAK,Vrtić,3 godine do OŠ mješovita,Redoviti,0
2025-01-01,DV Zrno,Gradski DV,PEŠČENICA - ŽITNJAK,Vrtić,3 godine do OŠ mješovita,Posebni,0
2025-01-01,DV Sopot,Gradski DV,NOVI ZAGREB - ISTOK,Jaslice,1 do 2 godine,Redoviti,0
2025-01-01,DV Sopot,Gradski DV,NOVI ZAGREB - ISTOK,Jaslice,1 do 2 godine,Posebni,0
2025-01-01,DV Sopot,Gradski DV,NOVI ZAGREB - ISTOK,Jaslice,2 do 3 godine,Redoviti,0
2025-01-01,DV Sopot,Gradski DV,NOVI ZAGREB - ISTOK,Jaslice,2 do 3 godine,Posebni,0
2025-01-01,DV Sopot,Gradski DV,NOVI ZAGREB - ISTOK,Jaslice,1 do 3 godine mješovita,Redoviti,0
2025-01-01,DV Sopot,Gradski DV,NOVI ZAGREB - ISTOK,Jaslice,1 do 3 godine mješovita,Posebni,0
2025-01-01,DV Sopot,Gradski DV,NOVI ZAGREB - ISTOK,Vrtić,3 do 4 godine,Redoviti,0
2025-01-01,DV Sopot,Gradski DV,NOVI ZAGREB - ISTOK,Vrtić,3 do 4 godine,Posebni,0
2025-01-01,DV Sopot,Gradski DV,NOVI ZAGREB - ISTOK,Vrtić,4 do 5 godina,Redoviti,0
2025-01-01,DV Sopot,Gradski DV,NOVI ZAGREB - ISTOK,Vrtić,4 do 5 godina,Posebni,0
2025-01-01,DV Sopot,Gradski DV,NOVI ZAGREB - ISTOK,Vrtić,5 godina do OŠ,Redoviti,0
2025-01-01,DV Sopot,Gradski DV,NOVI ZAGREB - ISTOK,Vrtić,5 godina do OŠ,Posebni,0
2025-01-01,DV Sopot,Gradski DV,NOVI ZAGREB - ISTOK,Vrtić,3 godine do OŠ mješovita,Redoviti,0
2025-01-01,DV Sopot,Gradski DV,NOVI ZAGREB - ISTOK,Vrtić,3 godine do OŠ mješovita,Posebni,0
2025-01-01,DV Tratinčica,Gradski DV,NOVI ZAGREB - ISTOK,Jaslice,1 do 2 godine,Redoviti,0
2025-01-01,DV Tratinčica,Gradski DV,NOVI ZAGREB - ISTOK,Jaslice,1 do 2 godine,Posebni,0
2025-01-01,DV Tratinčica,Gradski DV,NOVI ZAGREB - ISTOK,Jaslice,2 do 3 godine,Redoviti,0
2025-01-01,DV Tratinčica,Gradski DV,NOVI ZAGREB - ISTOK,Jaslice,2 do 3 godine,Posebni,0
2025-01-01,DV Tratinčica,Gradski DV,NOVI ZAGREB - ISTOK,Jaslice,1 do 3 godine mješovita,Redoviti,0
2025-01-01,DV Tratinčica,Gradski DV,NOVI ZAGREB - ISTOK,Jaslice,1 do 3 godine mješovita,Posebni,0
2025-01-01,DV Tratinčica,Gradski DV,NOVI ZAGREB - ISTOK,Vrtić,3 do 4 godine,Redoviti,0
2025-01-01,DV Tratinčica,Gradski DV,NOVI ZAGREB - ISTOK,Vrtić,3 do 4 godine,Posebni,0
2025-01-01,DV Tratinčica,Gradski DV,NOVI ZAGREB - ISTOK,Vrtić,4 do 5 godina,Redoviti,1
2025-01-01,DV Tratinčica,Gradski DV,NOVI ZAGREB - ISTOK,Vrtić,4 do 5 godina,Posebni,0
2025-01-01,DV Tratinčica,Gradski DV,NOVI ZAGREB - ISTOK,Vrtić,5 godina do OŠ,Redoviti,10
2025-01-01,DV Tratinčica,Gradski DV,NOVI ZAGREB - ISTOK,Vrtić,5 godina do OŠ,Posebni,0
2025-01-01,DV Tratinčica,Gradski DV,NOVI ZAGREB - ISTOK,Vrtić,3 godine do OŠ mješovita,Redoviti,0
2025-01-01,DV Tratinčica,Gradski DV,NOVI ZAGREB - ISTOK,Vrtić,3 godine do OŠ mješovita,Posebni,0
2025-01-01,DV Travno,Gradski DV,NOVI ZAGREB - ISTOK,Jaslice,1 do 2 godine,Redoviti,0
2025-01-01,DV Travno,Gradski DV,NOVI ZAGREB - ISTOK,Jaslice,1 do 2 godine,Posebni,0
2025-01-01,DV Travno,Gradski DV,NOVI ZAGREB - ISTOK,Jaslice,2 do 3 godine,Redoviti,0
2025-01-01,DV Travno,Gradski DV,NOVI ZAGREB - ISTOK,Jaslice,2 do 3 godine,Posebni,0
2025-01-01,DV Travno,Gradski DV,NOVI ZAGREB - ISTOK,Jaslice,1 do 3 godine mješovita,Redoviti,0
2025-01-01,DV Travno,Gradski DV,NOVI ZAGREB - ISTOK,Jaslice,1 do 3 godine mješovita,Posebni,0
2025-01-01,DV Travno,Gradski DV,NOVI ZAGREB - ISTOK,Vrtić,3 do 4 godine,Redoviti,0
2025-01-01,DV Travno,Gradski DV,NOVI ZAGREB - ISTOK,Vrtić,3 do 4 godine,Posebni,0
2025-01-01,DV Travno,Gradski DV,NOVI ZAGREB - ISTOK,Vrtić,4 do 5 godina,Redoviti,0
2025-01-01,DV Travno,Gradski DV,NOVI ZAGREB - ISTOK,Vrtić,4 do 5 godina,Posebni,0
2025-01-01,DV Travno,Gradski DV,NOVI ZAGREB - ISTOK,Vrtić,5 godina do OŠ,Redoviti,0
2025-01-01,DV Travno,Gradski DV,NOVI ZAGREB - ISTOK,Vrtić,5 godina do OŠ,Posebni,0
2025-01-01,DV Travno,Gradski DV,NOVI ZAGREB - ISTOK,Vrtić,3 godine do OŠ mješovita,Redoviti,0
2025-01-01,DV Travno,Gradski DV,NOVI ZAGREB - ISTOK,Vrtić,3 godine do OŠ mješovita,Posebni,0
2025-01-01,DV Utrina,Gradski DV,NOVI ZAGREB - ISTOK,Jaslice,1 do 2 godine,Redoviti,0
2025-01-01,DV Utrina,Gradski DV,NOVI ZAGREB - ISTOK,Jaslice,1 do 2 godine,Posebni,0
2025-01-01,DV Utrina,Gradski DV,NOVI ZAGREB - ISTOK,Jaslice,2 do 3 godine,Redoviti,0
2025-01-01,DV Utrina,Gradski DV,NOVI ZAGREB - ISTOK,Jaslice,2 do 3 godine,Posebni,0
2025-01-01,DV Utrina,Gradski DV,NOVI ZAGREB - ISTOK,Jaslice,1 do 3 godine mješovita,Redoviti,0
2025-01-01,DV Utrina,Gradski DV,NOVI ZAGREB - ISTOK,Jaslice,1 do 3 godine mješovita,Posebni,0
2025-01-01,DV Utrina,Gradski DV,NOVI ZAGREB - ISTOK,Vrtić,3 do 4 godine,Redoviti,0
2025-01-01,DV Utrina,Gradski DV,NOVI ZAGREB - ISTOK,Vrtić,3 do 4 godine,Posebni,0
2025-01-01,DV Utrina,Gradski DV,NOVI ZAGREB - ISTOK,Vrtić,4 do 5 godina,Redoviti,0
2025-01-01,DV Utrina,Gradski DV,NOVI ZAGREB - ISTOK,Vrtić,4 do 5 godina,Posebni,0
2025-01-01,DV Utrina,Gradski DV,NOVI ZAGREB - ISTOK,Vrtić,5 godina do OŠ,Redoviti,10
2025-01-01,DV Utrina,Gradski DV,NOVI ZAGREB - ISTOK,Vrtić,5 godina do OŠ,Posebni,0
2025-01-01,DV Utrina,Gradski DV,NOVI ZAGREB - ISTOK,Vrtić,3 godine do OŠ mješovita,Redoviti,0
2025-01-01,DV Utrina,Gradski DV,NOVI ZAGREB - ISTOK,Vrtić,3 godine do OŠ mješovita,Posebni,5
2025-01-01,DV Zapruđe,Gradski DV,NOVI ZAGREB - ISTOK,Jaslice,1 do 2 godine,Redoviti,0
2025-01-01,DV Zapruđe,Gradski DV,NOVI ZAGREB - ISTOK,Jaslice,1 do 2 godine,Posebni,0
2025-01-01,DV Zapruđe,Gradski DV,NOVI ZAGREB - ISTOK,Jaslice,2 do 3 godine,Redoviti,0
2025-01-01,DV Zapruđe,Gradski DV,NOVI ZAGREB - ISTOK,Jaslice,2 do 3 godine,Posebni,0
2025-01-01,DV Zapruđe,Gradski DV,NOVI ZAGREB - ISTOK,Jaslice,1 do 3 godine mješovita,Redoviti,0
2025-01-01,DV Zapruđe,Gradski DV,NOVI ZAGREB - ISTOK,Jaslice,1 do 3 godine mješovita,Posebni,0
2025-01-01,DV Zapruđe,Gradski DV,NOVI ZAGREB - ISTOK,Vrtić,3 do 4 godine,Redoviti,0
2025-01-01,DV Zapruđe,Gradski DV,NOVI ZAGREB - ISTOK,Vrtić,3 do 4 godine,Posebni,0
2025-01-01,DV Zapruđe,Gradski DV,NOVI ZAGREB - ISTOK,Vrtić,4 do 5 godina,Redoviti,4
2025-01-01,DV Zapruđe,Gradski DV,NOVI ZAGREB - ISTOK,Vrtić,4 do 5 godina,Posebni,1
2025-01-01,DV Zapruđe,Gradski DV,NOVI ZAGREB - ISTOK,Vrtić,5 godina do OŠ,Redoviti,5
2025-01-01,DV Zapruđe,Gradski DV,NOVI ZAGREB - ISTOK,Vrtić,5 godina do OŠ,Posebni,0
2025-01-01,DV Zapruđe,Gradski DV,NOVI ZAGREB - ISTOK,Vrtić,3 godine do OŠ mješovita,Redoviti,0
2025-01-01,DV Zapruđe,Gradski DV,NOVI ZAGREB - ISTOK,Vrtić,3 godine do OŠ mješovita,Posebni,3
2025-01-01,DV Botinec,Gradski DV,NOVI ZAGREB - ZAPAD,Jaslice,1 do 2 godine,Redoviti,0
2025-01-01,DV Botinec,Gradski DV,NOVI ZAGREB - ZAPAD,Jaslice,1 do 2 godine,Posebni,0
2025-01-01,DV Botinec,Gradski DV,NOVI ZAGREB - ZAPAD,Jaslice,2 do 3 godine,Redoviti,0
2025-01-01,DV Botinec,Gradski DV,NOVI ZAGREB - ZAPAD,Jaslice,2 do 3 godine,Posebni,0
2025-01-01,DV Botinec,Gradski DV,NOVI ZAGREB - ZAPAD,Jaslice,1 do 3 godine mješovita,Redoviti,0
2025-01-01,DV Botinec,Gradski DV,NOVI ZAGREB - ZAPAD,Jaslice,1 do 3 godine mješovita,Posebni,0
2025-01-01,DV Botinec,Gradski DV,NOVI ZAGREB - ZAPAD,Vrtić,3 do 4 godine,Redoviti,0
2025-01-01,DV Botinec,Gradski DV,NOVI ZAGREB - ZAPAD,Vrtić,3 do 4 godine,Posebni,0
2025-01-01,DV Botinec,Gradski DV,NOVI ZAGREB - ZAPAD,Vrtić,4 do 5 godina,Redoviti,0
2025-01-01,DV Botinec,Gradski DV,NOVI ZAGREB - ZAPAD,Vrtić,4 do 5 godina,Posebni,0
2025-01-01,DV Botinec,Gradski DV,NOVI ZAGREB - ZAPAD,Vrtić,5 godina do OŠ,Redoviti,0
2025-01-01,DV Botinec,Gradski DV,NOVI ZAGREB - ZAPAD,Vrtić,5 godina do OŠ,Posebni,0
2025-01-01,DV Botinec,Gradski DV,NOVI ZAGREB - ZAPAD,Vrtić,3 godine do OŠ mješovita,Redoviti,0
2025-01-01,DV Botinec,Gradski DV,NOVI ZAGREB - ZAPAD,Vrtić,3 godine do OŠ mješovita,Posebni,0
2025-01-01,DV Hrvatski Leskovac,Gradski DV,NOVI ZAGREB - ZAPAD,Jaslice,1 do 2 godine,Redoviti,0
2025-01-01,DV Hrvatski Leskovac,Gradski DV,NOVI ZAGREB - ZAPAD,Jaslice,1 do 2 godine,Posebni,0
2025-01-01,DV Hrvatski Leskovac,Gradski DV,NOVI ZAGREB - ZAPAD,Jaslice,2 do 3 godine,Redoviti,0
2025-01-01,DV Hrvatski Leskovac,Gradski DV,NOVI ZAGREB - ZAPAD,Jaslice,2 do 3 godine,Posebni,0
2025-01-01,DV Hrvatski Leskovac,Gradski DV,NOVI ZAGREB - ZAPAD,Jaslice,1 do 3 godine mješovita,Redoviti,0
2025-01-01,DV Hrvatski Leskovac,Gradski DV,NOVI ZAGREB - ZAPAD,Jaslice,1 do 3 godine mješovita,Posebni,0
2025-01-01,DV Hrvatski Leskovac,Gradski DV,NOVI ZAGREB - ZAPAD,Vrtić,3 do 4 godine,Redoviti,0
2025-01-01,DV Hrvatski Leskovac,Gradski DV,NOVI ZAGREB - ZAPAD,Vrtić,3 do 4 godine,Posebni,0
2025-01-01,DV Hrvatski Leskovac,Gradski DV,NOVI ZAGREB - ZAPAD,Vrtić,4 do 5 godina,Redoviti,0
2025-01-01,DV Hrvatski Leskovac,Gradski DV,NOVI ZAGREB - ZAPAD,Vrtić,4 do 5 godina,Posebni,0
2025-01-01,DV Hrvatski Leskovac,Gradski DV,NOVI ZAGREB - ZAPAD,Vrtić,5 godina do OŠ,Redoviti,0
2025-01-01,DV Hrvatski Leskovac,Gradski DV,NOVI ZAGREB - ZAPAD,Vrtić,5 godina do OŠ,Posebni,0
2025-01-01,DV Hrvatski Leskovac,Gradski DV,NOVI ZAGREB - ZAPAD,Vrtić,3 godine do OŠ mješovita,Redoviti,0
2025-01-01,DV Hrvatski Leskovac,Gradski DV,NOVI ZAGREB - ZAPAD,Vrtić,3 godine do OŠ mješovita,Posebni,0
2025-01-01,DV Remetinec,Gradski DV,NOVI ZAGREB - ZAPAD,Jaslice,1 do 2 godine,Redoviti,0
2025-01-01,DV Remetinec,Gradski DV,NOVI ZAGREB - ZAPAD,Jaslice,1 do 2 godine,Posebni,0
2025-01-01,DV Remetinec,Gradski DV,NOVI ZAGREB - ZAPAD,Jaslice,2 do 3 godine,Redoviti,0
2025-01-01,DV Remetinec,Gradski DV,NOVI ZAGREB - ZAPAD,Jaslice,2 do 3 godine,Posebni,0
2025-01-01,DV Remetinec,Gradski DV,NOVI ZAGREB - ZAPAD,Jaslice,1 do 3 godine mješovita,Redoviti,0
2025-01-01,DV Remetinec,Gradski DV,NOVI ZAGREB - ZAPAD,Jaslice,1 do 3 godine mješovita,Posebni,0
2025-01-01,DV Remetinec,Gradski DV,NOVI ZAGREB - ZAPAD,Vrtić,3 do 4 godine,Redoviti,0
2025-01-01,DV Remetinec,Gradski DV,NOVI ZAGREB - ZAPAD,Vrtić,3 do 4 godine,Posebni,0
2025-01-01,DV Remetinec,Gradski DV,NOVI ZAGREB - ZAPAD,Vrtić,4 do 5 godina,Redoviti,0
2025-01-01,DV Remetinec,Gradski DV,NOVI ZAGREB - ZAPAD,Vrtić,4 do 5 godina,Posebni,0
2025-01-01,DV Remetinec,Gradski DV,NOVI ZAGREB - ZAPAD,Vrtić,5 godina do OŠ,Redoviti,0
2025-01-01,DV Remetinec,Gradski DV,NOVI ZAGREB - ZAPAD,Vrtić,5 godina do OŠ,Posebni,0
2025-01-01,DV Remetinec,Gradski DV,NOVI ZAGREB - ZAPAD,Vrtić,3 godine do OŠ mješovita,Redoviti,0
2025-01-01,DV Remetinec,Gradski DV,NOVI ZAGREB - ZAPAD,Vrtić,3 godine do OŠ mješovita,Posebni,0
2025-01-01,DV Siget,Gradski DV,NOVI ZAGREB - ZAPAD,Jaslice,1 do 2 godine,Redoviti,0
2025-01-01,DV Siget,Gradski DV,NOVI ZAGREB - ZAPAD,Jaslice,1 do 2 godine,Posebni,0
2025-01-01,DV Siget,Gradski DV,NOVI ZAGREB - ZAPAD,Jaslice,2 do 3 godine,Redoviti,0
2025-01-01,DV Siget,Gradski DV,NOVI ZAGREB - ZAPAD,Jaslice,2 do 3 godine,Posebni,0
2025-01-01,DV Siget,Gradski DV,NOVI ZAGREB - ZAPAD,Jaslice,1 do 3 godine mješovita,Redoviti,0
2025-01-01,DV Siget,Gradski DV,NOVI ZAGREB - ZAPAD,Jaslice,1 do 3 godine mješovita,Posebni,0
2025-01-01,DV Siget,Gradski DV,NOVI ZAGREB - ZAPAD,Vrtić,3 do 4 godine,Redoviti,0
2025-01-01,DV Siget,Gradski DV,NOVI ZAGREB - ZAPAD,Vrtić,3 do 4 godine,Posebni,0
2025-01-01,DV Siget,Gradski DV,NOVI ZAGREB - ZAPAD,Vrtić,4 do 5 godina,Redoviti,0
2025-01-01,DV Siget,Gradski DV,NOVI ZAGREB - ZAPAD,Vrtić,4 do 5 godina,Posebni,0
2025-01-01,DV Siget,Gradski DV,NOVI ZAGREB - ZAPAD,Vrtić,5 godina do OŠ,Redoviti,0
2025-01-01,DV Siget,Gradski DV,NOVI ZAGREB - ZAPAD,Vrtić,5 godina do OŠ,Posebni,0
2025-01-01,DV Siget,Gradski DV,NOVI ZAGREB - ZAPAD,Vrtić,3 godine do OŠ mješovita,Redoviti,0
2025-01-01,DV Siget,Gradski DV,NOVI ZAGREB - ZAPAD,Vrtić,3 godine do OŠ mješovita,Posebni,0
2025-01-01,DV Trnsko,Gradski DV,NOVI ZAGREB - ZAPAD,Jaslice,1 do 2 godine,Redoviti,0
2025-01-01,DV Trnsko,Gradski DV,NOVI ZAGREB - ZAPAD,Jaslice,1 do 2 godine,Posebni,0
2025-01-01,DV Trnsko,Gradski DV,NOVI ZAGREB - ZAPAD,Jaslice,2 do 3 godine,Redoviti,1
2025-01-01,DV Trnsko,Gradski DV,NOVI ZAGREB - ZAPAD,Jaslice,2 do 3 godine,Posebni,0
2025-01-01,DV Trnsko,Gradski DV,NOVI ZAGREB - ZAPAD,Jaslice,1 do 3 godine mješovita,Redoviti,0
2025-01-01,DV Trnsko,Gradski DV,NOVI ZAGREB - ZAPAD,Jaslice,1 do 3 godine mješovita,Posebni,0
2025-01-01,DV Trnsko,Gradski DV,NOVI ZAGREB - ZAPAD,Vrtić,3 do 4 godine,Redoviti,2
2025-01-01,DV Trnsko,Gradski DV,NOVI ZAGREB - ZAPAD,Vrtić,3 do 4 godine,Posebni,0
2025-01-01,DV Trnsko,Gradski DV,NOVI ZAGREB - ZAPAD,Vrtić,4 do 5 godina,Redoviti,2
2025-01-01,DV Trnsko,Gradski DV,NOVI ZAGREB - ZAPAD,Vrtić,4 do 5 godina,Posebni,0
2025-01-01,DV Trnsko,Gradski DV,NOVI ZAGREB - ZAPAD,Vrtić,5 godina do OŠ,Redoviti,2
2025-01-01,DV Trnsko,Gradski DV,NOVI ZAGREB - ZAPAD,Vrtić,5 godina do OŠ,Posebni,6
2025-01-01,DV Trnsko,Gradski DV,NOVI ZAGREB - ZAPAD,Vrtić,3 godine do OŠ mješovita,Redoviti,0
2025-01-01,DV Trnsko,Gradski DV,NOVI ZAGREB - ZAPAD,Vrtić,3 godine do OŠ mješovita,Posebni,0
2025-01-01,DV Bajka,Gradski DV,TREŠNJEVKA - SJEVER,Jaslice,1 do 2 godine,Redoviti,0
2025-01-01,DV Bajka,Gradski DV,TREŠNJEVKA - SJEVER,Jaslice,1 do 2 godine,Posebni,0
2025-01-01,DV Bajka,Gradski DV,TREŠNJEVKA - SJEVER,Jaslice,2 do 3 godine,Redoviti,0
2025-01-01,DV Bajka,Gradski DV,TREŠNJEVKA - SJEVER,Jaslice,2 do 3 godine,Posebni,0
2025-01-01,DV Bajka,Gradski DV,TREŠNJEVKA - SJEVER,Jaslice,1 do 3 godine mješovita,Redoviti,0
2025-01-01,DV Bajka,Gradski DV,TREŠNJEVKA - SJEVER,Jaslice,1 do 3 godine mješovita,Posebni,0
2025-01-01,DV Bajka,Gradski DV,TREŠNJEVKA - SJEVER,Vrtić,3 do 4 godine,Redoviti,2
2025-01-01,DV Bajka,Gradski DV,TREŠNJEVKA - SJEVER,Vrtić,3 do 4 godine,Posebni,0
2025-01-01,DV Bajka,Gradski DV,TREŠNJEVKA - SJEVER,Vrtić,4 do 5 godina,Redoviti,2
2025-01-01,DV Bajka,Gradski DV,TREŠNJEVKA - SJEVER,Vrtić,4 do 5 godina,Posebni,0
2025-01-01,DV Bajka,Gradski DV,TREŠNJEVKA - SJEVER,Vrtić,5 godina do OŠ,Redoviti,0
2025-01-01,DV Bajka,Gradski DV,TREŠNJEVKA - SJEVER,Vrtić,5 godina do OŠ,Posebni,0
2025-01-01,DV Bajka,Gradski DV,TREŠNJEVKA - SJEVER,Vrtić,3 godine do OŠ mješovita,Redoviti,1
2025-01-01,DV Bajka,Gradski DV,TREŠNJEVKA - SJEVER,Vrtić,3 godine do OŠ mješovita,Posebni,3
2025-01-01,DV Grigora Viteza,Gradski DV,TREŠNJEVKA - SJEVER,Jaslice,1 do 2 godine,Redoviti,0
2025-01-01,DV Grigora Viteza,Gradski DV,TREŠNJEVKA - SJEVER,Jaslice,1 do 2 godine,Posebni,0
2025-01-01,DV Grigora Viteza,Gradski DV,TREŠNJEVKA - SJEVER,Jaslice,2 do 3 godine,Redoviti,0
2025-01-01,DV Grigora Viteza,Gradski DV,TREŠNJEVKA - SJEVER,Jaslice,2 do 3 godine,Posebni,0
2025-01-01,DV Grigora Viteza,Gradski DV,TREŠNJEVKA - SJEVER,Jaslice,1 do 3 godine mješovita,Redoviti,0
2025-01-01,DV Grigora Viteza,Gradski DV,TREŠNJEVKA - SJEVER,Jaslice,1 do 3 godine mješovita,Posebni,0
2025-01-01,DV Grigora Viteza,Gradski DV,TREŠNJEVKA - SJEVER,Vrtić,3 do 4 godine,Redoviti,0
2025-01-01,DV Grigora Viteza,Gradski DV,TREŠNJEVKA - SJEVER,Vrtić,3 do 4 godine,Posebni,0
2025-01-01,DV Grigora Viteza,Gradski DV,TREŠNJEVKA - SJEVER,Vrtić,4 do 5 godina,Redoviti,1
2025-01-01,DV Grigora Viteza,Gradski DV,TREŠNJEVKA - SJEVER,Vrtić,4 do 5 godina,Posebni,0
2025-01-01,DV Grigora Viteza,Gradski DV,TREŠNJEVKA - SJEVER,Vrtić,5 godina do OŠ,Redoviti,5
2025-01-01,DV Grigora Viteza,Gradski DV,TREŠNJEVKA - SJEVER,Vrtić,5 godina do OŠ,Posebni,0
2025-01-01,DV Grigora Viteza,Gradski DV,TREŠNJEVKA - SJEVER,Vrtić,3 godine do OŠ mješovita,Redoviti,0
2025-01-01,DV Grigora Viteza,Gradski DV,TREŠNJEVKA - SJEVER,Vrtić,3 godine do OŠ mješovita,Posebni,3
2025-01-01,DV Potočnica,Gradski DV,TREŠNJEVKA - SJEVER,Jaslice,1 do 2 godine,Redoviti,0
2025-01-01,DV Potočnica,Gradski DV,TREŠNJEVKA - SJEVER,Jaslice,1 do 2 godine,Posebni,0
2025-01-01,DV Potočnica,Gradski DV,TREŠNJEVKA - SJEVER,Jaslice,2 do 3 godine,Redoviti,0
2025-01-01,DV Potočnica,Gradski DV,TREŠNJEVKA - SJEVER,Jaslice,2 do 3 godine,Posebni,0
2025-01-01,DV Potočnica,Gradski DV,TREŠNJEVKA - SJEVER,Jaslice,1 do 3 godine mješovita,Redoviti,0
2025-01-01,DV Potočnica,Gradski DV,TREŠNJEVKA - SJEVER,Jaslice,1 do 3 godine mješovita,Posebni,0
2025-01-01,DV Potočnica,Gradski DV,TREŠNJEVKA - SJEVER,Vrtić,3 do 4 godine,Redoviti,0
2025-01-01,DV Potočnica,Gradski DV,TREŠNJEVKA - SJEVER,Vrtić,3 do 4 godine,Posebni,0
2025-01-01,DV Potočnica,Gradski DV,TREŠNJEVKA - SJEVER,Vrtić,4 do 5 godina,Redoviti,0
2025-01-01,DV Potočnica,Gradski DV,TREŠNJEVKA - SJEVER,Vrtić,4 do 5 godina,Posebni,0
2025-01-01,DV Potočnica,Gradski DV,TREŠNJEVKA - SJEVER,Vrtić,5 godina do OŠ,Redoviti,3
2025-01-01,DV Potočnica,Gradski DV,TREŠNJEVKA - SJEVER,Vrtić,5 godina do OŠ,Posebni,0
2025-01-01,DV Potočnica,Gradski DV,TREŠNJEVKA - SJEVER,Vrtić,3 godine do OŠ mješovita,Redoviti,0
2025-01-01,DV Potočnica,Gradski DV,TREŠNJEVKA - SJEVER,Vrtić,3 godine do OŠ mješovita,Posebni,0
2025-01-01,DV Trešnjevka,Gradski DV,TREŠNJEVKA - SJEVER,Jaslice,1 do 2 godine,Redoviti,0
2025-01-01,DV Trešnjevka,Gradski DV,TREŠNJEVKA - SJEVER,Jaslice,1 do 2 godine,Posebni,0
2025-01-01,DV Trešnjevka,Gradski DV,TREŠNJEVKA - SJEVER,Jaslice,2 do 3 godine,Redoviti,0
2025-01-01,DV Trešnjevka,Gradski DV,TREŠNJEVKA - SJEVER,Jaslice,2 do 3 godine,Posebni,0
2025-01-01,DV Trešnjevka,Gradski DV,TREŠNJEVKA - SJEVER,Jaslice,1 do 3 godine mješovita,Redoviti,0
2025-01-01,DV Trešnjevka,Gradski DV,TREŠNJEVKA - SJEVER,Jaslice,1 do 3 godine mješovita,Posebni,0
2025-01-01,DV Trešnjevka,Gradski DV,TREŠNJEVKA - SJEVER,Vrtić,3 do 4 godine,Redoviti,0
2025-01-01,DV Trešnjevka,Gradski DV,TREŠNJEVKA - SJEVER,Vrtić,3 do 4 godine,Posebni,0
2025-01-01,DV Trešnjevka,Gradski DV,TREŠNJEVKA - SJEVER,Vrtić,4 do 5 godina,Redoviti,0
2025-01-01,DV Trešnjevka,Gradski DV,TREŠNJEVKA - SJEVER,Vrtić,4 do 5 godina,Posebni,0
2025-01-01,DV Trešnjevka,Gradski DV,TREŠNJEVKA - SJEVER,Vrtić,5 godina do OŠ,Redoviti,0
2025-01-01,DV Trešnjevka,Gradski DV,TREŠNJEVKA - SJEVER,Vrtić,5 godina do OŠ,Posebni,0
2025-01-01,DV Trešnjevka,Gradski DV,TREŠNJEVKA - SJEVER,Vrtić,3 godine do OŠ mješovita,Redoviti,0
2025-01-01,DV Trešnjevka,Gradski DV,TREŠNJEVKA - SJEVER,Vrtić,3 godine do OŠ mješovita,Posebni,0
2025-01-01,DV Zvončić,Gradski DV,TREŠNJEVKA - SJEVER,Jaslice,1 do 2 godine,Redoviti,0
2025-01-01,DV Zvončić,Gradski DV,TREŠNJEVKA - SJEVER,Jaslice,1 do 2 godine,Posebni,0
2025-01-01,DV Zvončić,Gradski DV,TREŠNJEVKA - SJEVER,Jaslice,2 do 3 godine,Redoviti,0
2025-01-01,DV Zvončić,Gradski DV,TREŠNJEVKA - SJEVER,Jaslice,2 do 3 godine,Posebni,0
2025-01-01,DV Zvončić,Gradski DV,TREŠNJEVKA - SJEVER,Jaslice,1 do 3 godine mješovita,Redoviti,0
2025-01-01,DV Zvončić,Gradski DV,TREŠNJEVKA - SJEVER,Jaslice,1 do 3 godine mješovita,Posebni,0
2025-01-01,DV Zvončić,Gradski DV,TREŠNJEVKA - SJEVER,Vrtić,3 do 4 godine,Redoviti,0
2025-01-01,DV Zvončić,Gradski DV,TREŠNJEVKA - SJEVER,Vrtić,3 do 4 godine,Posebni,0
2025-01-01,DV Zvončić,Gradski DV,TREŠNJEVKA - SJEVER,Vrtić,4 do 5 godina,Redoviti,0
2025-01-01,DV Zvončić,Gradski DV,TREŠNJEVKA - SJEVER,Vrtić,4 do 5 godina,Posebni,0
2025-01-01,DV Zvončić,Gradski DV,TREŠNJEVKA - SJEVER,Vrtić,5 godina do OŠ,Redoviti,6
2025-01-01,DV Zvončić,Gradski DV,TREŠNJEVKA - SJEVER,Vrtić,5 godina do OŠ,Posebni,0
2025-01-01,DV Zvončić,Gradski DV,TREŠNJEVKA - SJEVER,Vrtić,3 godine do OŠ mješovita,Redoviti,0
2025-01-01,DV Zvončić,Gradski DV,TREŠNJEVKA - SJEVER,Vrtić,3 godine do OŠ mješovita,Posebni,2
2025-01-01,DV Jarun,Gradski DV,TREŠNJEVKA - JUG,Jaslice,1 do 2 godine,Redoviti,0
2025-01-01,DV Jarun,Gradski DV,TREŠNJEVKA - JUG,Jaslice,1 do 2 godine,Posebni,0
2025-01-01,DV Jarun,Gradski DV,TREŠNJEVKA - JUG,Jaslice,2 do 3 godine,Redoviti,0
2025-01-01,DV Jarun,Gradski DV,TREŠNJEVKA - JUG,Jaslice,2 do 3 godine,Posebni,0
2025-01-01,DV Jarun,Gradski DV,TREŠNJEVKA - JUG,Jaslice,1 do 3 godine mješovita,Redoviti,0
2025-01-01,DV Jarun,Gradski DV,TREŠNJEVKA - JUG,Jaslice,1 do 3 godine mješovita,Posebni,0
2025-01-01,DV Jarun,Gradski DV,TREŠNJEVKA - JUG,Vrtić,3 do 4 godine,Redoviti,0
2025-01-01,DV Jarun,Gradski DV,TREŠNJEVKA - JUG,Vrtić,3 do 4 godine,Posebni,0
2025-01-01,DV Jarun,Gradski DV,TREŠNJEVKA - JUG,Vrtić,4 do 5 godina,Redoviti,0
2025-01-01,DV Jarun,Gradski DV,TREŠNJEVKA - JUG,Vrtić,4 do 5 godina,Posebni,2
2025-01-01,DV Jarun,Gradski DV,TREŠNJEVKA - JUG,Vrtić,5 godina do OŠ,Redoviti,0
2025-01-01,DV Jarun,Gradski DV,TREŠNJEVKA - JUG,Vrtić,5 godina do OŠ,Posebni,0
2025-01-01,DV Jarun,Gradski DV,TREŠNJEVKA - JUG,Vrtić,3 godine do OŠ mješovita,Redoviti,0
2025-01-01,DV Jarun,Gradski DV,TREŠNJEVKA - JUG,Vrtić,3 godine do OŠ mješovita,Posebni,0
2025-01-01,DV Matije Gupca,Gradski DV,TREŠNJEVKA - JUG,Jaslice,1 do 2 godine,Redoviti,0
2025-01-01,DV Matije Gupca,Gradski DV,TREŠNJEVKA - JUG,Jaslice,1 do 2 godine,Posebni,0
2025-01-01,DV Matije Gupca,Gradski DV,TREŠNJEVKA - JUG,Jaslice,2 do 3 godine,Redoviti,0
2025-01-01,DV Matije Gupca,Gradski DV,TREŠNJEVKA - JUG,Jaslice,2 do 3 godine,Posebni,0
2025-01-01,DV Matije Gupca,Gradski DV,TREŠNJEVKA - JUG,Jaslice,1 do 3 godine mješovita,Redoviti,0
2025-01-01,DV Matije Gupca,Gradski DV,TREŠNJEVKA - JUG,Jaslice,1 do 3 godine mješovita,Posebni,0
2025-01-01,DV Matije Gupca,Gradski DV,TREŠNJEVKA - JUG,Vrtić,3 do 4 godine,Redoviti,0
2025-01-01,DV Matije Gupca,Gradski DV,TREŠNJEVKA - JUG,Vrtić,3 do 4 godine,Posebni,0
2025-01-01,DV Matije Gupca,Gradski DV,TREŠNJEVKA - JUG,Vrtić,4 do 5 godina,Redoviti,0
2025-01-01,DV Matije Gupca,Gradski DV,TREŠNJEVKA - JUG,Vrtić,4 do 5 godina,Posebni,0
2025-01-01,DV Matije Gupca,Gradski DV,TREŠNJEVKA - JUG,Vrtić,5 godina do OŠ,Redoviti,0
2025-01-01,DV Matije Gupca,Gradski DV,TREŠNJEVKA - JUG,Vrtić,5 godina do OŠ,Posebni,0
2025-01-01,DV Matije Gupca,Gradski DV,TREŠNJEVKA - JUG,Vrtić,3 godine do OŠ mješovita,Redoviti,1
2025-01-01,DV Matije Gupca,Gradski DV,TREŠNJEVKA - JUG,Vrtić,3 godine do OŠ mješovita,Posebni,0
2025-01-01,DV Prečko,Gradski DV,TREŠNJEVKA - JUG,Jaslice,1 do 2 godine,Redoviti,0
2025-01-01,DV Prečko,Gradski DV,TREŠNJEVKA - JUG,Jaslice,1 do 2 godine,Posebni,0
2025-01-01,DV Prečko,Gradski DV,TREŠNJEVKA - JUG,Jaslice,2 do 3 godine,Redoviti,0
2025-01-01,DV Prečko,Gradski DV,TREŠNJEVKA - JUG,Jaslice,2 do 3 godine,Posebni,0
2025-01-01,DV Prečko,Gradski DV,TREŠNJEVKA - JUG,Jaslice,1 do 3 godine mješovita,Redoviti,0
2025-01-01,DV Prečko,Gradski DV,TREŠNJEVKA - JUG,Jaslice,1 do 3 godine mješovita,Posebni,0
2025-01-01,DV Prečko,Gradski DV,TREŠNJEVKA - JUG,Vrtić,3 do 4 godine,Redoviti,0
2025-01-01,DV Prečko,Gradski DV,TREŠNJEVKA - JUG,Vrtić,3 do 4 godine,Posebni,0
2025-01-01,DV Prečko,Gradski DV,TREŠNJEVKA - JUG,Vrtić,4 do 5 godina,Redoviti,0
2025-01-01,DV Prečko,Gradski DV,TREŠNJEVKA - JUG,Vrtić,4 do 5 godina,Posebni,0
2025-01-01,DV Prečko,Gradski DV,TREŠNJEVKA - JUG,Vrtić,5 godina do OŠ,Redoviti,0
2025-01-01,DV Prečko,Gradski DV,TREŠNJEVKA - JUG,Vrtić,5 godina do OŠ,Posebni,0
2025-01-01,DV Prečko,Gradski DV,TREŠNJEVKA - JUG,Vrtić,3 godine do OŠ mješovita,Redoviti,0
2025-01-01,DV Prečko,Gradski DV,TREŠNJEVKA - JUG,Vrtić,3 godine do OŠ mješovita,Posebni,0
2025-01-01,DV Srednjaci,Gradski DV,TREŠNJEVKA - JUG,Jaslice,1 do 2 godine,Redoviti,0
2025-01-01,DV Srednjaci,Gradski DV,TREŠNJEVKA - JUG,Jaslice,1 do 2 godine,Posebni,0
2025-01-01,DV Srednjaci,Gradski DV,TREŠNJEVKA - JUG,Jaslice,2 do 3 godine,Redoviti,0
2025-01-01,DV Srednjaci,Gradski DV,TREŠNJEVKA - JUG,Jaslice,2 do 3 godine,Posebni,0
2025-01-01,DV Srednjaci,Gradski DV,TREŠNJEVKA - JUG,Jaslice,1 do 3 godine mješovita,Redoviti,0
2025-01-01,DV Srednjaci,Gradski DV,TREŠNJEVKA - JUG,Jaslice,1 do 3 godine mješovita,Posebni,0
2025-01-01,DV Srednjaci,Gradski DV,TREŠNJEVKA - JUG,Vrtić,3 do 4 godine,Redoviti,0
2025-01-01,DV Srednjaci,Gradski DV,TREŠNJEVKA - JUG,Vrtić,3 do 4 godine,Posebni,0
2025-01-01,DV Srednjaci,Gradski DV,TREŠNJEVKA - JUG,Vrtić,4 do 5 godina,Redoviti,0
2025-01-01,DV Srednjaci,Gradski DV,TREŠNJEVKA - JUG,Vrtić,4 do 5 godina,Posebni,0
2025-01-01,DV Srednjaci,Gradski DV,TREŠNJEVKA - JUG,Vrtić,5 godina do OŠ,Redoviti,0
2025-01-01,DV Srednjaci,Gradski DV,TREŠNJEVKA - JUG,Vrtić,5 godina do OŠ,Posebni,1
2025-01-01,DV Srednjaci,Gradski DV,TREŠNJEVKA - JUG,Vrtić,3 godine do OŠ mješovita,Redoviti,0
2025-01-01,DV Srednjaci,Gradski DV,TREŠNJEVKA - JUG,Vrtić,3 godine do OŠ mješovita,Posebni,0
2025-01-01,DV Petar Pan,Gradski DV,ČRNOMEREC,Jaslice,1 do 2 godine,Redoviti,0
2025-01-01,DV Petar Pan,Gradski DV,ČRNOMEREC,Jaslice,1 do 2 godine,Posebni,0
2025-01-01,DV Petar Pan,Gradski DV,ČRNOMEREC,Jaslice,2 do 3 godine,Redoviti,0
2025-01-01,DV Petar Pan,Gradski DV,ČRNOMEREC,Jaslice,2 do 3 godine,Posebni,0
2025-01-01,DV Petar Pan,Gradski DV,ČRNOMEREC,Jaslice,1 do 3 godine mješovita,Redoviti,0
2025-01-01,DV Petar Pan,Gradski DV,ČRNOMEREC,Jaslice,1 do 3 godine mješovita,Posebni,0
2025-01-01,DV Petar Pan,Gradski DV,ČRNOMEREC,Vrtić,3 do 4 godine,Redoviti,0
2025-01-01,DV Petar Pan,Gradski DV,ČRNOMEREC,Vrtić,3 do 4 godine,Posebni,0
2025-01-01,DV Petar Pan,Gradski DV,ČRNOMEREC,Vrtić,4 do 5 godina,Redoviti,0
2025-01-01,DV Petar Pan,Gradski DV,ČRNOMEREC,Vrtić,4 do 5 godina,Posebni,0
2025-01-01,DV Petar Pan,Gradski DV,ČRNOMEREC,Vrtić,5 godina do OŠ,Redoviti,0
2025-01-01,DV Petar Pan,Gradski DV,ČRNOMEREC,Vrtić,5 godina do OŠ,Posebni,0
2025-01-01,DV Petar Pan,Gradski DV,ČRNOMEREC,Vrtić,3 godine do OŠ mješovita,Redoviti,0
2025-01-01,DV Petar Pan,Gradski DV,ČRNOMEREC,Vrtić,3 godine do OŠ mješovita,Posebni,1
2025-01-01,DV Šumska Jagoda,Gradski DV,ČRNOMEREC,Jaslice,1 do 2 godine,Redoviti,0
2025-01-01,DV Šumska Jagoda,Gradski DV,ČRNOMEREC,Jaslice,1 do 2 godine,Posebni,0
2025-01-01,DV Šumska Jagoda,Gradski DV,ČRNOMEREC,Jaslice,2 do 3 godine,Redoviti,0
2025-01-01,DV Šumska Jagoda,Gradski DV,ČRNOMEREC,Jaslice,2 do 3 godine,Posebni,0
2025-01-01,DV Šumska Jagoda,Gradski DV,ČRNOMEREC,Jaslice,1 do 3 godine mješovita,Redoviti,0
2025-01-01,DV Šumska Jagoda,Gradski DV,ČRNOMEREC,Jaslice,1 do 3 godine mješovita,Posebni,0
2025-01-01,DV Šumska Jagoda,Gradski DV,ČRNOMEREC,Vrtić,3 do 4 godine,Redoviti,0
2025-01-01,DV Šumska Jagoda,Gradski DV,ČRNOMEREC,Vrtić,3 do 4 godine,Posebni,0
2025-01-01,DV Šumska Jagoda,Gradski DV,ČRNOMEREC,Vrtić,4 do 5 godina,Redoviti,0
2025-01-01,DV Šumska Jagoda,Gradski DV,ČRNOMEREC,Vrtić,4 do 5 godina,Posebni,0
2025-01-01,DV Šumska Jagoda,Gradski DV,ČRNOMEREC,Vrtić,5 godina do OŠ,Redoviti,0
2025-01-01,DV Šumska Jagoda,Gradski DV,ČRNOMEREC,Vrtić,5 godina do OŠ,Posebni,0
2025-01-01,DV Šumska Jagoda,Gradski DV,ČRNOMEREC,Vrtić,3 godine do OŠ mješovita,Redoviti,0
2025-01-01,DV Šumska Jagoda,Gradski DV,ČRNOMEREC,Vrtić,3 godine do OŠ mješovita,Posebni,1
2025-01-01,DV Kolibri,Gradski DV,GORNJA DUBRAVA,Jaslice,1 do 2 godine,Redoviti,0
2025-01-01,DV Kolibri,Gradski DV,GORNJA DUBRAVA,Jaslice,1 do 2 godine,Posebni,0
2025-01-01,DV Kolibri,Gradski DV,GORNJA DUBRAVA,Jaslice,2 do 3 godine,Redoviti,0
2025-01-01,DV Kolibri,Gradski DV,GORNJA DUBRAVA,Jaslice,2 do 3 godine,Posebni,0
2025-01-01,DV Kolibri,Gradski DV,GORNJA DUBRAVA,Jaslice,1 do 3 godine mješovita,Redoviti,0
2025-01-01,DV Kolibri,Gradski DV,GORNJA DUBRAVA,Jaslice,1 do 3 godine mješovita,Posebni,0
2025-01-01,DV Kolibri,Gradski DV,GORNJA DUBRAVA,Vrtić,3 do 4 godine,Redoviti,0
2025-01-01,DV Kolibri,Gradski DV,GORNJA DUBRAVA,Vrtić,3 do 4 godine,Posebni,0
2025-01-01,DV Kolibri,Gradski DV,GORNJA DUBRAVA,Vrtić,4 do 5 godina,Redoviti,0
2025-01-01,DV Kolibri,Gradski DV,GORNJA DUBRAVA,Vrtić,4 do 5 godina,Posebni,0
2025-01-01,DV Kolibri,Gradski DV,GORNJA DUBRAVA,Vrtić,5 godina do OŠ,Redoviti,0
2025-01-01,DV Kolibri,Gradski DV,GORNJA DUBRAVA,Vrtić,5 godina do OŠ,Posebni,0
2025-01-01,DV Kolibri,Gradski DV,GORNJA DUBRAVA,Vrtić,3 godine do OŠ mješovita,Redoviti,0
2025-01-01,DV Kolibri,Gradski DV,GORNJA DUBRAVA,Vrtić,3 godine do OŠ mješovita,Posebni,0
2025-01-01,DV Medo Brundo,Gradski DV,GORNJA DUBRAVA,Jaslice,1 do 2 godine,Redoviti,0
2025-01-01,DV Medo Brundo,Gradski DV,GORNJA DUBRAVA,Jaslice,1 do 2 godine,Posebni,0
2025-01-01,DV Medo Brundo,Gradski DV,GORNJA DUBRAVA,Jaslice,2 do 3 godine,Redoviti,0
2025-01-01,DV Medo Brundo,Gradski DV,GORNJA DUBRAVA,Jaslice,2 do 3 godine,Posebni,0
2025-01-01,DV Medo Brundo,Gradski DV,GORNJA DUBRAVA,Jaslice,1 do 3 godine mješovita,Redoviti,0
2025-01-01,DV Medo Brundo,Gradski DV,GORNJA DUBRAVA,Jaslice,1 do 3 godine mješovita,Posebni,0
2025-01-01,DV Medo Brundo,Gradski DV,GORNJA DUBRAVA,Vrtić,3 do 4 godine,Redoviti,0
2025-01-01,DV Medo Brundo,Gradski DV,GORNJA DUBRAVA,Vrtić,3 do 4 godine,Posebni,0
2025-01-01,DV Medo Brundo,Gradski DV,GORNJA DUBRAVA,Vrtić,4 do 5 godina,Redoviti,0
2025-01-01,DV Medo Brundo,Gradski DV,GORNJA DUBRAVA,Vrtić,4 do 5 godina,Posebni,0
2025-01-01,DV Medo Brundo,Gradski DV,GORNJA DUBRAVA,Vrtić,5 godina do OŠ,Redoviti,0
2025-01-01,DV Medo Brundo,Gradski DV,GORNJA DUBRAVA,Vrtić,5 godina do OŠ,Posebni,0
2025-01-01,DV Medo Brundo,Gradski DV,GORNJA DUBRAVA,Vrtić,3 godine do OŠ mješovita,Redoviti,0
2025-01-01,DV Medo Brundo,Gradski DV,GORNJA DUBRAVA,Vrtić,3 godine do OŠ mješovita,Posebni,0
2025-01-01,DV Pčelica,Gradski DV,GORNJA DUBRAVA,Jaslice,1 do 2 godine,Redoviti,0
2025-01-01,DV Pčelica,Gradski DV,GORNJA DUBRAVA,Jaslice,1 do 2 godine,Posebni,0
2025-01-01,DV Pčelica,Gradski DV,GORNJA DUBRAVA,Jaslice,2 do 3 godine,Redoviti,0
2025-01-01,DV Pčelica,Gradski DV,GORNJA DUBRAVA,Jaslice,2 do 3 godine,Posebni,0
2025-01-01,DV Pčelica,Gradski DV,GORNJA DUBRAVA,Jaslice,1 do 3 godine mješovita,Redoviti,0
2025-01-01,DV Pčelica,Gradski DV,GORNJA DUBRAVA,Jaslice,1 do 3 godine mješovita,Posebni,0
2025-01-01,DV Pčelica,Gradski DV,GORNJA DUBRAVA,Vrtić,3 do 4 godine,Redoviti,0
2025-01-01,DV Pčelica,Gradski DV,GORNJA DUBRAVA,Vrtić,3 do 4 godine,Posebni,0
2025-01-01,DV Pčelica,Gradski DV,GORNJA DUBRAVA,Vrtić,4 do 5 godina,Redoviti,0
2025-01-01,DV Pčelica,Gradski DV,GORNJA DUBRAVA,Vrtić,4 do 5 godina,Posebni,0
2025-01-01,DV Pčelica,Gradski DV,GORNJA DUBRAVA,Vrtić,5 godina do OŠ,Redoviti,0
2025-01-01,DV Pčelica,Gradski DV,GORNJA DUBRAVA,Vrtić,5 godina do OŠ,Posebni,0
2025-01-01,DV Pčelica,Gradski DV,GORNJA DUBRAVA,Vrtić,3 godine do OŠ mješovita,Redoviti,0
2025-01-01,DV Pčelica,Gradski DV,GORNJA DUBRAVA,Vrtić,3 godine do OŠ mješovita,Posebni,0
2025-01-01,DV Poletarac,Gradski DV,GORNJA DUBRAVA,Jaslice,1 do 2 godine,Redoviti,0
2025-01-01,DV Poletarac,Gradski DV,GORNJA DUBRAVA,Jaslice,1 do 2 godine,Posebni,0
2025-01-01,DV Poletarac,Gradski DV,GORNJA DUBRAVA,Jaslice,2 do 3 godine,Redoviti,0
2025-01-01,DV Poletarac,Gradski DV,GORNJA DUBRAVA,Jaslice,2 do 3 godine,Posebni,0
2025-01-01,DV Poletarac,Gradski DV,GORNJA DUBRAVA,Jaslice,1 do 3 godine mješovita,Redoviti,0
2025-01-01,DV Poletarac,Gradski DV,GORNJA DUBRAVA,Jaslice,1 do 3 godine mješovita,Posebni,0
2025-01-01,DV Poletarac,Gradski DV,GORNJA DUBRAVA,Vrtić,3 do 4 godine,Redoviti,0
2025-01-01,DV Poletarac,Gradski DV,GORNJA DUBRAVA,Vrtić,3 do 4 godine,Posebni,0
2025-01-01,DV Poletarac,Gradski DV,GORNJA DUBRAVA,Vrtić,4 do 5 godina,Redoviti,0
2025-01-01,DV Poletarac,Gradski DV,GORNJA DUBRAVA,Vrtić,4 do 5 godina,Posebni,0
2025-01-01,DV Poletarac,Gradski DV,GORNJA DUBRAVA,Vrtić,5 godina do OŠ,Redoviti,0
2025-01-01,DV Poletarac,Gradski DV,GORNJA DUBRAVA,Vrtić,5 godina do OŠ,Posebni,0
2025-01-01,DV Poletarac,Gradski DV,GORNJA DUBRAVA,Vrtić,3 godine do OŠ mješovita,Redoviti,0
2025-01-01,DV Poletarac,Gradski DV,GORNJA DUBRAVA,Vrtić,3 godine do OŠ mješovita,Posebni,0
2025-01-01,DV Radost,Gradski DV,GORNJA DUBRAVA,Jaslice,1 do 2 godine,Redoviti,0
2025-01-01,DV Radost,Gradski DV,GORNJA DUBRAVA,Jaslice,1 do 2 godine,Posebni,0
2025-01-01,DV Radost,Gradski DV,GORNJA DUBRAVA,Jaslice,2 do 3 godine,Redoviti,0
2025-01-01,DV Radost,Gradski DV,GORNJA DUBRAVA,Jaslice,2 do 3 godine,Posebni,0
2025-01-01,DV Radost,Gradski DV,GORNJA DUBRAVA,Jaslice,1 do 3 godine mješovita,Redoviti,0
2025-01-01,DV Radost,Gradski DV,GORNJA DUBRAVA,Jaslice,1 do 3 godine mješovita,Posebni,0
2025-01-01,DV Radost,Gradski DV,GORNJA DUBRAVA,Vrtić,3 do 4 godine,Redoviti,0
2025-01-01,DV Radost,Gradski DV,GORNJA DUBRAVA,Vrtić,3 do 4 godine,Posebni,0
2025-01-01,DV Radost,Gradski DV,GORNJA DUBRAVA,Vrtić,4 do 5 godina,Redoviti,0
2025-01-01,DV Radost,Gradski DV,GORNJA DUBRAVA,Vrtić,4 do 5 godina,Posebni,0
2025-01-01,DV Radost,Gradski DV,GORNJA DUBRAVA,Vrtić,5 godina do OŠ,Redoviti,0
2025-01-01,DV Radost,Gradski DV,GORNJA DUBRAVA,Vrtić,5 godina do OŠ,Posebni,0
2025-01-01,DV Radost,Gradski DV,GORNJA DUBRAVA,Vrtić,3 godine do OŠ mješovita,Redoviti,0
2025-01-01,DV Radost,Gradski DV,GORNJA DUBRAVA,Vrtić,3 godine do OŠ mješovita,Posebni,0
2025-01-01,DV Sunce,Gradski DV,GORNJA DUBRAVA,Jaslice,1 do 2 godine,Redoviti,0
2025-01-01,DV Sunce,Gradski DV,GORNJA DUBRAVA,Jaslice,1 do 2 godine,Posebni,0
2025-01-01,DV Sunce,Gradski DV,GORNJA DUBRAVA,Jaslice,2 do 3 godine,Redoviti,0
2025-01-01,DV Sunce,Gradski DV,GORNJA DUBRAVA,Jaslice,2 do 3 godine,Posebni,0
2025-01-01,DV Sunce,Gradski DV,GORNJA DUBRAVA,Jaslice,1 do 3 godine mješovita,Redoviti,0
2025-01-01,DV Sunce,Gradski DV,GORNJA DUBRAVA,Jaslice,1 do 3 godine mješovita,Posebni,0
2025-01-01,DV Sunce,Gradski DV,GORNJA DUBRAVA,Vrtić,3 do 4 godine,Redoviti,0
2025-01-01,DV Sunce,Gradski DV,GORNJA DUBRAVA,Vrtić,3 do 4 godine,Posebni,0
2025-01-01,DV Sunce,Gradski DV,GORNJA DUBRAVA,Vrtić,4 do 5 godina,Redoviti,0
2025-01-01,DV Sunce,Gradski DV,GORNJA DUBRAVA,Vrtić,4 do 5 godina,Posebni,0
2025-01-01,DV Sunce,Gradski DV,GORNJA DUBRAVA,Vrtić,5 godina do OŠ,Redoviti,0
2025-01-01,DV Sunce,Gradski DV,GORNJA DUBRAVA,Vrtić,5 godina do OŠ,Posebni,0
2025-01-01,DV Sunce,Gradski DV,GORNJA DUBRAVA,Vrtić,3 godine do OŠ mješovita,Redoviti,0
2025-01-01,DV Sunce,Gradski DV,GORNJA DUBRAVA,Vrtić,3 godine do OŠ mješovita,Posebni,0
2025-01-01,DV Ivane Brlić Mažuranić,Gradski DV,DONJA DUBRAVA,Jaslice,1 do 2 godine,Redoviti,0
2025-01-01,DV Ivane Brlić Mažuranić,Gradski DV,DONJA DUBRAVA,Jaslice,1 do 2 godine,Posebni,0
2025-01-01,DV Ivane Brlić Mažuranić,Gradski DV,DONJA DUBRAVA,Jaslice,2 do 3 godine,Redoviti,0
2025-01-01,DV Ivane Brlić Mažuranić,Gradski DV,DONJA DUBRAVA,Jaslice,2 do 3 godine,Posebni,0
2025-01-01,DV Ivane Brlić Mažuranić,Gradski DV,DONJA DUBRAVA,Jaslice,1 do 3 godine mješovita,Redoviti,0
2025-01-01,DV Ivane Brlić Mažuranić,Gradski DV,DONJA DUBRAVA,Jaslice,1 do 3 godine mješovita,Posebni,0
2025-01-01,DV Ivane Brlić Mažuranić,Gradski DV,DONJA DUBRAVA,Vrtić,3 do 4 godine,Redoviti,0
2025-01-01,DV Ivane Brlić Mažuranić,Gradski DV,DONJA DUBRAVA,Vrtić,3 do 4 godine,Posebni,0
2025-01-01,DV Ivane Brlić Mažuranić,Gradski DV,DONJA DUBRAVA,Vrtić,4 do 5 godina,Redoviti,0
2025-01-01,DV Ivane Brlić Mažuranić,Gradski DV,DONJA DUBRAVA,Vrtić,4 do 5 godina,Posebni,0
2025-01-01,DV Ivane Brlić Mažuranić,Gradski DV,DONJA DUBRAVA,Vrtić,5 godina do OŠ,Redoviti,0
2025-01-01,DV Ivane Brlić Mažuranić,Gradski DV,DONJA DUBRAVA,Vrtić,5 godina do OŠ,Posebni,0
2025-01-01,DV Ivane Brlić Mažuranić,Gradski DV,DONJA DUBRAVA,Vrtić,3 godine do OŠ mješovita,Redoviti,0
2025-01-01,DV Ivane Brlić Mažuranić,Gradski DV,DONJA DUBRAVA,Vrtić,3 godine do OŠ mješovita,Posebni,0
2025-01-01,DV Jabuka,Gradski DV,DONJA DUBRAVA,Jaslice,1 do 2 godine,Redoviti,1
2025-01-01,DV Jabuka,Gradski DV,DONJA DUBRAVA,Jaslice,1 do 2 godine,Posebni,0
2025-01-01,DV Jabuka,Gradski DV,DONJA DUBRAVA,Jaslice,2 do 3 godine,Redoviti,0
2025-01-01,DV Jabuka,Gradski DV,DONJA DUBRAVA,Jaslice,2 do 3 godine,Posebni,0
2025-01-01,DV Jabuka,Gradski DV,DONJA DUBRAVA,Jaslice,1 do 3 godine mješovita,Redoviti,0
2025-01-01,DV Jabuka,Gradski DV,DONJA DUBRAVA,Jaslice,1 do 3 godine mješovita,Posebni,0
2025-01-01,DV Jabuka,Gradski DV,DONJA DUBRAVA,Vrtić,3 do 4 godine,Redoviti,1
2025-01-01,DV Jabuka,Gradski DV,DONJA DUBRAVA,Vrtić,3 do 4 godine,Posebni,0
2025-01-01,DV Jabuka,Gradski DV,DONJA DUBRAVA,Vrtić,4 do 5 godina,Redoviti,0
2025-01-01,DV Jabuka,Gradski DV,DONJA DUBRAVA,Vrtić,4 do 5 godina,Posebni,0
2025-01-01,DV Jabuka,Gradski DV,DONJA DUBRAVA,Vrtić,5 godina do OŠ,Redoviti,1
2025-01-01,DV Jabuka,Gradski DV,DONJA DUBRAVA,Vrtić,5 godina do OŠ,Posebni,0
2025-01-01,DV Jabuka,Gradski DV,DONJA DUBRAVA,Vrtić,3 godine do OŠ mješovita,Redoviti,0
2025-01-01,DV Jabuka,Gradski DV,DONJA DUBRAVA,Vrtić,3 godine do OŠ mješovita,Posebni,1
2025-01-01,DV Kustošija,Gradski DV,STENJEVEC,Jaslice,1 do 2 godine,Redoviti,0
2025-01-01,DV Kustošija,Gradski DV,STENJEVEC,Jaslice,1 do 2 godine,Posebni,0
2025-01-01,DV Kustošija,Gradski DV,STENJEVEC,Jaslice,2 do 3 godine,Redoviti,0
2025-01-01,DV Kustošija,Gradski DV,STENJEVEC,Jaslice,2 do 3 godine,Posebni,0
2025-01-01,DV Kustošija,Gradski DV,STENJEVEC,Jaslice,1 do 3 godine mješovita,Redoviti,0
2025-01-01,DV Kustošija,Gradski DV,STENJEVEC,Jaslice,1 do 3 godine mješovita,Posebni,0
2025-01-01,DV Kustošija,Gradski DV,STENJEVEC,Vrtić,3 do 4 godine,Redoviti,0
2025-01-01,DV Kustošija,Gradski DV,STENJEVEC,Vrtić,3 do 4 godine,Posebni,0
2025-01-01,DV Kustošija,Gradski DV,STENJEVEC,Vrtić,4 do 5 godina,Redoviti,0
2025-01-01,DV Kustošija,Gradski DV,STENJEVEC,Vrtić,4 do 5 godina,Posebni,0
2025-01-01,DV Kustošija,Gradski DV,STENJEVEC,Vrtić,5 godina do OŠ,Redoviti,5
2025-01-01,DV Kustošija,Gradski DV,STENJEVEC,Vrtić,5 godina do OŠ,Posebni,0
2025-01-01,DV Kustošija,Gradski DV,STENJEVEC,Vrtić,3 godine do OŠ mješovita,Redoviti,0
2025-01-01,DV Kustošija,Gradski DV,STENJEVEC,Vrtić,3 godine do OŠ mješovita,Posebni,4
2025-01-01,DV Malešnica,Gradski DV,STENJEVEC,Jaslice,1 do 2 godine,Redoviti,0
2025-01-01,DV Malešnica,Gradski DV,STENJEVEC,Jaslice,1 do 2 godine,Posebni,0
2025-01-01,DV Malešnica,Gradski DV,STENJEVEC,Jaslice,2 do 3 godine,Redoviti,0
2025-01-01,DV Malešnica,Gradski DV,STENJEVEC,Jaslice,2 do 3 godine,Posebni,0
2025-01-01,DV Malešnica,Gradski DV,STENJEVEC,Jaslice,1 do 3 godine mješovita,Redoviti,0
2025-01-01,DV Malešnica,Gradski DV,STENJEVEC,Jaslice,1 do 3 godine mješovita,Posebni,0
2025-01-01,DV Malešnica,Gradski DV,STENJEVEC,Vrtić,3 do 4 godine,Redoviti,0
2025-01-01,DV Malešnica,Gradski DV,STENJEVEC,Vrtić,3 do 4 godine,Posebni,0
2025-01-01,DV Malešnica,Gradski DV,STENJEVEC,Vrtić,4 do 5 godina,Redoviti,0
2025-01-01,DV Malešnica,Gradski DV,STENJEVEC,Vrtić,4 do 5 godina,Posebni,0
2025-01-01,DV Malešnica,Gradski DV,STENJEVEC,Vrtić,5 godina do OŠ,Redoviti,0
2025-01-01,DV Malešnica,Gradski DV,STENJEVEC,Vrtić,5 godina do OŠ,Posebni,0
2025-01-01,DV Malešnica,Gradski DV,STENJEVEC,Vrtić,3 godine do OŠ mješovita,Redoviti,0
2025-01-01,DV Malešnica,Gradski DV,STENJEVEC,Vrtić,3 godine do OŠ mješovita,Posebni,2
2025-01-01,DV Sunčana,Gradski DV,STENJEVEC,Jaslice,1 do 2 godine,Redoviti,0
2025-01-01,DV Sunčana,Gradski DV,STENJEVEC,Jaslice,1 do 2 godine,Posebni,0
2025-01-01,DV Sunčana,Gradski DV,STENJEVEC,Jaslice,2 do 3 godine,Redoviti,0
2025-01-01,DV Sunčana,Gradski DV,STENJEVEC,Jaslice,2 do 3 godine,Posebni,0
2025-01-01,DV Sunčana,Gradski DV,STENJEVEC,Jaslice,1 do 3 godine mješovita,Redoviti,0
2025-01-01,DV Sunčana,Gradski DV,STENJEVEC,Jaslice,1 do 3 godine mješovita,Posebni,0
2025-01-01,DV Sunčana,Gradski DV,STENJEVEC,Vrtić,3 do 4 godine,Redoviti,0
2025-01-01,DV Sunčana,Gradski DV,STENJEVEC,Vrtić,3 do 4 godine,Posebni,0
2025-01-01,DV Sunčana,Gradski DV,STENJEVEC,Vrtić,4 do 5 godina,Redoviti,0
2025-01-01,DV Sunčana,Gradski DV,STENJEVEC,Vrtić,4 do 5 godina,Posebni,0
2025-01-01,DV Sunčana,Gradski DV,STENJEVEC,Vrtić,5 godina do OŠ,Redoviti,0
2025-01-01,DV Sunčana,Gradski DV,STENJEVEC,Vrtić,5 godina do OŠ,Posebni,2
2025-01-01,DV Sunčana,Gradski DV,STENJEVEC,Vrtić,3 godine do OŠ mješovita,Redoviti,0
2025-01-01,DV Sunčana,Gradski DV,STENJEVEC,Vrtić,3 godine do OŠ mješovita,Posebni,0
2025-01-01,DV Špansko,Gradski DV,STENJEVEC,Jaslice,1 do 2 godine,Redoviti,0
2025-01-01,DV Špansko,Gradski DV,STENJEVEC,Jaslice,1 do 2 godine,Posebni,0
2025-01-01,DV Špansko,Gradski DV,STENJEVEC,Jaslice,2 do 3 godine,Redoviti,0
2025-01-01,DV Špansko,Gradski DV,STENJEVEC,Jaslice,2 do 3 godine,Posebni,0
2025-01-01,DV Špansko,Gradski DV,STENJEVEC,Jaslice,1 do 3 godine mješovita,Redoviti,0
2025-01-01,DV Špansko,Gradski DV,STENJEVEC,Jaslice,1 do 3 godine mješovita,Posebni,0
2025-01-01,DV Špansko,Gradski DV,STENJEVEC,Vrtić,3 do 4 godine,Redoviti,0
2025-01-01,DV Špansko,Gradski DV,STENJEVEC,Vrtić,3 do 4 godine,Posebni,0
2025-01-01,DV Špansko,Gradski DV,STENJEVEC,Vrtić,4 do 5 godina,Redoviti,0
2025-01-01,DV Špansko,Gradski DV,STENJEVEC,Vrtić,4 do 5 godina,Posebni,0
2025-01-01,DV Špansko,Gradski DV,STENJEVEC,Vrtić,5 godina do OŠ,Redoviti,0
2025-01-01,DV Špansko,Gradski DV,STENJEVEC,Vrtić,5 godina do OŠ,Posebni,0
2025-01-01,DV Špansko,Gradski DV,STENJEVEC,Vrtić,3 godine do OŠ mješovita,Redoviti,0
2025-01-01,DV Špansko,Gradski DV,STENJEVEC,Vrtić,3 godine do OŠ mješovita,Posebni,0
2025-01-01,DV Gajnice,Gradski DV,PODSUSED - VRAPČE,Jaslice,1 do 2 godine,Redoviti,0
2025-01-01,DV Gajnice,Gradski DV,PODSUSED - VRAPČE,Jaslice,1 do 2 godine,Posebni,0
2025-01-01,DV Gajnice,Gradski DV,PODSUSED - VRAPČE,Jaslice,2 do 3 godine,Redoviti,0
2025-01-01,DV Gajnice,Gradski DV,PODSUSED - VRAPČE,Jaslice,2 do 3 godine,Posebni,0
2025-01-01,DV Gajnice,Gradski DV,PODSUSED - VRAPČE,Jaslice,1 do 3 godine mješovita,Redoviti,0
2025-01-01,DV Gajnice,Gradski DV,PODSUSED - VRAPČE,Jaslice,1 do 3 godine mješovita,Posebni,0
2025-01-01,DV Gajnice,Gradski DV,PODSUSED - VRAPČE,Vrtić,3 do 4 godine,Redoviti,0
2025-01-01,DV Gajnice,Gradski DV,PODSUSED - VRAPČE,Vrtić,3 do 4 godine,Posebni,0
2025-01-01,DV Gajnice,Gradski DV,PODSUSED - VRAPČE,Vrtić,4 do 5 godina,Redoviti,0
2025-01-01,DV Gajnice,Gradski DV,PODSUSED - VRAPČE,Vrtić,4 do 5 godina,Posebni,0
2025-01-01,DV Gajnice,Gradski DV,PODSUSED - VRAPČE,Vrtić,5 godina do OŠ,Redoviti,0
2025-01-01,DV Gajnice,Gradski DV,PODSUSED - VRAPČE,Vrtić,5 godina do OŠ,Posebni,0
2025-01-01,DV Gajnice,Gradski DV,PODSUSED - VRAPČE,Vrtić,3 godine do OŠ mješovita,Redoviti,0
2025-01-01,DV Gajnice,Gradski DV,PODSUSED - VRAPČE,Vrtić,3 godine do OŠ mješovita,Posebni,0
2025-01-01,DV Vrapče,Gradski DV,PODSUSED - VRAPČE,Jaslice,1 do 2 godine,Redoviti,0
2025-01-01,DV Vrapče,Gradski DV,PODSUSED - VRAPČE,Jaslice,1 do 2 godine,Posebni,0
2025-01-01,DV Vrapče,Gradski DV,PODSUSED - VRAPČE,Jaslice,2 do 3 godine,Redoviti,0
2025-01-01,DV Vrapče,Gradski DV,PODSUSED - VRAPČE,Jaslice,2 do 3 godine,Posebni,0
2025-01-01,DV Vrapče,Gradski DV,PODSUSED - VRAPČE,Jaslice,1 do 3 godine mješovita,Redoviti,0
2025-01-01,DV Vrapče,Gradski DV,PODSUSED - VRAPČE,Jaslice,1 do 3 godine mješovita,Posebni,0
2025-01-01,DV Vrapče,Gradski DV,PODSUSED - VRAPČE,Vrtić,3 do 4 godine,Redoviti,0
2025-01-01,DV Vrapče,Gradski DV,PODSUSED - VRAPČE,Vrtić,3 do 4 godine,Posebni,0
2025-01-01,DV Vrapče,Gradski DV,PODSUSED - VRAPČE,Vrtić,4 do 5 godina,Redoviti,0
2025-01-01,DV Vrapče,Gradski DV,PODSUSED - VRAPČE,Vrtić,4 do 5 godina,Posebni,0
2025-01-01,DV Vrapče,Gradski DV,PODSUSED - VRAPČE,Vrtić,5 godina do OŠ,Redoviti,0
2025-01-01,DV Vrapče,Gradski DV,PODSUSED - VRAPČE,Vrtić,5 godina do OŠ,Posebni,0
2025-01-01,DV Vrapče,Gradski DV,PODSUSED - VRAPČE,Vrtić,3 godine do OŠ mješovita,Redoviti,0
2025-01-01,DV Vrapče,Gradski DV,PODSUSED - VRAPČE,Vrtić,3 godine do OŠ mješovita,Posebni,0
2025-01-01,DV Markuševec,Gradski DV,PODSLJEME,Jaslice,1 do 2 godine,Redoviti,0
2025-01-01,DV Markuševec,Gradski DV,PODSLJEME,Jaslice,1 do 2 godine,Posebni,0
2025-01-01,DV Markuševec,Gradski DV,PODSLJEME,Jaslice,2 do 3 godine,Redoviti,0
2025-01-01,DV Markuševec,Gradski DV,PODSLJEME,Jaslice,2 do 3 godine,Posebni,0
2025-01-01,DV Markuševec,Gradski DV,PODSLJEME,Jaslice,1 do 3 godine mješovita,Redoviti,0
2025-01-01,DV Markuševec,Gradski DV,PODSLJEME,Jaslice,1 do 3 godine mješovita,Posebni,0
2025-01-01,DV Markuševec,Gradski DV,PODSLJEME,Vrtić,3 do 4 godine,Redoviti,0
2025-01-01,DV Markuševec,Gradski DV,PODSLJEME,Vrtić,3 do 4 godine,Posebni,0
2025-01-01,DV Markuševec,Gradski DV,PODSLJEME,Vrtić,4 do 5 godina,Redoviti,0
2025-01-01,DV Markuševec,Gradski DV,PODSLJEME,Vrtić,4 do 5 godina,Posebni,0
2025-01-01,DV Markuševec,Gradski DV,PODSLJEME,Vrtić,5 godina do OŠ,Redoviti,0
2025-01-01,DV Markuševec,Gradski DV,PODSLJEME,Vrtić,5 godina do OŠ,Posebni,0
2025-01-01,DV Markuševec,Gradski DV,PODSLJEME,Vrtić,3 godine do OŠ mješovita,Redoviti,1
2025-01-01,DV Markuševec,Gradski DV,PODSLJEME,Vrtić,3 godine do OŠ mješovita,Posebni,0
2025-01-01,DV Ententini,Gradski DV,SESVETE,Jaslice,1 do 2 godine,Redoviti,0
2025-01-01,DV Ententini,Gradski DV,SESVETE,Jaslice,1 do 2 godine,Posebni,0
2025-01-01,DV Ententini,Gradski DV,SESVETE,Jaslice,2 do 3 godine,Redoviti,0
2025-01-01,DV Ententini,Gradski DV,SESVETE,Jaslice,2 do 3 godine,Posebni,0
2025-01-01,DV Ententini,Gradski DV,SESVETE,Jaslice,1 do 3 godine mješovita,Redoviti,0
2025-01-01,DV Ententini,Gradski DV,SESVETE,Jaslice,1 do 3 godine mješovita,Posebni,0
2025-01-01,DV Ententini,Gradski DV,SESVETE,Vrtić,3 do 4 godine,Redoviti,0
2025-01-01,DV Ententini,Gradski DV,SESVETE,Vrtić,3 do 4 godine,Posebni,0
2025-01-01,DV Ententini,Gradski DV,SESVETE,Vrtić,4 do 5 godina,Redoviti,0
2025-01-01,DV Ententini,Gradski DV,SESVETE,Vrtić,4 do 5 godina,Posebni,0
2025-01-01,DV Ententini,Gradski DV,SESVETE,Vrtić,5 godina do OŠ,Redoviti,2
2025-01-01,DV Ententini,Gradski DV,SESVETE,Vrtić,5 godina do OŠ,Posebni,0
2025-01-01,DV Ententini,Gradski DV,SESVETE,Vrtić,3 godine do OŠ mješovita,Redoviti,2
2025-01-01,DV Ententini,Gradski DV,SESVETE,Vrtić,3 godine do OŠ mješovita,Posebni,0
2025-01-01,DV Leptir,Gradski DV,SESVETE,Jaslice,1 do 2 godine,Redoviti,0
2025-01-01,DV Leptir,Gradski DV,SESVETE,Jaslice,1 do 2 godine,Posebni,0
2025-01-01,DV Leptir,Gradski DV,SESVETE,Jaslice,2 do 3 godine,Redoviti,0
2025-01-01,DV Leptir,Gradski DV,SESVETE,Jaslice,2 do 3 godine,Posebni,0
2025-01-01,DV Leptir,Gradski DV,SESVETE,Jaslice,1 do 3 godine mješovita,Redoviti,0
2025-01-01,DV Leptir,Gradski DV,SESVETE,Jaslice,1 do 3 godine mješovita,Posebni,0
2025-01-01,DV Leptir,Gradski DV,SESVETE,Vrtić,3 do 4 godine,Redoviti,0
2025-01-01,DV Leptir,Gradski DV,SESVETE,Vrtić,3 do 4 godine,Posebni,0
2025-01-01,DV Leptir,Gradski DV,SESVETE,Vrtić,4 do 5 godina,Redoviti,0
2025-01-01,DV Leptir,Gradski DV,SESVETE,Vrtić,4 do 5 godina,Posebni,0
2025-01-01,DV Leptir,Gradski DV,SESVETE,Vrtić,5 godina do OŠ,Redoviti,0
2025-01-01,DV Leptir,Gradski DV,SESVETE,Vrtić,5 godina do OŠ,Posebni,0
2025-01-01,DV Leptir,Gradski DV,SESVETE,Vrtić,3 godine do OŠ mješovita,Redoviti,0
2025-01-01,DV Leptir,Gradski DV,SESVETE,Vrtić,3 godine do OŠ mješovita,Posebni,0
2025-01-01,DV Sesvete,Gradski DV,SESVETE,Jaslice,1 do 2 godine,Redoviti,0
2025-01-01,DV Sesvete,Gradski DV,SESVETE,Jaslice,1 do 2 godine,Posebni,0
2025-01-01,DV Sesvete,Gradski DV,SESVETE,Jaslice,2 do 3 godine,Redoviti,0
2025-01-01,DV Sesvete,Gradski DV,SESVETE,Jaslice,2 do 3 godine,Posebni,0
2025-01-01,DV Sesvete,Gradski DV,SESVETE,Jaslice,1 do 3 godine mješovita,Redoviti,0
2025-01-01,DV Sesvete,Gradski DV,SESVETE,Jaslice,1 do 3 godine mješovita,Posebni,0
2025-01-01,DV Sesvete,Gradski DV,SESVETE,Vrtić,3 do 4 godine,Redoviti,0
2025-01-01,DV Sesvete,Gradski DV,SESVETE,Vrtić,3 do 4 godine,Posebni,0
2025-01-01,DV Sesvete,Gradski DV,SESVETE,Vrtić,4 do 5 godina,Redoviti,0
2025-01-01,DV Sesvete,Gradski DV,SESVETE,Vrtić,4 do 5 godina,Posebni,0
2025-01-01,DV Sesvete,Gradski DV,SESVETE,Vrtić,5 godina do OŠ,Redoviti,0
2025-01-01,DV Sesvete,Gradski DV,SESVETE,Vrtić,5 godina do OŠ,Posebni,0
2025-01-01,DV Sesvete,Gradski DV,SESVETE,Vrtić,3 godine do OŠ mješovita,Redoviti,0
2025-01-01,DV Sesvete,Gradski DV,SESVETE,Vrtić,3 godine do OŠ mješovita,Posebni,0
2025-01-01,DV Šegrt Hlapić,Gradski DV,SESVETE,Jaslice,1 do 2 godine,Redoviti,0
2025-01-01,DV Šegrt Hlapić,Gradski DV,SESVETE,Jaslice,1 do 2 godine,Posebni,0
2025-01-01,DV Šegrt Hlapić,Gradski DV,SESVETE,Jaslice,2 do 3 godine,Redoviti,1
2025-01-01,DV Šegrt Hlapić,Gradski DV,SESVETE,Jaslice,2 do 3 godine,Posebni,0
2025-01-01,DV Šegrt Hlapić,Gradski DV,SESVETE,Jaslice,1 do 3 godine mješovita,Redoviti,0
2025-01-01,DV Šegrt Hlapić,Gradski DV,SESVETE,Jaslice,1 do 3 godine mješovita,Posebni,0
2025-01-01,DV Šegrt Hlapić,Gradski DV,SESVETE,Vrtić,3 do 4 godine,Redoviti,1
2025-01-01,DV Šegrt Hlapić,Gradski DV,SESVETE,Vrtić,3 do 4 godine,Posebni,0
2025-01-01,DV Šegrt Hlapić,Gradski DV,SESVETE,Vrtić,4 do 5 godina,Redoviti,4
2025-01-01,DV Šegrt Hlapić,Gradski DV,SESVETE,Vrtić,4 do 5 godina,Posebni,0
2025-01-01,DV Šegrt Hlapić,Gradski DV,SESVETE,Vrtić,5 godina do OŠ,Redoviti,7
2025-01-01,DV Šegrt Hlapić,Gradski DV,SESVETE,Vrtić,5 godina do OŠ,Posebni,0
2025-01-01,DV Šegrt Hlapić,Gradski DV,SESVETE,Vrtić,3 godine do OŠ mješovita,Redoviti,6
2025-01-01,DV Šegrt Hlapić,Gradski DV,SESVETE,Vrtić,3 godine do OŠ mješovita,Posebni,2
2025-01-01,DAD MALI TIM,Obrt dadilja,DONJI GRAD,,,,0
2025-01-01,DAD MAMITA,Obrt dadilja,DONJI GRAD,,,,0
2025-01-01,DAD OSMIJEH,Obrt dadilja,DONJI GRAD,,,,0
2025-01-01,DAD ČAROBNI KLJUČIĆ,Obrt dadilja,GORNJI GRAD - MEDVEŠČAK,,,,1
2025-01-01,DAD DOBRA VILA,Obrt dadilja,GORNJI GRAD - MEDVEŠČAK,,,,1
2025-01-01,DAD MALENI TALENTI JUNIORI,Obrt dadilja,GORNJI GRAD - MEDVEŠČAK,,,,0
2025-01-01,DAD BUMBICE,Obrt dadilja,TRNJE,,,,0
2025-01-01,DAD JABUKA,Obrt dadilja,TRNJE,,,,0
2025-01-01,DAD ZVONČICA,Obrt dadilja,TRNJE,,,,0
2025-01-01,DAD BUBA LOOBA,Obrt dadilja,PEŠČENICA - ŽITNJAK,,,,0
2025-01-01,DAD HAPPY HIPPO,Obrt dadilja,PEŠČENICA - ŽITNJAK,,,,0
2025-01-01,DAD PAJO PATAK,Obrt dadilja,NOVI ZAGREB - ISTOK,,,,0
2025-01-01,DAD IVANČICA,Obrt dadilja,NOVI ZAGREB - ISTOK,,,,0
2025-01-01,DAD KIKAČI,Obrt dadilja,NOVI ZAGREB - ZAPAD,,,,0
2025-01-01,DAD TALALO,Obrt dadilja,NOVI ZAGREB - ZAPAD,,,,0
2025-01-01,DAD JUHUHU,Obrt dadilja,NOVI ZAGREB - ZAPAD,,,,1
2025-01-01,DAD HAPPY KIDS,Obrt dadilja,TREŠNJEVKA - SJEVER,,,,0
2025-01-01,DAD HOLI,Obrt dadilja,TREŠNJEVKA - SJEVER,,,,0
2025-01-01,DAD HOZENTREGER,Obrt dadilja,TREŠNJEVKA - SJEVER,,,,1
2025-01-01,DAD NEVERLAND,Obrt dadilja,TREŠNJEVKA - SJEVER,,,,0
2025-01-01,DAD SVITOGOR,Obrt dadilja,TREŠNJEVKA - SJEVER,,,,0
2025-01-01,DAD TIKA,Obrt dadilja,TREŠNJEVKA - SJEVER,,,,0
2025-01-01,DAD MACA PAPUČARICA,Obrt dadilja,TREŠNJEVKA - JUG,,,,1
2025-01-01,DAD PAHULJICA,Obrt dadilja,TREŠNJEVKA - JUG,,,,0
2025-01-01,DAD TIGRIĆ,Obrt dadilja,TREŠNJEVKA - JUG,,,,1
2025-01-01,DAD ZABAVNI SAT,Obrt dadilja,TREŠNJEVKA - JUG,,,,1
2025-01-01,DAD SAMUEL,Obrt dadilja,TREŠNJEVKA - JUG,,,,0
2025-01-01,DAD SUNČANI VRT,Obrt dadilja,TREŠNJEVKA - JUG,,,,0
2025-01-01,DAD ZVONČEK,Obrt dadilja,TREŠNJEVKA - JUG,,,,0
2025-01-01,DAD DABAR,Obrt dadilja,TREŠNJEVKA - JUG,,,,1
2025-01-01,DAD ZVJEZDICE - SABOL,Obrt dadilja,TREŠNJEVKA - JUG,,,,0
2025-01-01,DAD MAMITAS,Obrt dadilja,ČRNOMEREC,,,,0
2025-01-01,DAD BALLON,Obrt dadilja,ČRNOMEREC,,,,0
2025-01-01,DAD GRGA ČVARAK,Obrt dadilja,GORNJA DUBRAVA,,,,0
2025-01-01,DAD DORA ISTRAŽUJE,Obrt dadilja,GORNJA DUBRAVA,,,,0
2025-01-01,DAD DJEČJI KUTIĆ,Obrt dadilja,GORNJA DUBRAVA,,,,0
2025-01-01,DAD EMAUS,Obrt dadilja,GORNJA DUBRAVA,,,,0
2025-01-01,DAD MALI PRINC,Obrt dadilja,GORNJA DUBRAVA,,,,0
2025-01-01,DAD ŽIRAFICA,Obrt dadilja,GORNJA DUBRAVA,,,,0
2025-01-01,DAD BUBAMARA,Obrt dadilja,DONJA DUBRAVA,,,,0
2025-01-01,DAD OGLEDALCE,Obrt dadilja,DONJA DUBRAVA,,,,0
2025-01-01,DAD BAJKA,Obrt dadilja,STENJEVEC,,,,0
2025-01-01,DAD DRVO ŽIVOTA,Obrt dadilja,STENJEVEC,,,,0
2025-01-01,DAD KAP,Obrt dadilja,STENJEVEC,,,,0
2025-01-01,DAD KORAK PO KORAK,Obrt dadilja,STENJEVEC,,,,1
2025-01-01,DAD LEPTIRIĆ,Obrt dadilja,STENJEVEC,,,,0
2025-01-01,DAD LEPTIRIĆI,Obrt dadilja,STENJEVEC,,,,0
2025-01-01,DAD MALI NOMADI,Obrt dadilja,STENJEVEC,,,,0
2025-01-01,DAD PČELICE,Obrt dadilja,STENJEVEC,,,,0
2025-01-01,DAD ZVRK,Obrt dadilja,STENJEVEC,,,,0
2025-01-01,DAD MAŠTA 1,Obrt dadilja,PODSUSED - VRAPČE,,,,0
2025-01-01,DAD SREĆA,Obrt dadilja,PODSUSED - VRAPČE,,,,4
2025-01-01,DAD ŠUMSKA VILA,Obrt dadilja,PODSLJEME,,,,0
2025-01-01,DAD ZVJEZDICE - KOPIĆ,Obrt dadilja,SESVETE,,,,0
2026-09-01,DJEČJI VRTIĆ BAJKA,Gradski DV,Trešnjevka - sjever,Jaslice,1 do 2 godine,Redoviti,0
2026-09-01,DJEČJI VRTIĆ BAJKA,Gradski DV,Trešnjevka - sjever,Jaslice,1 do 2 godine,Posebni,0
2026-09-01,DJEČJI VRTIĆ BAJKA,Gradski DV,Trešnjevka - sjever,Jaslice,2 do 3 godine,Redoviti,4
2026-09-01,DJEČJI VRTIĆ BAJKA,Gradski DV,Trešnjevka - sjever,Jaslice,2 do 3 godine,Posebni,0
2026-09-01,DJEČJI VRTIĆ BAJKA,Gradski DV,Trešnjevka - sjever,Jaslice,1 do 3 godine mješovita,Redoviti,0
2026-09-01,DJEČJI VRTIĆ BAJKA,Gradski DV,Trešnjevka - sjever,Jaslice,1 do 3 godine mješovita,Posebni,0
2026-09-01,DJEČJI VRTIĆ BAJKA,Gradski DV,Trešnjevka - sjever,Vrtić,3 do 4 godine,Redoviti,0
2026-09-01,DJEČJI VRTIĆ BAJKA,Gradski DV,Trešnjevka - sjever,Vrtić,3 do 4 godine,Posebni,0
2026-09-01,DJEČJI VRTIĆ BAJKA,Gradski DV,Trešnjevka - sjever,Vrtić,4 do 5 godina,Redoviti,3
2026-09-01,DJEČJI VRTIĆ BAJKA,Gradski DV,Trešnjevka - sjever,Vrtić,4 do 5 godina,Posebni,0
2026-09-01,DJEČJI VRTIĆ BAJKA,Gradski DV,Trešnjevka - sjever,Vrtić,5 godina do OŠ,Redoviti,4
2026-09-01,DJEČJI VRTIĆ BAJKA,Gradski DV,Trešnjevka - sjever,Vrtić,5 godina do OŠ,Posebni,0
2026-09-01,DJEČJI VRTIĆ BAJKA,Gradski DV,Trešnjevka - sjever,Vrtić,3 godine do OŠ mješovita,Redoviti,0
2026-09-01,DJEČJI VRTIĆ BAJKA,Gradski DV,Trešnjevka - sjever,Vrtić,3 godine do OŠ mješovita,Posebni,4
2026-09-01,DJEČJI VRTIĆ BOTINEC,Gradski DV,Novi Zagreb - zapad,Jaslice,1 do 2 godine,Redoviti,0
2026-09-01,DJEČJI VRTIĆ BOTINEC,Gradski DV,Novi Zagreb - zapad,Jaslice,1 do 2 godine,Posebni,0
2026-09-01,DJEČJI VRTIĆ BOTINEC,Gradski DV,Novi Zagreb - zapad,Jaslice,2 do 3 godine,Redoviti,0
2026-09-01,DJEČJI VRTIĆ BOTINEC,Gradski DV,Novi Zagreb - zapad,Jaslice,2 do 3 godine,Posebni,0
2026-09-01,DJEČJI VRTIĆ BOTINEC,Gradski DV,Novi Zagreb - zapad,Jaslice,1 do 3 godine mješovita,Redoviti,0
2026-09-01,DJEČJI VRTIĆ BOTINEC,Gradski DV,Novi Zagreb - zapad,Jaslice,1 do 3 godine mješovita,Posebni,0
2026-09-01,DJEČJI VRTIĆ BOTINEC,Gradski DV,Novi Zagreb - zapad,Vrtić,3 do 4 godine,Redoviti,0
2026-09-01,DJEČJI VRTIĆ BOTINEC,Gradski DV,Novi Zagreb - zapad,Vrtić,3 do 4 godine,Posebni,0
2026-09-01,DJEČJI VRTIĆ BOTINEC,Gradski DV,Novi Zagreb - zapad,Vrtić,4 do 5 godina,Redoviti,0
2026-09-01,DJEČJI VRTIĆ BOTINEC,Gradski DV,Novi Zagreb - zapad,Vrtić,4 do 5 godina,Posebni,0
2026-09-01,DJEČJI VRTIĆ BOTINEC,Gradski DV,Novi Zagreb - zapad,Vrtić,5 godina do OŠ,Redoviti,5
2026-09-01,DJEČJI VRTIĆ BOTINEC,Gradski DV,Novi Zagreb - zapad,Vrtić,5 godina do OŠ,Posebni,0
2026-09-01,DJEČJI VRTIĆ BOTINEC,Gradski DV,Novi Zagreb - zapad,Vrtić,3 godine do OŠ mješovita,Redoviti,0
2026-09-01,DJEČJI VRTIĆ BOTINEC,Gradski DV,Novi Zagreb - zapad,Vrtić,3 godine do OŠ mješovita,Posebni,0
2026-09-01,DJEČJI VRTIĆ BUDUĆNOST,Gradski DV,Donji grad,Jaslice,1 do 2 godine,Redoviti,12
2026-09-01,DJEČJI VRTIĆ BUDUĆNOST,Gradski DV,Donji grad,Jaslice,1 do 2 godine,Posebni,0
2026-09-01,DJEČJI VRTIĆ BUDUĆNOST,Gradski DV,Donji grad,Jaslice,2 do 3 godine,Redoviti,4
2026-09-01,DJEČJI VRTIĆ BUDUĆNOST,Gradski DV,Donji grad,Jaslice,2 do 3 godine,Posebni,0
2026-09-01,DJEČJI VRTIĆ BUDUĆNOST,Gradski DV,Donji grad,Jaslice,1 do 3 godine mješovita,Redoviti,2
2026-09-01,DJEČJI VRTIĆ BUDUĆNOST,Gradski DV,Donji grad,Jaslice,1 do 3 godine mješovita,Posebni,2
2026-09-01,DJEČJI VRTIĆ BUDUĆNOST,Gradski DV,Donji grad,Vrtić,3 do 4 godine,Redoviti,0
2026-09-01,DJEČJI VRTIĆ BUDUĆNOST,Gradski DV,Donji grad,Vrtić,3 do 4 godine,Posebni,0
2026-09-01,DJEČJI VRTIĆ BUDUĆNOST,Gradski DV,Donji grad,Vrtić,4 do 5 godina,Redoviti,0
2026-09-01,DJEČJI VRTIĆ BUDUĆNOST,Gradski DV,Donji grad,Vrtić,4 do 5 godina,Posebni,0
2026-09-01,DJEČJI VRTIĆ BUDUĆNOST,Gradski DV,Donji grad,Vrtić,5 godina do OŠ,Redoviti,0
2026-09-01,DJEČJI VRTIĆ BUDUĆNOST,Gradski DV,Donji grad,Vrtić,5 godina do OŠ,Posebni,0
2026-09-01,DJEČJI VRTIĆ BUDUĆNOST,Gradski DV,Donji grad,Vrtić,3 godine do OŠ mješovita,Redoviti,35
2026-09-01,DJEČJI VRTIĆ BUDUĆNOST,Gradski DV,Donji grad,Vrtić,3 godine do OŠ mješovita,Posebni,0
2026-09-01,DJEČJI VRTIĆ BUKOVAC,Gradski DV,Maksimir,Jaslice,1 do 2 godine,Redoviti,0
2026-09-01,DJEČJI VRTIĆ BUKOVAC,Gradski DV,Maksimir,Jaslice,1 do 2 godine,Posebni,0
2026-09-01,DJEČJI VRTIĆ BUKOVAC,Gradski DV,Maksimir,Jaslice,2 do 3 godine,Redoviti,0
2026-09-01,DJEČJI VRTIĆ BUKOVAC,Gradski DV,Maksimir,Jaslice,2 do 3 godine,Posebni,0
2026-09-01,DJEČJI VRTIĆ BUKOVAC,Gradski DV,Maksimir,Jaslice,1 do 3 godine mješovita,Redoviti,0
2026-09-01,DJEČJI VRTIĆ BUKOVAC,Gradski DV,Maksimir,Jaslice,1 do 3 godine mješovita,Posebni,0
2026-09-01,DJEČJI VRTIĆ BUKOVAC,Gradski DV,Maksimir,Vrtić,3 do 4 godine,Redoviti,0
2026-09-01,DJEČJI VRTIĆ BUKOVAC,Gradski DV,Maksimir,Vrtić,3 do 4 godine,Posebni,0
2026-09-01,DJEČJI VRTIĆ BUKOVAC,Gradski DV,Maksimir,Vrtić,4 do 5 godina,Redoviti,1
2026-09-01,DJEČJI VRTIĆ BUKOVAC,Gradski DV,Maksimir,Vrtić,4 do 5 godina,Posebni,1
2026-09-01,DJEČJI VRTIĆ BUKOVAC,Gradski DV,Maksimir,Vrtić,5 godina do OŠ,Redoviti,0
2026-09-01,DJEČJI VRTIĆ BUKOVAC,Gradski DV,Maksimir,Vrtić,5 godina do OŠ,Posebni,4
2026-09-01,DJEČJI VRTIĆ BUKOVAC,Gradski DV,Maksimir,Vrtić,3 godine do OŠ mješovita,Redoviti,0
2026-09-01,DJEČJI VRTIĆ BUKOVAC,Gradski DV,Maksimir,Vrtić,3 godine do OŠ mješovita,Posebni,0
2026-09-01,DJEČJI VRTIĆ CVRČAK,Gradski DV,Peščenica - Žitnjak,Jaslice,1 do 2 godine,Redoviti,0
2026-09-01,DJEČJI VRTIĆ CVRČAK,Gradski DV,Peščenica - Žitnjak,Jaslice,1 do 2 godine,Posebni,0
2026-09-01,DJEČJI VRTIĆ CVRČAK,Gradski DV,Peščenica - Žitnjak,Jaslice,2 do 3 godine,Redoviti,0
2026-09-01,DJEČJI VRTIĆ CVRČAK,Gradski DV,Peščenica - Žitnjak,Jaslice,2 do 3 godine,Posebni,0
2026-09-01,DJEČJI VRTIĆ CVRČAK,Gradski DV,Peščenica - Žitnjak,Jaslice,1 do 3 godine mješovita,Redoviti,0
2026-09-01,DJEČJI VRTIĆ CVRČAK,Gradski DV,Peščenica - Žitnjak,Jaslice,1 do 3 godine mješovita,Posebni,0
2026-09-01,DJEČJI VRTIĆ CVRČAK,Gradski DV,Peščenica - Žitnjak,Vrtić,3 do 4 godine,Redoviti,4
2026-09-01,DJEČJI VRTIĆ CVRČAK,Gradski DV,Peščenica - Žitnjak,Vrtić,3 do 4 godine,Posebni,0
2026-09-01,DJEČJI VRTIĆ CVRČAK,Gradski DV,Peščenica - Žitnjak,Vrtić,4 do 5 godina,Redoviti,7
2026-09-01,DJEČJI VRTIĆ CVRČAK,Gradski DV,Peščenica - Žitnjak,Vrtić,4 do 5 godina,Posebni,0
2026-09-01,DJEČJI VRTIĆ CVRČAK,Gradski DV,Peščenica - Žitnjak,Vrtić,5 godina do OŠ,Redoviti,4
2026-09-01,DJEČJI VRTIĆ CVRČAK,Gradski DV,Peščenica - Žitnjak,Vrtić,5 godina do OŠ,Posebni,0
2026-09-01,DJEČJI VRTIĆ CVRČAK,Gradski DV,Peščenica - Žitnjak,Vrtić,3 godine do OŠ mješovita,Redoviti,0
2026-09-01,DJEČJI VRTIĆ CVRČAK,Gradski DV,Peščenica - Žitnjak,Vrtić,3 godine do OŠ mješovita,Posebni,10
2026-09-01,DJEČJI VRTIĆ DUGA,Gradski DV,Peščenica - Žitnjak,Jaslice,1 do 2 godine,Redoviti,0
2026-09-01,DJEČJI VRTIĆ DUGA,Gradski DV,Peščenica - Žitnjak,Jaslice,1 do 2 godine,Posebni,0
2026-09-01,DJEČJI VRTIĆ DUGA,Gradski DV,Peščenica - Žitnjak,Jaslice,2 do 3 godine,Redoviti,0
2026-09-01,DJEČJI VRTIĆ DUGA,Gradski DV,Peščenica - Žitnjak,Jaslice,2 do 3 godine,Posebni,0
2026-09-01,DJEČJI VRTIĆ DUGA,Gradski DV,Peščenica - Žitnjak,Jaslice,1 do 3 godine mješovita,Redoviti,0
2026-09-01,DJEČJI VRTIĆ DUGA,Gradski DV,Peščenica - Žitnjak,Jaslice,1 do 3 godine mješovita,Posebni,0
2026-09-01,DJEČJI VRTIĆ DUGA,Gradski DV,Peščenica - Žitnjak,Vrtić,3 do 4 godine,Redoviti,3
2026-09-01,DJEČJI VRTIĆ DUGA,Gradski DV,Peščenica - Žitnjak,Vrtić,3 do 4 godine,Posebni,0
2026-09-01,DJEČJI VRTIĆ DUGA,Gradski DV,Peščenica - Žitnjak,Vrtić,4 do 5 godina,Redoviti,0
2026-09-01,DJEČJI VRTIĆ DUGA,Gradski DV,Peščenica - Žitnjak,Vrtić,4 do 5 godina,Posebni,0
2026-09-01,DJEČJI VRTIĆ DUGA,Gradski DV,Peščenica - Žitnjak,Vrtić,5 godina do OŠ,Redoviti,0
2026-09-01,DJEČJI VRTIĆ DUGA,Gradski DV,Peščenica - Žitnjak,Vrtić,5 godina do OŠ,Posebni,0
2026-09-01,DJEČJI VRTIĆ DUGA,Gradski DV,Peščenica - Žitnjak,Vrtić,3 godine do OŠ mješovita,Redoviti,6
2026-09-01,DJEČJI VRTIĆ DUGA,Gradski DV,Peščenica - Žitnjak,Vrtić,3 godine do OŠ mješovita,Posebni,6
2026-09-01,DJEČJI VRTIĆ EN TEN TINI,Gradski DV,Sesvete,Jaslice,1 do 2 godine,Redoviti,0
2026-09-01,DJEČJI VRTIĆ EN TEN TINI,Gradski DV,Sesvete,Jaslice,1 do 2 godine,Posebni,0
2026-09-01,DJEČJI VRTIĆ EN TEN TINI,Gradski DV,Sesvete,Jaslice,2 do 3 godine,Redoviti,0
2026-09-01,DJEČJI VRTIĆ EN TEN TINI,Gradski DV,Sesvete,Jaslice,2 do 3 godine,Posebni,0
2026-09-01,DJEČJI VRTIĆ EN TEN TINI,Gradski DV,Sesvete,Jaslice,1 do 3 godine mješovita,Redoviti,0
2026-09-01,DJEČJI VRTIĆ EN TEN TINI,Gradski DV,Sesvete,Jaslice,1 do 3 godine mješovita,Posebni,0
2026-09-01,DJEČJI VRTIĆ EN TEN TINI,Gradski DV,Sesvete,Vrtić,3 do 4 godine,Redoviti,2
2026-09-01,DJEČJI VRTIĆ EN TEN TINI,Gradski DV,Sesvete,Vrtić,3 do 4 godine,Posebni,0
2026-09-01,DJEČJI VRTIĆ EN TEN TINI,Gradski DV,Sesvete,Vrtić,4 do 5 godina,Redoviti,5
2026-09-01,DJEČJI VRTIĆ EN TEN TINI,Gradski DV,Sesvete,Vrtić,4 do 5 godina,Posebni,0
2026-09-01,DJEČJI VRTIĆ EN TEN TINI,Gradski DV,Sesvete,Vrtić,5 godina do OŠ,Redoviti,29
2026-09-01,DJEČJI VRTIĆ EN TEN TINI,Gradski DV,Sesvete,Vrtić,5 godina do OŠ,Posebni,0
2026-09-01,DJEČJI VRTIĆ EN TEN TINI,Gradski DV,Sesvete,Vrtić,3 godine do OŠ mješovita,Redoviti,5
2026-09-01,DJEČJI VRTIĆ EN TEN TINI,Gradski DV,Sesvete,Vrtić,3 godine do OŠ mješovita,Posebni,0
2026-09-01,DJEČJI VRTIĆ GAJNICE,Gradski DV,Podsused - Vrapče,Jaslice,1 do 2 godine,Redoviti,0
2026-09-01,DJEČJI VRTIĆ GAJNICE,Gradski DV,Podsused - Vrapče,Jaslice,1 do 2 godine,Posebni,0
2026-09-01,DJEČJI VRTIĆ GAJNICE,Gradski DV,Podsused - Vrapče,Jaslice,2 do 3 godine,Redoviti,0
2026-09-01,DJEČJI VRTIĆ GAJNICE,Gradski DV,Podsused - Vrapče,Jaslice,2 do 3 godine,Posebni,0
2026-09-01,DJEČJI VRTIĆ GAJNICE,Gradski DV,Podsused - Vrapče,Jaslice,1 do 3 godine mješovita,Redoviti,0
2026-09-01,DJEČJI VRTIĆ GAJNICE,Gradski DV,Podsused - Vrapče,Jaslice,1 do 3 godine mješovita,Posebni,0
2026-09-01,DJEČJI VRTIĆ GAJNICE,Gradski DV,Podsused - Vrapče,Vrtić,3 do 4 godine,Redoviti,0
2026-09-01,DJEČJI VRTIĆ GAJNICE,Gradski DV,Podsused - Vrapče,Vrtić,3 do 4 godine,Posebni,0
2026-09-01,DJEČJI VRTIĆ GAJNICE,Gradski DV,Podsused - Vrapče,Vrtić,4 do 5 godina,Redoviti,0
2026-09-01,DJEČJI VRTIĆ GAJNICE,Gradski DV,Podsused - Vrapče,Vrtić,4 do 5 godina,Posebni,0
2026-09-01,DJEČJI VRTIĆ GAJNICE,Gradski DV,Podsused - Vrapče,Vrtić,5 godina do OŠ,Redoviti,0
2026-09-01,DJEČJI VRTIĆ GAJNICE,Gradski DV,Podsused - Vrapče,Vrtić,5 godina do OŠ,Posebni,0
2026-09-01,DJEČJI VRTIĆ GAJNICE,Gradski DV,Podsused - Vrapče,Vrtić,3 godine do OŠ mješovita,Redoviti,0
2026-09-01,DJEČJI VRTIĆ GAJNICE,Gradski DV,Podsused - Vrapče,Vrtić,3 godine do OŠ mješovita,Posebni,0
2026-09-01,DJEČJI VRTIĆ GRIGORA VITEZA,Gradski DV,Trešnjevka - sjever,Jaslice,1 do 2 godine,Redoviti,10
2026-09-01,DJEČJI VRTIĆ GRIGORA VITEZA,Gradski DV,Trešnjevka - sjever,Jaslice,1 do 2 godine,Posebni,0
2026-09-01,DJEČJI VRTIĆ GRIGORA VITEZA,Gradski DV,Trešnjevka - sjever,Jaslice,2 do 3 godine,Redoviti,5
2026-09-01,DJEČJI VRTIĆ GRIGORA VITEZA,Gradski DV,Trešnjevka - sjever,Jaslice,2 do 3 godine,Posebni,0
2026-09-01,DJEČJI VRTIĆ GRIGORA VITEZA,Gradski DV,Trešnjevka - sjever,Jaslice,1 do 3 godine mješovita,Redoviti,0
2026-09-01,DJEČJI VRTIĆ GRIGORA VITEZA,Gradski DV,Trešnjevka - sjever,Jaslice,1 do 3 godine mješovita,Posebni,0
2026-09-01,DJEČJI VRTIĆ GRIGORA VITEZA,Gradski DV,Trešnjevka - sjever,Vrtić,3 do 4 godine,Redoviti,0
2026-09-01,DJEČJI VRTIĆ GRIGORA VITEZA,Gradski DV,Trešnjevka - sjever,Vrtić,3 do 4 godine,Posebni,0
2026-09-01,DJEČJI VRTIĆ GRIGORA VITEZA,Gradski DV,Trešnjevka - sjever,Vrtić,4 do 5 godina,Redoviti,4
2026-09-01,DJEČJI VRTIĆ GRIGORA VITEZA,Gradski DV,Trešnjevka - sjever,Vrtić,4 do 5 godina,Posebni,0
2026-09-01,DJEČJI VRTIĆ GRIGORA VITEZA,Gradski DV,Trešnjevka - sjever,Vrtić,5 godina do OŠ,Redoviti,1
2026-09-01,DJEČJI VRTIĆ GRIGORA VITEZA,Gradski DV,Trešnjevka - sjever,Vrtić,5 godina do OŠ,Posebni,0
2026-09-01,DJEČJI VRTIĆ GRIGORA VITEZA,Gradski DV,Trešnjevka - sjever,Vrtić,3 godine do OŠ mješovita,Redoviti,0
2026-09-01,DJEČJI VRTIĆ GRIGORA VITEZA,Gradski DV,Trešnjevka - sjever,Vrtić,3 godine do OŠ mješovita,Posebni,6
2026-09-01,DJEČJI VRTIĆ HRVATSKI LESKOVAC,Gradski DV,Novi Zagreb - zapad,Jaslice,1 do 2 godine,Redoviti,0
2026-09-01,DJEČJI VRTIĆ HRVATSKI LESKOVAC,Gradski DV,Novi Zagreb - zapad,Jaslice,1 do 2 godine,Posebni,0
2026-09-01,DJEČJI VRTIĆ HRVATSKI LESKOVAC,Gradski DV,Novi Zagreb - zapad,Jaslice,2 do 3 godine,Redoviti,0
2026-09-01,DJEČJI VRTIĆ HRVATSKI LESKOVAC,Gradski DV,Novi Zagreb - zapad,Jaslice,2 do 3 godine,Posebni,0
2026-09-01,DJEČJI VRTIĆ HRVATSKI LESKOVAC,Gradski DV,Novi Zagreb - zapad,Jaslice,1 do 3 godine mješovita,Redoviti,0
2026-09-01,DJEČJI VRTIĆ HRVATSKI LESKOVAC,Gradski DV,Novi Zagreb - zapad,Jaslice,1 do 3 godine mješovita,Posebni,0
2026-09-01,DJEČJI VRTIĆ HRVATSKI LESKOVAC,Gradski DV,Novi Zagreb - zapad,Vrtić,3 do 4 godine,Redoviti,2
2026-09-01,DJEČJI VRTIĆ HRVATSKI LESKOVAC,Gradski DV,Novi Zagreb - zapad,Vrtić,3 do 4 godine,Posebni,0
2026-09-01,DJEČJI VRTIĆ HRVATSKI LESKOVAC,Gradski DV,Novi Zagreb - zapad,Vrtić,4 do 5 godina,Redoviti,1
2026-09-01,DJEČJI VRTIĆ HRVATSKI LESKOVAC,Gradski DV,Novi Zagreb - zapad,Vrtić,4 do 5 godina,Posebni,0
2026-09-01,DJEČJI VRTIĆ HRVATSKI LESKOVAC,Gradski DV,Novi Zagreb - zapad,Vrtić,5 godina do OŠ,Redoviti,3
2026-09-01,DJEČJI VRTIĆ HRVATSKI LESKOVAC,Gradski DV,Novi Zagreb - zapad,Vrtić,5 godina do OŠ,Posebni,0
2026-09-01,DJEČJI VRTIĆ HRVATSKI LESKOVAC,Gradski DV,Novi Zagreb - zapad,Vrtić,3 godine do OŠ mješovita,Redoviti,1
2026-09-01,DJEČJI VRTIĆ HRVATSKI LESKOVAC,Gradski DV,Novi Zagreb - zapad,Vrtić,3 godine do OŠ mješovita,Posebni,0
2026-09-01,DJEČJI VRTIĆ ISKRICA,Gradski DV,Trnje,Jaslice,1 do 2 godine,Redoviti,2
2026-09-01,DJEČJI VRTIĆ ISKRICA,Gradski DV,Trnje,Jaslice,1 do 2 godine,Posebni,0
2026-09-01,DJEČJI VRTIĆ ISKRICA,Gradski DV,Trnje,Jaslice,2 do 3 godine,Redoviti,3
2026-09-01,DJEČJI VRTIĆ ISKRICA,Gradski DV,Trnje,Jaslice,2 do 3 godine,Posebni,0
2026-09-01,DJEČJI VRTIĆ ISKRICA,Gradski DV,Trnje,Jaslice,1 do 3 godine mješovita,Redoviti,4
2026-09-01,DJEČJI VRTIĆ ISKRICA,Gradski DV,Trnje,Jaslice,1 do 3 godine mješovita,Posebni,0
2026-09-01,DJEČJI VRTIĆ ISKRICA,Gradski DV,Trnje,Vrtić,3 do 4 godine,Redoviti,0
2026-09-01,DJEČJI VRTIĆ ISKRICA,Gradski DV,Trnje,Vrtić,3 do 4 godine,Posebni,0
2026-09-01,DJEČJI VRTIĆ ISKRICA,Gradski DV,Trnje,Vrtić,4 do 5 godina,Redoviti,0
2026-09-01,DJEČJI VRTIĆ ISKRICA,Gradski DV,Trnje,Vrtić,4 do 5 godina,Posebni,0
2026-09-01,DJEČJI VRTIĆ ISKRICA,Gradski DV,Trnje,Vrtić,5 godina do OŠ,Redoviti,0
2026-09-01,DJEČJI VRTIĆ ISKRICA,Gradski DV,Trnje,Vrtić,5 godina do OŠ,Posebni,0
2026-09-01,DJEČJI VRTIĆ ISKRICA,Gradski DV,Trnje,Vrtić,3 godine do OŠ mješovita,Redoviti,0
2026-09-01,DJEČJI VRTIĆ ISKRICA,Gradski DV,Trnje,Vrtić,3 godine do OŠ mješovita,Posebni,4
2026-09-01,DJEČJI VRTIĆ IVANE BRLIĆ MAŽURANIĆ,Gradski DV,Donja Dubrava,Jaslice,1 do 2 godine,Redoviti,0
2026-09-01,DJEČJI VRTIĆ IVANE BRLIĆ MAŽURANIĆ,Gradski DV,Donja Dubrava,Jaslice,1 do 2 godine,Posebni,0
2026-09-01,DJEČJI VRTIĆ IVANE BRLIĆ MAŽURANIĆ,Gradski DV,Donja Dubrava,Jaslice,2 do 3 godine,Redoviti,0
2026-09-01,DJEČJI VRTIĆ IVANE BRLIĆ MAŽURANIĆ,Gradski DV,Donja Dubrava,Jaslice,2 do 3 godine,Posebni,0
2026-09-01,DJEČJI VRTIĆ IVANE BRLIĆ MAŽURANIĆ,Gradski DV,Donja Dubrava,Jaslice,1 do 3 godine mješovita,Redoviti,0
2026-09-01,DJEČJI VRTIĆ IVANE BRLIĆ MAŽURANIĆ,Gradski DV,Donja Dubrava,Jaslice,1 do 3 godine mješovita,Posebni,0
2026-09-01,DJEČJI VRTIĆ IVANE BRLIĆ MAŽURANIĆ,Gradski DV,Donja Dubrava,Vrtić,3 do 4 godine,Redoviti,0
2026-09-01,DJEČJI VRTIĆ IVANE BRLIĆ MAŽURANIĆ,Gradski DV,Donja Dubrava,Vrtić,3 do 4 godine,Posebni,0
2026-09-01,DJEČJI VRTIĆ IVANE BRLIĆ MAŽURANIĆ,Gradski DV,Donja Dubrava,Vrtić,4 do 5 godina,Redoviti,0
2026-09-01,DJEČJI VRTIĆ IVANE BRLIĆ MAŽURANIĆ,Gradski DV,Donja Dubrava,Vrtić,4 do 5 godina,Posebni,0
2026-09-01,DJEČJI VRTIĆ IVANE BRLIĆ MAŽURANIĆ,Gradski DV,Donja Dubrava,Vrtić,5 godina do OŠ,Redoviti,0
2026-09-01,DJEČJI VRTIĆ IVANE BRLIĆ MAŽURANIĆ,Gradski DV,Donja Dubrava,Vrtić,5 godina do OŠ,Posebni,0
2026-09-01,DJEČJI VRTIĆ IVANE BRLIĆ MAŽURANIĆ,Gradski DV,Donja Dubrava,Vrtić,3 godine do OŠ mješovita,Redoviti,0
2026-09-01,DJEČJI VRTIĆ IVANE BRLIĆ MAŽURANIĆ,Gradski DV,Donja Dubrava,Vrtić,3 godine do OŠ mješovita,Posebni,0
2026-09-01,DJEČJI VRTIĆ IZVOR,Gradski DV,Donji grad,Jaslice,1 do 2 godine,Redoviti,0
2026-09-01,DJEČJI VRTIĆ IZVOR,Gradski DV,Donji grad,Jaslice,1 do 2 godine,Posebni,0
2026-09-01,DJEČJI VRTIĆ IZVOR,Gradski DV,Donji grad,Jaslice,2 do 3 godine,Redoviti,11
2026-09-01,DJEČJI VRTIĆ IZVOR,Gradski DV,Donji grad,Jaslice,2 do 3 godine,Posebni,0
2026-09-01,DJEČJI VRTIĆ IZVOR,Gradski DV,Donji grad,Jaslice,1 do 3 godine mješovita,Redoviti,0
2026-09-01,DJEČJI VRTIĆ IZVOR,Gradski DV,Donji grad,Jaslice,1 do 3 godine mješovita,Posebni,0
2026-09-01,DJEČJI VRTIĆ IZVOR,Gradski DV,Donji grad,Vrtić,3 do 4 godine,Redoviti,5
2026-09-01,DJEČJI VRTIĆ IZVOR,Gradski DV,Donji grad,Vrtić,3 do 4 godine,Posebni,0
2026-09-01,DJEČJI VRTIĆ IZVOR,Gradski DV,Donji grad,Vrtić,4 do 5 godina,Redoviti,0
2026-09-01,DJEČJI VRTIĆ IZVOR,Gradski DV,Donji grad,Vrtić,4 do 5 godina,Posebni,0
2026-09-01,DJEČJI VRTIĆ IZVOR,Gradski DV,Donji grad,Vrtić,5 godina do OŠ,Redoviti,5
2026-09-01,DJEČJI VRTIĆ IZVOR,Gradski DV,Donji grad,Vrtić,5 godina do OŠ,Posebni,0
2026-09-01,DJEČJI VRTIĆ IZVOR,Gradski DV,Donji grad,Vrtić,3 godine do OŠ mješovita,Redoviti,18
2026-09-01,DJEČJI VRTIĆ IZVOR,Gradski DV,Donji grad,Vrtić,3 godine do OŠ mješovita,Posebni,0
2026-09-01,DJEČJI VRTIĆ JABUKA,Gradski DV,Donja Dubrava,Jaslice,1 do 2 godine,Redoviti,0
2026-09-01,DJEČJI VRTIĆ JABUKA,Gradski DV,Donja Dubrava,Jaslice,1 do 2 godine,Posebni,0
2026-09-01,DJEČJI VRTIĆ JABUKA,Gradski DV,Donja Dubrava,Jaslice,2 do 3 godine,Redoviti,0
2026-09-01,DJEČJI VRTIĆ JABUKA,Gradski DV,Donja Dubrava,Jaslice,2 do 3 godine,Posebni,0
2026-09-01,DJEČJI VRTIĆ JABUKA,Gradski DV,Donja Dubrava,Jaslice,1 do 3 godine mješovita,Redoviti,0
2026-09-01,DJEČJI VRTIĆ JABUKA,Gradski DV,Donja Dubrava,Jaslice,1 do 3 godine mješovita,Posebni,0
2026-09-01,DJEČJI VRTIĆ JABUKA,Gradski DV,Donja Dubrava,Vrtić,3 do 4 godine,Redoviti,0
2026-09-01,DJEČJI VRTIĆ JABUKA,Gradski DV,Donja Dubrava,Vrtić,3 do 4 godine,Posebni,0
2026-09-01,DJEČJI VRTIĆ JABUKA,Gradski DV,Donja Dubrava,Vrtić,4 do 5 godina,Redoviti,0
2026-09-01,DJEČJI VRTIĆ JABUKA,Gradski DV,Donja Dubrava,Vrtić,4 do 5 godina,Posebni,0
2026-09-01,DJEČJI VRTIĆ JABUKA,Gradski DV,Donja Dubrava,Vrtić,5 godina do OŠ,Redoviti,0
2026-09-01,DJEČJI VRTIĆ JABUKA,Gradski DV,Donja Dubrava,Vrtić,5 godina do OŠ,Posebni,0
2026-09-01,DJEČJI VRTIĆ JABUKA,Gradski DV,Donja Dubrava,Vrtić,3 godine do OŠ mješovita,Redoviti,0
2026-09-01,DJEČJI VRTIĆ JABUKA,Gradski DV,Donja Dubrava,Vrtić,3 godine do OŠ mješovita,Posebni,0
2026-09-01,DJEČJI VRTIĆ JARUN,Gradski DV,Trešnjevka - jug,Jaslice,1 do 2 godine,Redoviti,0
2026-09-01,DJEČJI VRTIĆ JARUN,Gradski DV,Trešnjevka - jug,Jaslice,1 do 2 godine,Posebni,0
2026-09-01,DJEČJI VRTIĆ JARUN,Gradski DV,Trešnjevka - jug,Jaslice,2 do 3 godine,Redoviti,0
2026-09-01,DJEČJI VRTIĆ JARUN,Gradski DV,Trešnjevka - jug,Jaslice,2 do 3 godine,Posebni,0
2026-09-01,DJEČJI VRTIĆ JARUN,Gradski DV,Trešnjevka - jug,Jaslice,1 do 3 godine mješovita,Redoviti,0
2026-09-01,DJEČJI VRTIĆ JARUN,Gradski DV,Trešnjevka - jug,Jaslice,1 do 3 godine mješovita,Posebni,0
2026-09-01,DJEČJI VRTIĆ JARUN,Gradski DV,Trešnjevka - jug,Vrtić,3 do 4 godine,Redoviti,0
2026-09-01,DJEČJI VRTIĆ JARUN,Gradski DV,Trešnjevka - jug,Vrtić,3 do 4 godine,Posebni,0
2026-09-01,DJEČJI VRTIĆ JARUN,Gradski DV,Trešnjevka - jug,Vrtić,4 do 5 godina,Redoviti,0
2026-09-01,DJEČJI VRTIĆ JARUN,Gradski DV,Trešnjevka - jug,Vrtić,4 do 5 godina,Posebni,0
2026-09-01,DJEČJI VRTIĆ JARUN,Gradski DV,Trešnjevka - jug,Vrtić,5 godina do OŠ,Redoviti,0
2026-09-01,DJEČJI VRTIĆ JARUN,Gradski DV,Trešnjevka - jug,Vrtić,5 godina do OŠ,Posebni,0
2026-09-01,DJEČJI VRTIĆ JARUN,Gradski DV,Trešnjevka - jug,Vrtić,3 godine do OŠ mješovita,Redoviti,0
2026-09-01,DJEČJI VRTIĆ JARUN,Gradski DV,Trešnjevka - jug,Vrtić,3 godine do OŠ mješovita,Posebni,0
2026-09-01,DJEČJI VRTIĆ KOLIBRI,Gradski DV,Gornja Dubrava,Jaslice,1 do 2 godine,Redoviti,0
2026-09-01,DJEČJI VRTIĆ KOLIBRI,Gradski DV,Gornja Dubrava,Jaslice,1 do 2 godine,Posebni,0
2026-09-01,DJEČJI VRTIĆ KOLIBRI,Gradski DV,Gornja Dubrava,Jaslice,2 do 3 godine,Redoviti,0
2026-09-01,DJEČJI VRTIĆ KOLIBRI,Gradski DV,Gornja Dubrava,Jaslice,2 do 3 godine,Posebni,0
2026-09-01,DJEČJI VRTIĆ KOLIBRI,Gradski DV,Gornja Dubrava,Jaslice,1 do 3 godine mješovita,Redoviti,0
2026-09-01,DJEČJI VRTIĆ KOLIBRI,Gradski DV,Gornja Dubrava,Jaslice,1 do 3 godine mješovita,Posebni,0
2026-09-01,DJEČJI VRTIĆ KOLIBRI,Gradski DV,Gornja Dubrava,Vrtić,3 do 4 godine,Redoviti,0
2026-09-01,DJEČJI VRTIĆ KOLIBRI,Gradski DV,Gornja Dubrava,Vrtić,3 do 4 godine,Posebni,0
2026-09-01,DJEČJI VRTIĆ KOLIBRI,Gradski DV,Gornja Dubrava,Vrtić,4 do 5 godina,Redoviti,0
2026-09-01,DJEČJI VRTIĆ KOLIBRI,Gradski DV,Gornja Dubrava,Vrtić,4 do 5 godina,Posebni,0
2026-09-01,DJEČJI VRTIĆ KOLIBRI,Gradski DV,Gornja Dubrava,Vrtić,5 godina do OŠ,Redoviti,0
2026-09-01,DJEČJI VRTIĆ KOLIBRI,Gradski DV,Gornja Dubrava,Vrtić,5 godina do OŠ,Posebni,0
2026-09-01,DJEČJI VRTIĆ KOLIBRI,Gradski DV,Gornja Dubrava,Vrtić,3 godine do OŠ mješovita,Redoviti,0
2026-09-01,DJEČJI VRTIĆ KOLIBRI,Gradski DV,Gornja Dubrava,Vrtić,3 godine do OŠ mješovita,Posebni,1
2026-09-01,DJEČJI VRTIĆ KRIJESNICE,Gradski DV,Donji grad,Jaslice,1 do 2 godine,Redoviti,0
2026-09-01,DJEČJI VRTIĆ KRIJESNICE,Gradski DV,Donji grad,Jaslice,1 do 2 godine,Posebni,0
2026-09-01,DJEČJI VRTIĆ KRIJESNICE,Gradski DV,Donji grad,Jaslice,2 do 3 godine,Redoviti,0
2026-09-01,DJEČJI VRTIĆ KRIJESNICE,Gradski DV,Donji grad,Jaslice,2 do 3 godine,Posebni,0
2026-09-01,DJEČJI VRTIĆ KRIJESNICE,Gradski DV,Donji grad,Jaslice,1 do 3 godine mješovita,Redoviti,22
2026-09-01,DJEČJI VRTIĆ KRIJESNICE,Gradski DV,Donji grad,Jaslice,1 do 3 godine mješovita,Posebni,0
2026-09-01,DJEČJI VRTIĆ KRIJESNICE,Gradski DV,Donji grad,Vrtić,3 do 4 godine,Redoviti,0
2026-09-01,DJEČJI VRTIĆ KRIJESNICE,Gradski DV,Donji grad,Vrtić,3 do 4 godine,Posebni,0
2026-09-01,DJEČJI VRTIĆ KRIJESNICE,Gradski DV,Donji grad,Vrtić,4 do 5 godina,Redoviti,0
2026-09-01,DJEČJI VRTIĆ KRIJESNICE,Gradski DV,Donji grad,Vrtić,4 do 5 godina,Posebni,0
2026-09-01,DJEČJI VRTIĆ KRIJESNICE,Gradski DV,Donji grad,Vrtić,5 godina do OŠ,Redoviti,0
2026-09-01,DJEČJI VRTIĆ KRIJESNICE,Gradski DV,Donji grad,Vrtić,5 godina do OŠ,Posebni,0
2026-09-01,DJEČJI VRTIĆ KRIJESNICE,Gradski DV,Donji grad,Vrtić,3 godine do OŠ mješovita,Redoviti,0
2026-09-01,DJEČJI VRTIĆ KRIJESNICE,Gradski DV,Donji grad,Vrtić,3 godine do OŠ mješovita,Posebni,0
2026-09-01,DJEČJI VRTIĆ KUSTOŠIJA,Gradski DV,Stenjevec,Jaslice,1 do 2 godine,Redoviti,0
2026-09-01,DJEČJI VRTIĆ KUSTOŠIJA,Gradski DV,Stenjevec,Jaslice,1 do 2 godine,Posebni,0
2026-09-01,DJEČJI VRTIĆ KUSTOŠIJA,Gradski DV,Stenjevec,Jaslice,2 do 3 godine,Redoviti,0
2026-09-01,DJEČJI VRTIĆ KUSTOŠIJA,Gradski DV,Stenjevec,Jaslice,2 do 3 godine,Posebni,0
2026-09-01,DJEČJI VRTIĆ KUSTOŠIJA,Gradski DV,Stenjevec,Jaslice,1 do 3 godine mješovita,Redoviti,0
2026-09-01,DJEČJI VRTIĆ KUSTOŠIJA,Gradski DV,Stenjevec,Jaslice,1 do 3 godine mješovita,Posebni,0
2026-09-01,DJEČJI VRTIĆ KUSTOŠIJA,Gradski DV,Stenjevec,Vrtić,3 do 4 godine,Redoviti,1
2026-09-01,DJEČJI VRTIĆ KUSTOŠIJA,Gradski DV,Stenjevec,Vrtić,3 do 4 godine,Posebni,0
2026-09-01,DJEČJI VRTIĆ KUSTOŠIJA,Gradski DV,Stenjevec,Vrtić,4 do 5 godina,Redoviti,0
2026-09-01,DJEČJI VRTIĆ KUSTOŠIJA,Gradski DV,Stenjevec,Vrtić,4 do 5 godina,Posebni,0
2026-09-01,DJEČJI VRTIĆ KUSTOŠIJA,Gradski DV,Stenjevec,Vrtić,5 godina do OŠ,Redoviti,6
2026-09-01,DJEČJI VRTIĆ KUSTOŠIJA,Gradski DV,Stenjevec,Vrtić,5 godina do OŠ,Posebni,0
2026-09-01,DJEČJI VRTIĆ KUSTOŠIJA,Gradski DV,Stenjevec,Vrtić,3 godine do OŠ mješovita,Redoviti,7
2026-09-01,DJEČJI VRTIĆ KUSTOŠIJA,Gradski DV,Stenjevec,Vrtić,3 godine do OŠ mješovita,Posebni,10
2026-09-01,DJEČJI VRTIĆ LEPTIR,Gradski DV,Sesvete,Jaslice,1 do 2 godine,Redoviti,0
2026-09-01,DJEČJI VRTIĆ LEPTIR,Gradski DV,Sesvete,Jaslice,1 do 2 godine,Posebni,0
2026-09-01,DJEČJI VRTIĆ LEPTIR,Gradski DV,Sesvete,Jaslice,2 do 3 godine,Redoviti,0
2026-09-01,DJEČJI VRTIĆ LEPTIR,Gradski DV,Sesvete,Jaslice,2 do 3 godine,Posebni,0
2026-09-01,DJEČJI VRTIĆ LEPTIR,Gradski DV,Sesvete,Jaslice,1 do 3 godine mješovita,Redoviti,0
2026-09-01,DJEČJI VRTIĆ LEPTIR,Gradski DV,Sesvete,Jaslice,1 do 3 godine mješovita,Posebni,0
2026-09-01,DJEČJI VRTIĆ LEPTIR,Gradski DV,Sesvete,Vrtić,3 do 4 godine,Redoviti,0
2026-09-01,DJEČJI VRTIĆ LEPTIR,Gradski DV,Sesvete,Vrtić,3 do 4 godine,Posebni,0
2026-09-01,DJEČJI VRTIĆ LEPTIR,Gradski DV,Sesvete,Vrtić,4 do 5 godina,Redoviti,0
2026-09-01,DJEČJI VRTIĆ LEPTIR,Gradski DV,Sesvete,Vrtić,4 do 5 godina,Posebni,0
2026-09-01,DJEČJI VRTIĆ LEPTIR,Gradski DV,Sesvete,Vrtić,5 godina do OŠ,Redoviti,3
2026-09-01,DJEČJI VRTIĆ LEPTIR,Gradski DV,Sesvete,Vrtić,5 godina do OŠ,Posebni,0
2026-09-01,DJEČJI VRTIĆ LEPTIR,Gradski DV,Sesvete,Vrtić,3 godine do OŠ mješovita,Redoviti,0
2026-09-01,DJEČJI VRTIĆ LEPTIR,Gradski DV,Sesvete,Vrtić,3 godine do OŠ mješovita,Posebni,0
2026-09-01,DJEČJI VRTIĆ MAKSIMIR,Gradski DV,Maksimir,Jaslice,1 do 2 godine,Redoviti,0
2026-09-01,DJEČJI VRTIĆ MAKSIMIR,Gradski DV,Maksimir,Jaslice,1 do 2 godine,Posebni,0
2026-09-01,DJEČJI VRTIĆ MAKSIMIR,Gradski DV,Maksimir,Jaslice,2 do 3 godine,Redoviti,0
2026-09-01,DJEČJI VRTIĆ MAKSIMIR,Gradski DV,Maksimir,Jaslice,2 do 3 godine,Posebni,0
2026-09-01,DJEČJI VRTIĆ MAKSIMIR,Gradski DV,Maksimir,Jaslice,1 do 3 godine mješovita,Redoviti,0
2026-09-01,DJEČJI VRTIĆ MAKSIMIR,Gradski DV,Maksimir,Jaslice,1 do 3 godine mješovita,Posebni,0
2026-09-01,DJEČJI VRTIĆ MAKSIMIR,Gradski DV,Maksimir,Vrtić,3 do 4 godine,Redoviti,0
2026-09-01,DJEČJI VRTIĆ MAKSIMIR,Gradski DV,Maksimir,Vrtić,3 do 4 godine,Posebni,0
2026-09-01,DJEČJI VRTIĆ MAKSIMIR,Gradski DV,Maksimir,Vrtić,4 do 5 godina,Redoviti,4
2026-09-01,DJEČJI VRTIĆ MAKSIMIR,Gradski DV,Maksimir,Vrtić,4 do 5 godina,Posebni,0
2026-09-01,DJEČJI VRTIĆ MAKSIMIR,Gradski DV,Maksimir,Vrtić,5 godina do OŠ,Redoviti,3
2026-09-01,DJEČJI VRTIĆ MAKSIMIR,Gradski DV,Maksimir,Vrtić,5 godina do OŠ,Posebni,1
2026-09-01,DJEČJI VRTIĆ MAKSIMIR,Gradski DV,Maksimir,Vrtić,3 godine do OŠ mješovita,Redoviti,0
2026-09-01,DJEČJI VRTIĆ MAKSIMIR,Gradski DV,Maksimir,Vrtić,3 godine do OŠ mješovita,Posebni,0
2026-09-01,DJEČJI VRTIĆ MALEŠNICA,Gradski DV,Stenjevec,Jaslice,1 do 2 godine,Redoviti,0
2026-09-01,DJEČJI VRTIĆ MALEŠNICA,Gradski DV,Stenjevec,Jaslice,1 do 2 godine,Posebni,0
2026-09-01,DJEČJI VRTIĆ MALEŠNICA,Gradski DV,Stenjevec,Jaslice,2 do 3 godine,Redoviti,1
2026-09-01,DJEČJI VRTIĆ MALEŠNICA,Gradski DV,Stenjevec,Jaslice,2 do 3 godine,Posebni,0
2026-09-01,DJEČJI VRTIĆ MALEŠNICA,Gradski DV,Stenjevec,Jaslice,1 do 3 godine mješovita,Redoviti,1
2026-09-01,DJEČJI VRTIĆ MALEŠNICA,Gradski DV,Stenjevec,Jaslice,1 do 3 godine mješovita,Posebni,0
2026-09-01,DJEČJI VRTIĆ MALEŠNICA,Gradski DV,Stenjevec,Vrtić,3 do 4 godine,Redoviti,0
2026-09-01,DJEČJI VRTIĆ MALEŠNICA,Gradski DV,Stenjevec,Vrtić,3 do 4 godine,Posebni,0
2026-09-01,DJEČJI VRTIĆ MALEŠNICA,Gradski DV,Stenjevec,Vrtić,4 do 5 godina,Redoviti,0
2026-09-01,DJEČJI VRTIĆ MALEŠNICA,Gradski DV,Stenjevec,Vrtić,4 do 5 godina,Posebni,0
2026-09-01,DJEČJI VRTIĆ MALEŠNICA,Gradski DV,Stenjevec,Vrtić,5 godina do OŠ,Redoviti,1
2026-09-01,DJEČJI VRTIĆ MALEŠNICA,Gradski DV,Stenjevec,Vrtić,5 godina do OŠ,Posebni,0
2026-09-01,DJEČJI VRTIĆ MALEŠNICA,Gradski DV,Stenjevec,Vrtić,3 godine do OŠ mješovita,Redoviti,2
2026-09-01,DJEČJI VRTIĆ MALEŠNICA,Gradski DV,Stenjevec,Vrtić,3 godine do OŠ mješovita,Posebni,6
2026-09-01,DJEČJI VRTIĆ MALI PRINC,Gradski DV,Maksimir,Jaslice,1 do 2 godine,Redoviti,0
2026-09-01,DJEČJI VRTIĆ MALI PRINC,Gradski DV,Maksimir,Jaslice,1 do 2 godine,Posebni,0
2026-09-01,DJEČJI VRTIĆ MALI PRINC,Gradski DV,Maksimir,Jaslice,2 do 3 godine,Redoviti,0
2026-09-01,DJEČJI VRTIĆ MALI PRINC,Gradski DV,Maksimir,Jaslice,2 do 3 godine,Posebni,0
2026-09-01,DJEČJI VRTIĆ MALI PRINC,Gradski DV,Maksimir,Jaslice,1 do 3 godine mješovita,Redoviti,0
2026-09-01,DJEČJI VRTIĆ MALI PRINC,Gradski DV,Maksimir,Jaslice,1 do 3 godine mješovita,Posebni,0
2026-09-01,DJEČJI VRTIĆ MALI PRINC,Gradski DV,Maksimir,Vrtić,3 do 4 godine,Redoviti,0
2026-09-01,DJEČJI VRTIĆ MALI PRINC,Gradski DV,Maksimir,Vrtić,3 do 4 godine,Posebni,0
2026-09-01,DJEČJI VRTIĆ MALI PRINC,Gradski DV,Maksimir,Vrtić,4 do 5 godina,Redoviti,0
2026-09-01,DJEČJI VRTIĆ MALI PRINC,Gradski DV,Maksimir,Vrtić,4 do 5 godina,Posebni,0
2026-09-01,DJEČJI VRTIĆ MALI PRINC,Gradski DV,Maksimir,Vrtić,5 godina do OŠ,Redoviti,0
2026-09-01,DJEČJI VRTIĆ MALI PRINC,Gradski DV,Maksimir,Vrtić,5 godina do OŠ,Posebni,0
2026-09-01,DJEČJI VRTIĆ MALI PRINC,Gradski DV,Maksimir,Vrtić,3 godine do OŠ mješovita,Redoviti,1
2026-09-01,DJEČJI VRTIĆ MALI PRINC,Gradski DV,Maksimir,Vrtić,3 godine do OŠ mješovita,Posebni,6
2026-09-01,DJEČJI VRTIĆ MARKUŠEVEC,Gradski DV,Sesvete,Jaslice,1 do 2 godine,Redoviti,0
2026-09-01,DJEČJI VRTIĆ MARKUŠEVEC,Gradski DV,Sesvete,Jaslice,1 do 2 godine,Posebni,0
2026-09-01,DJEČJI VRTIĆ MARKUŠEVEC,Gradski DV,Sesvete,Jaslice,2 do 3 godine,Redoviti,0
2026-09-01,DJEČJI VRTIĆ MARKUŠEVEC,Gradski DV,Sesvete,Jaslice,2 do 3 godine,Posebni,0
2026-09-01,DJEČJI VRTIĆ MARKUŠEVEC,Gradski DV,Sesvete,Jaslice,1 do 3 godine mješovita,Redoviti,0
2026-09-01,DJEČJI VRTIĆ MARKUŠEVEC,Gradski DV,Sesvete,Jaslice,1 do 3 godine mješovita,Posebni,0
2026-09-01,DJEČJI VRTIĆ MARKUŠEVEC,Gradski DV,Sesvete,Vrtić,3 do 4 godine,Redoviti,6
2026-09-01,DJEČJI VRTIĆ MARKUŠEVEC,Gradski DV,Sesvete,Vrtić,3 do 4 godine,Posebni,0
2026-09-01,DJEČJI VRTIĆ MARKUŠEVEC,Gradski DV,Sesvete,Vrtić,4 do 5 godina,Redoviti,5
2026-09-01,DJEČJI VRTIĆ MARKUŠEVEC,Gradski DV,Sesvete,Vrtić,4 do 5 godina,Posebni,0
2026-09-01,DJEČJI VRTIĆ MARKUŠEVEC,Gradski DV,Sesvete,Vrtić,5 godina do OŠ,Redoviti,6
2026-09-01,DJEČJI VRTIĆ MARKUŠEVEC,Gradski DV,Sesvete,Vrtić,5 godina do OŠ,Posebni,0
2026-09-01,DJEČJI VRTIĆ MARKUŠEVEC,Gradski DV,Sesvete,Vrtić,3 godine do OŠ mješovita,Redoviti,0
2026-09-01,DJEČJI VRTIĆ MARKUŠEVEC,Gradski DV,Sesvete,Vrtić,3 godine do OŠ mješovita,Posebni,6
2026-09-01,DJEČJI VRTIĆ MATIJE GUPCA,Gradski DV,Trešnjevka - jug,Jaslice,1 do 2 godine,Redoviti,0
2026-09-01,DJEČJI VRTIĆ MATIJE GUPCA,Gradski DV,Trešnjevka - jug,Jaslice,1 do 2 godine,Posebni,0
2026-09-01,DJEČJI VRTIĆ MATIJE GUPCA,Gradski DV,Trešnjevka - jug,Jaslice,2 do 3 godine,Redoviti,0
2026-09-01,DJEČJI VRTIĆ MATIJE GUPCA,Gradski DV,Trešnjevka - jug,Jaslice,2 do 3 godine,Posebni,0
2026-09-01,DJEČJI VRTIĆ MATIJE GUPCA,Gradski DV,Trešnjevka - jug,Jaslice,1 do 3 godine mješovita,Redoviti,0
2026-09-01,DJEČJI VRTIĆ MATIJE GUPCA,Gradski DV,Trešnjevka - jug,Jaslice,1 do 3 godine mješovita,Posebni,0
2026-09-01,DJEČJI VRTIĆ MATIJE GUPCA,Gradski DV,Trešnjevka - jug,Vrtić,3 do 4 godine,Redoviti,0
2026-09-01,DJEČJI VRTIĆ MATIJE GUPCA,Gradski DV,Trešnjevka - jug,Vrtić,3 do 4 godine,Posebni,0
2026-09-01,DJEČJI VRTIĆ MATIJE GUPCA,Gradski DV,Trešnjevka - jug,Vrtić,4 do 5 godina,Redoviti,0
2026-09-01,DJEČJI VRTIĆ MATIJE GUPCA,Gradski DV,Trešnjevka - jug,Vrtić,4 do 5 godina,Posebni,0
2026-09-01,DJEČJI VRTIĆ MATIJE GUPCA,Gradski DV,Trešnjevka - jug,Vrtić,5 godina do OŠ,Redoviti,0
2026-09-01,DJEČJI VRTIĆ MATIJE GUPCA,Gradski DV,Trešnjevka - jug,Vrtić,5 godina do OŠ,Posebni,0
2026-09-01,DJEČJI VRTIĆ MATIJE GUPCA,Gradski DV,Trešnjevka - jug,Vrtić,3 godine do OŠ mješovita,Redoviti,2
2026-09-01,DJEČJI VRTIĆ MATIJE GUPCA,Gradski DV,Trešnjevka - jug,Vrtić,3 godine do OŠ mješovita,Posebni,5
2026-09-01,DJEČJI VRTIĆ MEDO BRUNDO,Gradski DV,Gornja Dubrava,Jaslice,1 do 2 godine,Redoviti,0
2026-09-01,DJEČJI VRTIĆ MEDO BRUNDO,Gradski DV,Gornja Dubrava,Jaslice,1 do 2 godine,Posebni,0
2026-09-01,DJEČJI VRTIĆ MEDO BRUNDO,Gradski DV,Gornja Dubrava,Jaslice,2 do 3 godine,Redoviti,0
2026-09-01,DJEČJI VRTIĆ MEDO BRUNDO,Gradski DV,Gornja Dubrava,Jaslice,2 do 3 godine,Posebni,0
2026-09-01,DJEČJI VRTIĆ MEDO BRUNDO,Gradski DV,Gornja Dubrava,Jaslice,1 do 3 godine mješovita,Redoviti,0
2026-09-01,DJEČJI VRTIĆ MEDO BRUNDO,Gradski DV,Gornja Dubrava,Jaslice,1 do 3 godine mješovita,Posebni,0
2026-09-01,DJEČJI VRTIĆ MEDO BRUNDO,Gradski DV,Gornja Dubrava,Vrtić,3 do 4 godine,Redoviti,0
2026-09-01,DJEČJI VRTIĆ MEDO BRUNDO,Gradski DV,Gornja Dubrava,Vrtić,3 do 4 godine,Posebni,0
2026-09-01,DJEČJI VRTIĆ MEDO BRUNDO,Gradski DV,Gornja Dubrava,Vrtić,4 do 5 godina,Redoviti,0
2026-09-01,DJEČJI VRTIĆ MEDO BRUNDO,Gradski DV,Gornja Dubrava,Vrtić,4 do 5 godina,Posebni,0
2026-09-01,DJEČJI VRTIĆ MEDO BRUNDO,Gradski DV,Gornja Dubrava,Vrtić,5 godina do OŠ,Redoviti,0
2026-09-01,DJEČJI VRTIĆ MEDO BRUNDO,Gradski DV,Gornja Dubrava,Vrtić,5 godina do OŠ,Posebni,0
2026-09-01,DJEČJI VRTIĆ MEDO BRUNDO,Gradski DV,Gornja Dubrava,Vrtić,3 godine do OŠ mješovita,Redoviti,0
2026-09-01,DJEČJI VRTIĆ MEDO BRUNDO,Gradski DV,Gornja Dubrava,Vrtić,3 godine do OŠ mješovita,Posebni,0
2026-09-01,DJEČJI VRTIĆ MEDVEŠČAK,Gradski DV,Gornji grad - Medveščak,Jaslice,1 do 2 godine,Redoviti,0
2026-09-01,DJEČJI VRTIĆ MEDVEŠČAK,Gradski DV,Gornji grad - Medveščak,Jaslice,1 do 2 godine,Posebni,0
2026-09-01,DJEČJI VRTIĆ MEDVEŠČAK,Gradski DV,Gornji grad - Medveščak,Jaslice,2 do 3 godine,Redoviti,1
2026-09-01,DJEČJI VRTIĆ MEDVEŠČAK,Gradski DV,Gornji grad - Medveščak,Jaslice,2 do 3 godine,Posebni,0
2026-09-01,DJEČJI VRTIĆ MEDVEŠČAK,Gradski DV,Gornji grad - Medveščak,Jaslice,1 do 3 godine mješovita,Redoviti,0
2026-09-01,DJEČJI VRTIĆ MEDVEŠČAK,Gradski DV,Gornji grad - Medveščak,Jaslice,1 do 3 godine mješovita,Posebni,0
2026-09-01,DJEČJI VRTIĆ MEDVEŠČAK,Gradski DV,Gornji grad - Medveščak,Vrtić,3 do 4 godine,Redoviti,0
2026-09-01,DJEČJI VRTIĆ MEDVEŠČAK,Gradski DV,Gornji grad - Medveščak,Vrtić,3 do 4 godine,Posebni,1
2026-09-01,DJEČJI VRTIĆ MEDVEŠČAK,Gradski DV,Gornji grad - Medveščak,Vrtić,4 do 5 godina,Redoviti,0
2026-09-01,DJEČJI VRTIĆ MEDVEŠČAK,Gradski DV,Gornji grad - Medveščak,Vrtić,4 do 5 godina,Posebni,0
2026-09-01,DJEČJI VRTIĆ MEDVEŠČAK,Gradski DV,Gornji grad - Medveščak,Vrtić,5 godina do OŠ,Redoviti,0
2026-09-01,DJEČJI VRTIĆ MEDVEŠČAK,Gradski DV,Gornji grad - Medveščak,Vrtić,5 godina do OŠ,Posebni,8
2026-09-01,DJEČJI VRTIĆ MEDVEŠČAK,Gradski DV,Gornji grad - Medveščak,Vrtić,3 godine do OŠ mješovita,Redoviti,0
2026-09-01,DJEČJI VRTIĆ MEDVEŠČAK,Gradski DV,Gornji grad - Medveščak,Vrtić,3 godine do OŠ mješovita,Posebni,1
2026-09-01,DJEČJI VRTIĆ MILANA SACHSA,Gradski DV,Peščenica - Žitnjak,Jaslice,1 do 2 godine,Redoviti,44
2026-09-01,DJEČJI VRTIĆ MILANA SACHSA,Gradski DV,Peščenica - Žitnjak,Jaslice,1 do 2 godine,Posebni,0
2026-09-01,DJEČJI VRTIĆ MILANA SACHSA,Gradski DV,Peščenica - Žitnjak,Jaslice,2 do 3 godine,Redoviti,3
2026-09-01,DJEČJI VRTIĆ MILANA SACHSA,Gradski DV,Peščenica - Žitnjak,Jaslice,2 do 3 godine,Posebni,0
2026-09-01,DJEČJI VRTIĆ MILANA SACHSA,Gradski DV,Peščenica - Žitnjak,Jaslice,1 do 3 godine mješovita,Redoviti,40
2026-09-01,DJEČJI VRTIĆ MILANA SACHSA,Gradski DV,Peščenica - Žitnjak,Jaslice,1 do 3 godine mješovita,Posebni,0
2026-09-01,DJEČJI VRTIĆ MILANA SACHSA,Gradski DV,Peščenica - Žitnjak,Vrtić,3 do 4 godine,Redoviti,0
2026-09-01,DJEČJI VRTIĆ MILANA SACHSA,Gradski DV,Peščenica - Žitnjak,Vrtić,3 do 4 godine,Posebni,0
2026-09-01,DJEČJI VRTIĆ MILANA SACHSA,Gradski DV,Peščenica - Žitnjak,Vrtić,4 do 5 godina,Redoviti,0
2026-09-01,DJEČJI VRTIĆ MILANA SACHSA,Gradski DV,Peščenica - Žitnjak,Vrtić,4 do 5 godina,Posebni,0
2026-09-01,DJEČJI VRTIĆ MILANA SACHSA,Gradski DV,Peščenica - Žitnjak,Vrtić,5 godina do OŠ,Redoviti,0
2026-09-01,DJEČJI VRTIĆ MILANA SACHSA,Gradski DV,Peščenica - Žitnjak,Vrtić,5 godina do OŠ,Posebni,0
2026-09-01,DJEČJI VRTIĆ MILANA SACHSA,Gradski DV,Peščenica - Žitnjak,Vrtić,3 godine do OŠ mješovita,Redoviti,35
2026-09-01,DJEČJI VRTIĆ MILANA SACHSA,Gradski DV,Peščenica - Žitnjak,Vrtić,3 godine do OŠ mješovita,Posebni,20
2026-09-01,DJEČJI VRTIĆ PČELICA,Gradski DV,Gornja Dubrava,Jaslice,1 do 2 godine,Redoviti,0
2026-09-01,DJEČJI VRTIĆ PČELICA,Gradski DV,Gornja Dubrava,Jaslice,1 do 2 godine,Posebni,0
2026-09-01,DJEČJI VRTIĆ PČELICA,Gradski DV,Gornja Dubrava,Jaslice,2 do 3 godine,Redoviti,0
2026-09-01,DJEČJI VRTIĆ PČELICA,Gradski DV,Gornja Dubrava,Jaslice,2 do 3 godine,Posebni,0
2026-09-01,DJEČJI VRTIĆ PČELICA,Gradski DV,Gornja Dubrava,Jaslice,1 do 3 godine mješovita,Redoviti,0
2026-09-01,DJEČJI VRTIĆ PČELICA,Gradski DV,Gornja Dubrava,Jaslice,1 do 3 godine mješovita,Posebni,0
2026-09-01,DJEČJI VRTIĆ PČELICA,Gradski DV,Gornja Dubrava,Vrtić,3 do 4 godine,Redoviti,0
2026-09-01,DJEČJI VRTIĆ PČELICA,Gradski DV,Gornja Dubrava,Vrtić,3 do 4 godine,Posebni,0
2026-09-01,DJEČJI VRTIĆ PČELICA,Gradski DV,Gornja Dubrava,Vrtić,4 do 5 godina,Redoviti,0
2026-09-01,DJEČJI VRTIĆ PČELICA,Gradski DV,Gornja Dubrava,Vrtić,4 do 5 godina,Posebni,0
2026-09-01,DJEČJI VRTIĆ PČELICA,Gradski DV,Gornja Dubrava,Vrtić,5 godina do OŠ,Redoviti,0
2026-09-01,DJEČJI VRTIĆ PČELICA,Gradski DV,Gornja Dubrava,Vrtić,5 godina do OŠ,Posebni,0
2026-09-01,DJEČJI VRTIĆ PČELICA,Gradski DV,Gornja Dubrava,Vrtić,3 godine do OŠ mješovita,Redoviti,0
2026-09-01,DJEČJI VRTIĆ PČELICA,Gradski DV,Gornja Dubrava,Vrtić,3 godine do OŠ mješovita,Posebni,0
2026-09-01,DJEČJI VRTIĆ PETAR PAN,Gradski DV,Črnomerec,Jaslice,1 do 2 godine,Redoviti,0
2026-09-01,DJEČJI VRTIĆ PETAR PAN,Gradski DV,Črnomerec,Jaslice,1 do 2 godine,Posebni,0
2026-09-01,DJEČJI VRTIĆ PETAR PAN,Gradski DV,Črnomerec,Jaslice,2 do 3 godine,Redoviti,0
2026-09-01,DJEČJI VRTIĆ PETAR PAN,Gradski DV,Črnomerec,Jaslice,2 do 3 godine,Posebni,0
2026-09-01,DJEČJI VRTIĆ PETAR PAN,Gradski DV,Črnomerec,Jaslice,1 do 3 godine mješovita,Redoviti,0
2026-09-01,DJEČJI VRTIĆ PETAR PAN,Gradski DV,Črnomerec,Jaslice,1 do 3 godine mješovita,Posebni,0
2026-09-01,DJEČJI VRTIĆ PETAR PAN,Gradski DV,Črnomerec,Vrtić,3 do 4 godine,Redoviti,0
2026-09-01,DJEČJI VRTIĆ PETAR PAN,Gradski DV,Črnomerec,Vrtić,3 do 4 godine,Posebni,0
2026-09-01,DJEČJI VRTIĆ PETAR PAN,Gradski DV,Črnomerec,Vrtić,4 do 5 godina,Redoviti,0
2026-09-01,DJEČJI VRTIĆ PETAR PAN,Gradski DV,Črnomerec,Vrtić,4 do 5 godina,Posebni,0
2026-09-01,DJEČJI VRTIĆ PETAR PAN,Gradski DV,Črnomerec,Vrtić,5 godina do OŠ,Redoviti,3
2026-09-01,DJEČJI VRTIĆ PETAR PAN,Gradski DV,Črnomerec,Vrtić,5 godina do OŠ,Posebni,0
2026-09-01,DJEČJI VRTIĆ PETAR PAN,Gradski DV,Črnomerec,Vrtić,3 godine do OŠ mješovita,Redoviti,4
2026-09-01,DJEČJI VRTIĆ PETAR PAN,Gradski DV,Črnomerec,Vrtić,3 godine do OŠ mješovita,Posebni,0
2026-09-01,DJEČJI VRTIĆ POLETARAC,Gradski DV,Gornja Dubrava,Jaslice,1 do 2 godine,Redoviti,0
2026-09-01,DJEČJI VRTIĆ POLETARAC,Gradski DV,Gornja Dubrava,Jaslice,1 do 2 godine,Posebni,0
2026-09-01,DJEČJI VRTIĆ POLETARAC,Gradski DV,Gornja Dubrava,Jaslice,2 do 3 godine,Redoviti,0
2026-09-01,DJEČJI VRTIĆ POLETARAC,Gradski DV,Gornja Dubrava,Jaslice,2 do 3 godine,Posebni,0
2026-09-01,DJEČJI VRTIĆ POLETARAC,Gradski DV,Gornja Dubrava,Jaslice,1 do 3 godine mješovita,Redoviti,0
2026-09-01,DJEČJI VRTIĆ POLETARAC,Gradski DV,Gornja Dubrava,Jaslice,1 do 3 godine mješovita,Posebni,0
2026-09-01,DJEČJI VRTIĆ POLETARAC,Gradski DV,Gornja Dubrava,Vrtić,3 do 4 godine,Redoviti,0
2026-09-01,DJEČJI VRTIĆ POLETARAC,Gradski DV,Gornja Dubrava,Vrtić,3 do 4 godine,Posebni,0
2026-09-01,DJEČJI VRTIĆ POLETARAC,Gradski DV,Gornja Dubrava,Vrtić,4 do 5 godina,Redoviti,0
2026-09-01,DJEČJI VRTIĆ POLETARAC,Gradski DV,Gornja Dubrava,Vrtić,4 do 5 godina,Posebni,0
2026-09-01,DJEČJI VRTIĆ POLETARAC,Gradski DV,Gornja Dubrava,Vrtić,5 godina do OŠ,Redoviti,0
2026-09-01,DJEČJI VRTIĆ POLETARAC,Gradski DV,Gornja Dubrava,Vrtić,5 godina do OŠ,Posebni,0
2026-09-01,DJEČJI VRTIĆ POLETARAC,Gradski DV,Gornja Dubrava,Vrtić,3 godine do OŠ mješovita,Redoviti,0
2026-09-01,DJEČJI VRTIĆ POLETARAC,Gradski DV,Gornja Dubrava,Vrtić,3 godine do OŠ mješovita,Posebni,0
2026-09-01,DJEČJI VRTIĆ POTOČNICA,Gradski DV,Trešnjevka - sjever,Jaslice,1 do 2 godine,Redoviti,0
2026-09-01,DJEČJI VRTIĆ POTOČNICA,Gradski DV,Trešnjevka - sjever,Jaslice,1 do 2 godine,Posebni,0
2026-09-01,DJEČJI VRTIĆ POTOČNICA,Gradski DV,Trešnjevka - sjever,Jaslice,2 do 3 godine,Redoviti,0
2026-09-01,DJEČJI VRTIĆ POTOČNICA,Gradski DV,Trešnjevka - sjever,Jaslice,2 do 3 godine,Posebni,0
2026-09-01,DJEČJI VRTIĆ POTOČNICA,Gradski DV,Trešnjevka - sjever,Jaslice,1 do 3 godine mješovita,Redoviti,0
2026-09-01,DJEČJI VRTIĆ POTOČNICA,Gradski DV,Trešnjevka - sjever,Jaslice,1 do 3 godine mješovita,Posebni,0
2026-09-01,DJEČJI VRTIĆ POTOČNICA,Gradski DV,Trešnjevka - sjever,Vrtić,3 do 4 godine,Redoviti,0
2026-09-01,DJEČJI VRTIĆ POTOČNICA,Gradski DV,Trešnjevka - sjever,Vrtić,3 do 4 godine,Posebni,7
2026-09-01,DJEČJI VRTIĆ POTOČNICA,Gradski DV,Trešnjevka - sjever,Vrtić,4 do 5 godina,Redoviti,0
2026-09-01,DJEČJI VRTIĆ POTOČNICA,Gradski DV,Trešnjevka - sjever,Vrtić,4 do 5 godina,Posebni,2
2026-09-01,DJEČJI VRTIĆ POTOČNICA,Gradski DV,Trešnjevka - sjever,Vrtić,5 godina do OŠ,Redoviti,0
2026-09-01,DJEČJI VRTIĆ POTOČNICA,Gradski DV,Trešnjevka - sjever,Vrtić,5 godina do OŠ,Posebni,0
2026-09-01,DJEČJI VRTIĆ POTOČNICA,Gradski DV,Trešnjevka - sjever,Vrtić,3 godine do OŠ mješovita,Redoviti,0
2026-09-01,DJEČJI VRTIĆ POTOČNICA,Gradski DV,Trešnjevka - sjever,Vrtić,3 godine do OŠ mješovita,Posebni,8
2026-09-01,DJEČJI VRTIĆ PREČKO,Gradski DV,Trešnjevka - jug,Jaslice,1 do 2 godine,Redoviti,0
2026-09-01,DJEČJI VRTIĆ PREČKO,Gradski DV,Trešnjevka - jug,Jaslice,1 do 2 godine,Posebni,0
2026-09-01,DJEČJI VRTIĆ PREČKO,Gradski DV,Trešnjevka - jug,Jaslice,2 do 3 godine,Redoviti,0
2026-09-01,DJEČJI VRTIĆ PREČKO,Gradski DV,Trešnjevka - jug,Jaslice,2 do 3 godine,Posebni,0
2026-09-01,DJEČJI VRTIĆ PREČKO,Gradski DV,Trešnjevka - jug,Jaslice,1 do 3 godine mješovita,Redoviti,0
2026-09-01,DJEČJI VRTIĆ PREČKO,Gradski DV,Trešnjevka - jug,Jaslice,1 do 3 godine mješovita,Posebni,0
2026-09-01,DJEČJI VRTIĆ PREČKO,Gradski DV,Trešnjevka - jug,Vrtić,3 do 4 godine,Redoviti,0
2026-09-01,DJEČJI VRTIĆ PREČKO,Gradski DV,Trešnjevka - jug,Vrtić,3 do 4 godine,Posebni,0
2026-09-01,DJEČJI VRTIĆ PREČKO,Gradski DV,Trešnjevka - jug,Vrtić,4 do 5 godina,Redoviti,0
2026-09-01,DJEČJI VRTIĆ PREČKO,Gradski DV,Trešnjevka - jug,Vrtić,4 do 5 godina,Posebni,0
2026-09-01,DJEČJI VRTIĆ PREČKO,Gradski DV,Trešnjevka - jug,Vrtić,5 godina do OŠ,Redoviti,0
2026-09-01,DJEČJI VRTIĆ PREČKO,Gradski DV,Trešnjevka - jug,Vrtić,5 godina do OŠ,Posebni,0
2026-09-01,DJEČJI VRTIĆ PREČKO,Gradski DV,Trešnjevka - jug,Vrtić,3 godine do OŠ mješovita,Redoviti,0
2026-09-01,DJEČJI VRTIĆ PREČKO,Gradski DV,Trešnjevka - jug,Vrtić,3 godine do OŠ mješovita,Posebni,0
2026-09-01,DJEČJI VRTIĆ RADOST,Gradski DV,Gornja Dubrava,Jaslice,1 do 2 godine,Redoviti,0
2026-09-01,DJEČJI VRTIĆ RADOST,Gradski DV,Gornja Dubrava,Jaslice,1 do 2 godine,Posebni,0
2026-09-01,DJEČJI VRTIĆ RADOST,Gradski DV,Gornja Dubrava,Jaslice,2 do 3 godine,Redoviti,0
2026-09-01,DJEČJI VRTIĆ RADOST,Gradski DV,Gornja Dubrava,Jaslice,2 do 3 godine,Posebni,0
2026-09-01,DJEČJI VRTIĆ RADOST,Gradski DV,Gornja Dubrava,Jaslice,1 do 3 godine mješovita,Redoviti,0
2026-09-01,DJEČJI VRTIĆ RADOST,Gradski DV,Gornja Dubrava,Jaslice,1 do 3 godine mješovita,Posebni,0
2026-09-01,DJEČJI VRTIĆ RADOST,Gradski DV,Gornja Dubrava,Vrtić,3 do 4 godine,Redoviti,0
2026-09-01,DJEČJI VRTIĆ RADOST,Gradski DV,Gornja Dubrava,Vrtić,3 do 4 godine,Posebni,0
2026-09-01,DJEČJI VRTIĆ RADOST,Gradski DV,Gornja Dubrava,Vrtić,4 do 5 godina,Redoviti,0
2026-09-01,DJEČJI VRTIĆ RADOST,Gradski DV,Gornja Dubrava,Vrtić,4 do 5 godina,Posebni,0
2026-09-01,DJEČJI VRTIĆ RADOST,Gradski DV,Gornja Dubrava,Vrtić,5 godina do OŠ,Redoviti,0
2026-09-01,DJEČJI VRTIĆ RADOST,Gradski DV,Gornja Dubrava,Vrtić,5 godina do OŠ,Posebni,0
2026-09-01,DJEČJI VRTIĆ RADOST,Gradski DV,Gornja Dubrava,Vrtić,3 godine do OŠ mješovita,Redoviti,0
2026-09-01,DJEČJI VRTIĆ RADOST,Gradski DV,Gornja Dubrava,Vrtić,3 godine do OŠ mješovita,Posebni,0
2026-09-01,DJEČJI VRTIĆ RAZLIČAK,Gradski DV,Donji grad,Jaslice,1 do 2 godine,Redoviti,0
2026-09-01,DJEČJI VRTIĆ RAZLIČAK,Gradski DV,Donji grad,Jaslice,1 do 2 godine,Posebni,0
2026-09-01,DJEČJI VRTIĆ RAZLIČAK,Gradski DV,Donji grad,Jaslice,2 do 3 godine,Redoviti,0
2026-09-01,DJEČJI VRTIĆ RAZLIČAK,Gradski DV,Donji grad,Jaslice,2 do 3 godine,Posebni,0
2026-09-01,DJEČJI VRTIĆ RAZLIČAK,Gradski DV,Donji grad,Jaslice,1 do 3 godine mješovita,Redoviti,0
2026-09-01,DJEČJI VRTIĆ RAZLIČAK,Gradski DV,Donji grad,Jaslice,1 do 3 godine mješovita,Posebni,0
2026-09-01,DJEČJI VRTIĆ RAZLIČAK,Gradski DV,Donji grad,Vrtić,3 do 4 godine,Redoviti,4
2026-09-01,DJEČJI VRTIĆ RAZLIČAK,Gradski DV,Donji grad,Vrtić,3 do 4 godine,Posebni,0
2026-09-01,DJEČJI VRTIĆ RAZLIČAK,Gradski DV,Donji grad,Vrtić,4 do 5 godina,Redoviti,8
2026-09-01,DJEČJI VRTIĆ RAZLIČAK,Gradski DV,Donji grad,Vrtić,4 do 5 godina,Posebni,0
2026-09-01,DJEČJI VRTIĆ RAZLIČAK,Gradski DV,Donji grad,Vrtić,5 godina do OŠ,Redoviti,0
2026-09-01,DJEČJI VRTIĆ RAZLIČAK,Gradski DV,Donji grad,Vrtić,5 godina do OŠ,Posebni,0
2026-09-01,DJEČJI VRTIĆ RAZLIČAK,Gradski DV,Donji grad,Vrtić,3 godine do OŠ mješovita,Redoviti,0
2026-09-01,DJEČJI VRTIĆ RAZLIČAK,Gradski DV,Donji grad,Vrtić,3 godine do OŠ mješovita,Posebni,1
2026-09-01,DJEČJI VRTIĆ REMETINEC,Gradski DV,Novi Zagreb - zapad,Jaslice,1 do 2 godine,Redoviti,0
2026-09-01,DJEČJI VRTIĆ REMETINEC,Gradski DV,Novi Zagreb - zapad,Jaslice,1 do 2 godine,Posebni,0
2026-09-01,DJEČJI VRTIĆ REMETINEC,Gradski DV,Novi Zagreb - zapad,Jaslice,2 do 3 godine,Redoviti,0
2026-09-01,DJEČJI VRTIĆ REMETINEC,Gradski DV,Novi Zagreb - zapad,Jaslice,2 do 3 godine,Posebni,0
2026-09-01,DJEČJI VRTIĆ REMETINEC,Gradski DV,Novi Zagreb - zapad,Jaslice,1 do 3 godine mješovita,Redoviti,0
2026-09-01,DJEČJI VRTIĆ REMETINEC,Gradski DV,Novi Zagreb - zapad,Jaslice,1 do 3 godine mješovita,Posebni,0
2026-09-01,DJEČJI VRTIĆ REMETINEC,Gradski DV,Novi Zagreb - zapad,Vrtić,3 do 4 godine,Redoviti,0
2026-09-01,DJEČJI VRTIĆ REMETINEC,Gradski DV,Novi Zagreb - zapad,Vrtić,3 do 4 godine,Posebni,0
2026-09-01,DJEČJI VRTIĆ REMETINEC,Gradski DV,Novi Zagreb - zapad,Vrtić,4 do 5 godina,Redoviti,0
2026-09-01,DJEČJI VRTIĆ REMETINEC,Gradski DV,Novi Zagreb - zapad,Vrtić,4 do 5 godina,Posebni,0
2026-09-01,DJEČJI VRTIĆ REMETINEC,Gradski DV,Novi Zagreb - zapad,Vrtić,5 godina do OŠ,Redoviti,0
2026-09-01,DJEČJI VRTIĆ REMETINEC,Gradski DV,Novi Zagreb - zapad,Vrtić,5 godina do OŠ,Posebni,0
2026-09-01,DJEČJI VRTIĆ REMETINEC,Gradski DV,Novi Zagreb - zapad,Vrtić,3 godine do OŠ mješovita,Redoviti,0
2026-09-01,DJEČJI VRTIĆ REMETINEC,Gradski DV,Novi Zagreb - zapad,Vrtić,3 godine do OŠ mješovita,Posebni,0
2026-09-01,DJEČJI VRTIĆ SAVICA,Gradski DV,Trnje,Jaslice,1 do 2 godine,Redoviti,0
2026-09-01,DJEČJI VRTIĆ SAVICA,Gradski DV,Trnje,Jaslice,1 do 2 godine,Posebni,0
2026-09-01,DJEČJI VRTIĆ SAVICA,Gradski DV,Trnje,Jaslice,2 do 3 godine,Redoviti,0
2026-09-01,DJEČJI VRTIĆ SAVICA,Gradski DV,Trnje,Jaslice,2 do 3 godine,Posebni,0
2026-09-01,DJEČJI VRTIĆ SAVICA,Gradski DV,Trnje,Jaslice,1 do 3 godine mješovita,Redoviti,0
2026-09-01,DJEČJI VRTIĆ SAVICA,Gradski DV,Trnje,Jaslice,1 do 3 godine mješovita,Posebni,0
2026-09-01,DJEČJI VRTIĆ SAVICA,Gradski DV,Trnje,Vrtić,3 do 4 godine,Redoviti,0
2026-09-01,DJEČJI VRTIĆ SAVICA,Gradski DV,Trnje,Vrtić,3 do 4 godine,Posebni,0
2026-09-01,DJEČJI VRTIĆ SAVICA,Gradski DV,Trnje,Vrtić,4 do 5 godina,Redoviti,0
2026-09-01,DJEČJI VRTIĆ SAVICA,Gradski DV,Trnje,Vrtić,4 do 5 godina,Posebni,0
2026-09-01,DJEČJI VRTIĆ SAVICA,Gradski DV,Trnje,Vrtić,5 godina do OŠ,Redoviti,0
2026-09-01,DJEČJI VRTIĆ SAVICA,Gradski DV,Trnje,Vrtić,5 godina do OŠ,Posebni,0
2026-09-01,DJEČJI VRTIĆ SAVICA,Gradski DV,Trnje,Vrtić,3 godine do OŠ mješovita,Redoviti,0
2026-09-01,DJEČJI VRTIĆ SAVICA,Gradski DV,Trnje,Vrtić,3 godine do OŠ mješovita,Posebni,0
2026-09-01,DJEČJI VRTIĆ SESVETE,Gradski DV,Sesvete,Jaslice,1 do 2 godine,Redoviti,0
2026-09-01,DJEČJI VRTIĆ SESVETE,Gradski DV,Sesvete,Jaslice,1 do 2 godine,Posebni,0
2026-09-01,DJEČJI VRTIĆ SESVETE,Gradski DV,Sesvete,Jaslice,2 do 3 godine,Redoviti,0
2026-09-01,DJEČJI VRTIĆ SESVETE,Gradski DV,Sesvete,Jaslice,2 do 3 godine,Posebni,0
2026-09-01,DJEČJI VRTIĆ SESVETE,Gradski DV,Sesvete,Jaslice,1 do 3 godine mješovita,Redoviti,0
2026-09-01,DJEČJI VRTIĆ SESVETE,Gradski DV,Sesvete,Jaslice,1 do 3 godine mješovita,Posebni,0
2026-09-01,DJEČJI VRTIĆ SESVETE,Gradski DV,Sesvete,Vrtić,3 do 4 godine,Redoviti,0
2026-09-01,DJEČJI VRTIĆ SESVETE,Gradski DV,Sesvete,Vrtić,3 do 4 godine,Posebni,0
2026-09-01,DJEČJI VRTIĆ SESVETE,Gradski DV,Sesvete,Vrtić,4 do 5 godina,Redoviti,0
2026-09-01,DJEČJI VRTIĆ SESVETE,Gradski DV,Sesvete,Vrtić,4 do 5 godina,Posebni,0
2026-09-01,DJEČJI VRTIĆ SESVETE,Gradski DV,Sesvete,Vrtić,5 godina do OŠ,Redoviti,0
2026-09-01,DJEČJI VRTIĆ SESVETE,Gradski DV,Sesvete,Vrtić,5 godina do OŠ,Posebni,0
2026-09-01,DJEČJI VRTIĆ SESVETE,Gradski DV,Sesvete,Vrtić,3 godine do OŠ mješovita,Redoviti,0
2026-09-01,DJEČJI VRTIĆ SESVETE,Gradski DV,Sesvete,Vrtić,3 godine do OŠ mješovita,Posebni,0
2026-09-01,DJEČJI VRTIĆ SESVETSKI KRALJEVEC,Gradski DV,Sesvete,Jaslice,1 do 2 godine,Redoviti,0
2026-09-01,DJEČJI VRTIĆ SESVETSKI KRALJEVEC,Gradski DV,Sesvete,Jaslice,1 do 2 godine,Posebni,0
2026-09-01,DJEČJI VRTIĆ SESVETSKI KRALJEVEC,Gradski DV,Sesvete,Jaslice,2 do 3 godine,Redoviti,0
2026-09-01,DJEČJI VRTIĆ SESVETSKI KRALJEVEC,Gradski DV,Sesvete,Jaslice,2 do 3 godine,Posebni,0
2026-09-01,DJEČJI VRTIĆ SESVETSKI KRALJEVEC,Gradski DV,Sesvete,Jaslice,1 do 3 godine mješovita,Redoviti,0
2026-09-01,DJEČJI VRTIĆ SESVETSKI KRALJEVEC,Gradski DV,Sesvete,Jaslice,1 do 3 godine mješovita,Posebni,0
2026-09-01,DJEČJI VRTIĆ SESVETSKI KRALJEVEC,Gradski DV,Sesvete,Vrtić,3 do 4 godine,Redoviti,0
2026-09-01,DJEČJI VRTIĆ SESVETSKI KRALJEVEC,Gradski DV,Sesvete,Vrtić,3 do 4 godine,Posebni,0
2026-09-01,DJEČJI VRTIĆ SESVETSKI KRALJEVEC,Gradski DV,Sesvete,Vrtić,4 do 5 godina,Redoviti,0
2026-09-01,DJEČJI VRTIĆ SESVETSKI KRALJEVEC,Gradski DV,Sesvete,Vrtić,4 do 5 godina,Posebni,0
2026-09-01,DJEČJI VRTIĆ SESVETSKI KRALJEVEC,Gradski DV,Sesvete,Vrtić,5 godina do OŠ,Redoviti,0
2026-09-01,DJEČJI VRTIĆ SESVETSKI KRALJEVEC,Gradski DV,Sesvete,Vrtić,5 godina do OŠ,Posebni,0
2026-09-01,DJEČJI VRTIĆ SESVETSKI KRALJEVEC,Gradski DV,Sesvete,Vrtić,3 godine do OŠ mješovita,Redoviti,0
2026-09-01,DJEČJI VRTIĆ SESVETSKI KRALJEVEC,Gradski DV,Sesvete,Vrtić,3 godine do OŠ mješovita,Posebni,0
2026-09-01,DJEČJI VRTIĆ SIGET,Gradski DV,Novi Zagreb - zapad,Jaslice,1 do 2 godine,Redoviti,0
2026-09-01,DJEČJI VRTIĆ SIGET,Gradski DV,Novi Zagreb - zapad,Jaslice,1 do 2 godine,Posebni,0
2026-09-01,DJEČJI VRTIĆ SIGET,Gradski DV,Novi Zagreb - zapad,Jaslice,2 do 3 godine,Redoviti,0
2026-09-01,DJEČJI VRTIĆ SIGET,Gradski DV,Novi Zagreb - zapad,Jaslice,2 do 3 godine,Posebni,0
2026-09-01,DJEČJI VRTIĆ SIGET,Gradski DV,Novi Zagreb - zapad,Jaslice,1 do 3 godine mješovita,Redoviti,0
2026-09-01,DJEČJI VRTIĆ SIGET,Gradski DV,Novi Zagreb - zapad,Jaslice,1 do 3 godine mješovita,Posebni,0
2026-09-01,DJEČJI VRTIĆ SIGET,Gradski DV,Novi Zagreb - zapad,Vrtić,3 do 4 godine,Redoviti,1
2026-09-01,DJEČJI VRTIĆ SIGET,Gradski DV,Novi Zagreb - zapad,Vrtić,3 do 4 godine,Posebni,0
2026-09-01,DJEČJI VRTIĆ SIGET,Gradski DV,Novi Zagreb - zapad,Vrtić,4 do 5 godina,Redoviti,3
2026-09-01,DJEČJI VRTIĆ SIGET,Gradski DV,Novi Zagreb - zapad,Vrtić,4 do 5 godina,Posebni,3
2026-09-01,DJEČJI VRTIĆ SIGET,Gradski DV,Novi Zagreb - zapad,Vrtić,5 godina do OŠ,Redoviti,3
2026-09-01,DJEČJI VRTIĆ SIGET,Gradski DV,Novi Zagreb - zapad,Vrtić,5 godina do OŠ,Posebni,5
2026-09-01,DJEČJI VRTIĆ SIGET,Gradski DV,Novi Zagreb - zapad,Vrtić,3 godine do OŠ mješovita,Redoviti,0
2026-09-01,DJEČJI VRTIĆ SIGET,Gradski DV,Novi Zagreb - zapad,Vrtić,3 godine do OŠ mješovita,Posebni,0
2026-09-01,DJEČJI VRTIĆ SOPOT,Gradski DV,Novi Zagreb - istok,Jaslice,1 do 2 godine,Redoviti,0
2026-09-01,DJEČJI VRTIĆ SOPOT,Gradski DV,Novi Zagreb - istok,Jaslice,1 do 2 godine,Posebni,0
2026-09-01,DJEČJI VRTIĆ SOPOT,Gradski DV,Novi Zagreb - istok,Jaslice,2 do 3 godine,Redoviti,0
2026-09-01,DJEČJI VRTIĆ SOPOT,Gradski DV,Novi Zagreb - istok,Jaslice,2 do 3 godine,Posebni,0
2026-09-01,DJEČJI VRTIĆ SOPOT,Gradski DV,Novi Zagreb - istok,Jaslice,1 do 3 godine mješovita,Redoviti,0
2026-09-01,DJEČJI VRTIĆ SOPOT,Gradski DV,Novi Zagreb - istok,Jaslice,1 do 3 godine mješovita,Posebni,0
2026-09-01,DJEČJI VRTIĆ SOPOT,Gradski DV,Novi Zagreb - istok,Vrtić,3 do 4 godine,Redoviti,0
2026-09-01,DJEČJI VRTIĆ SOPOT,Gradski DV,Novi Zagreb - istok,Vrtić,3 do 4 godine,Posebni,0
2026-09-01,DJEČJI VRTIĆ SOPOT,Gradski DV,Novi Zagreb - istok,Vrtić,4 do 5 godina,Redoviti,0
2026-09-01,DJEČJI VRTIĆ SOPOT,Gradski DV,Novi Zagreb - istok,Vrtić,4 do 5 godina,Posebni,0
2026-09-01,DJEČJI VRTIĆ SOPOT,Gradski DV,Novi Zagreb - istok,Vrtić,5 godina do OŠ,Redoviti,0
2026-09-01,DJEČJI VRTIĆ SOPOT,Gradski DV,Novi Zagreb - istok,Vrtić,5 godina do OŠ,Posebni,0
2026-09-01,DJEČJI VRTIĆ SOPOT,Gradski DV,Novi Zagreb - istok,Vrtić,3 godine do OŠ mješovita,Redoviti,0
2026-09-01,DJEČJI VRTIĆ SOPOT,Gradski DV,Novi Zagreb - istok,Vrtić,3 godine do OŠ mješovita,Posebni,0
2026-09-01,DJEČJI VRTIĆ SREDNJACI,Gradski DV,Trešnjevka - jug,Jaslice,1 do 2 godine,Redoviti,0
2026-09-01,DJEČJI VRTIĆ SREDNJACI,Gradski DV,Trešnjevka - jug,Jaslice,1 do 2 godine,Posebni,0
2026-09-01,DJEČJI VRTIĆ SREDNJACI,Gradski DV,Trešnjevka - jug,Jaslice,2 do 3 godine,Redoviti,0
2026-09-01,DJEČJI VRTIĆ SREDNJACI,Gradski DV,Trešnjevka - jug,Jaslice,2 do 3 godine,Posebni,0
2026-09-01,DJEČJI VRTIĆ SREDNJACI,Gradski DV,Trešnjevka - jug,Jaslice,1 do 3 godine mješovita,Redoviti,0
2026-09-01,DJEČJI VRTIĆ SREDNJACI,Gradski DV,Trešnjevka - jug,Jaslice,1 do 3 godine mješovita,Posebni,0
2026-09-01,DJEČJI VRTIĆ SREDNJACI,Gradski DV,Trešnjevka - jug,Vrtić,3 do 4 godine,Redoviti,0
2026-09-01,DJEČJI VRTIĆ SREDNJACI,Gradski DV,Trešnjevka - jug,Vrtić,3 do 4 godine,Posebni,0
2026-09-01,DJEČJI VRTIĆ SREDNJACI,Gradski DV,Trešnjevka - jug,Vrtić,4 do 5 godina,Redoviti,0
2026-09-01,DJEČJI VRTIĆ SREDNJACI,Gradski DV,Trešnjevka - jug,Vrtić,4 do 5 godina,Posebni,0
2026-09-01,DJEČJI VRTIĆ SREDNJACI,Gradski DV,Trešnjevka - jug,Vrtić,5 godina do OŠ,Redoviti,2
2026-09-01,DJEČJI VRTIĆ SREDNJACI,Gradski DV,Trešnjevka - jug,Vrtić,5 godina do OŠ,Posebni,0
2026-09-01,DJEČJI VRTIĆ SREDNJACI,Gradski DV,Trešnjevka - jug,Vrtić,3 godine do OŠ mješovita,Redoviti,0
2026-09-01,DJEČJI VRTIĆ SREDNJACI,Gradski DV,Trešnjevka - jug,Vrtić,3 godine do OŠ mješovita,Posebni,0
2026-09-01,DJEČJI VRTIĆ SUNCE,Gradski DV,Gornja Dubrava,Jaslice,1 do 2 godine,Redoviti,0
2026-09-01,DJEČJI VRTIĆ SUNCE,Gradski DV,Gornja Dubrava,Jaslice,1 do 2 godine,Posebni,0
2026-09-01,DJEČJI VRTIĆ SUNCE,Gradski DV,Gornja Dubrava,Jaslice,2 do 3 godine,Redoviti,0
2026-09-01,DJEČJI VRTIĆ SUNCE,Gradski DV,Gornja Dubrava,Jaslice,2 do 3 godine,Posebni,0
2026-09-01,DJEČJI VRTIĆ SUNCE,Gradski DV,Gornja Dubrava,Jaslice,1 do 3 godine mješovita,Redoviti,0
2026-09-01,DJEČJI VRTIĆ SUNCE,Gradski DV,Gornja Dubrava,Jaslice,1 do 3 godine mješovita,Posebni,0
2026-09-01,DJEČJI VRTIĆ SUNCE,Gradski DV,Gornja Dubrava,Vrtić,3 do 4 godine,Redoviti,0
2026-09-01,DJEČJI VRTIĆ SUNCE,Gradski DV,Gornja Dubrava,Vrtić,3 do 4 godine,Posebni,0
2026-09-01,DJEČJI VRTIĆ SUNCE,Gradski DV,Gornja Dubrava,Vrtić,4 do 5 godina,Redoviti,0
2026-09-01,DJEČJI VRTIĆ SUNCE,Gradski DV,Gornja Dubrava,Vrtić,4 do 5 godina,Posebni,0
2026-09-01,DJEČJI VRTIĆ SUNCE,Gradski DV,Gornja Dubrava,Vrtić,5 godina do OŠ,Redoviti,0
2026-09-01,DJEČJI VRTIĆ SUNCE,Gradski DV,Gornja Dubrava,Vrtić,5 godina do OŠ,Posebni,0
2026-09-01,DJEČJI VRTIĆ SUNCE,Gradski DV,Gornja Dubrava,Vrtić,3 godine do OŠ mješovita,Redoviti,0
2026-09-01,DJEČJI VRTIĆ SUNCE,Gradski DV,Gornja Dubrava,Vrtić,3 godine do OŠ mješovita,Posebni,0
2026-09-01,DJEČJI VRTIĆ SUNČANA,Gradski DV,Stenjevec,Jaslice,1 do 2 godine,Redoviti,0
2026-09-01,DJEČJI VRTIĆ SUNČANA,Gradski DV,Stenjevec,Jaslice,1 do 2 godine,Posebni,0
2026-09-01,DJEČJI VRTIĆ SUNČANA,Gradski DV,Stenjevec,Jaslice,2 do 3 godine,Redoviti,0
2026-09-01,DJEČJI VRTIĆ SUNČANA,Gradski DV,Stenjevec,Jaslice,2 do 3 godine,Posebni,0
2026-09-01,DJEČJI VRTIĆ SUNČANA,Gradski DV,Stenjevec,Jaslice,1 do 3 godine mješovita,Redoviti,0
2026-09-01,DJEČJI VRTIĆ SUNČANA,Gradski DV,Stenjevec,Jaslice,1 do 3 godine mješovita,Posebni,0
2026-09-01,DJEČJI VRTIĆ SUNČANA,Gradski DV,Stenjevec,Vrtić,3 do 4 godine,Redoviti,0
2026-09-01,DJEČJI VRTIĆ SUNČANA,Gradski DV,Stenjevec,Vrtić,3 do 4 godine,Posebni,0
2026-09-01,DJEČJI VRTIĆ SUNČANA,Gradski DV,Stenjevec,Vrtić,4 do 5 godina,Redoviti,0
2026-09-01,DJEČJI VRTIĆ SUNČANA,Gradski DV,Stenjevec,Vrtić,4 do 5 godina,Posebni,0
2026-09-01,DJEČJI VRTIĆ SUNČANA,Gradski DV,Stenjevec,Vrtić,5 godina do OŠ,Redoviti,0
2026-09-01,DJEČJI VRTIĆ SUNČANA,Gradski DV,Stenjevec,Vrtić,5 godina do OŠ,Posebni,0
2026-09-01,DJEČJI VRTIĆ SUNČANA,Gradski DV,Stenjevec,Vrtić,3 godine do OŠ mješovita,Redoviti,0
2026-09-01,DJEČJI VRTIĆ SUNČANA,Gradski DV,Stenjevec,Vrtić,3 godine do OŠ mješovita,Posebni,0
2026-09-01,DJEČJI VRTIĆ ŠEGRT HLAPIĆ,Gradski DV,Sesvete,Jaslice,1 do 2 godine,Redoviti,0
2026-09-01,DJEČJI VRTIĆ ŠEGRT HLAPIĆ,Gradski DV,Sesvete,Jaslice,1 do 2 godine,Posebni,0
2026-09-01,DJEČJI VRTIĆ ŠEGRT HLAPIĆ,Gradski DV,Sesvete,Jaslice,2 do 3 godine,Redoviti,0
2026-09-01,DJEČJI VRTIĆ ŠEGRT HLAPIĆ,Gradski DV,Sesvete,Jaslice,2 do 3 godine,Posebni,0
2026-09-01,DJEČJI VRTIĆ ŠEGRT HLAPIĆ,Gradski DV,Sesvete,Jaslice,1 do 3 godine mješovita,Redoviti,0
2026-09-01,DJEČJI VRTIĆ ŠEGRT HLAPIĆ,Gradski DV,Sesvete,Jaslice,1 do 3 godine mješovita,Posebni,0
2026-09-01,DJEČJI VRTIĆ ŠEGRT HLAPIĆ,Gradski DV,Sesvete,Vrtić,3 do 4 godine,Redoviti,0
2026-09-01,DJEČJI VRTIĆ ŠEGRT HLAPIĆ,Gradski DV,Sesvete,Vrtić,3 do 4 godine,Posebni,0
2026-09-01,DJEČJI VRTIĆ ŠEGRT HLAPIĆ,Gradski DV,Sesvete,Vrtić,4 do 5 godina,Redoviti,0
2026-09-01,DJEČJI VRTIĆ ŠEGRT HLAPIĆ,Gradski DV,Sesvete,Vrtić,4 do 5 godina,Posebni,0
2026-09-01,DJEČJI VRTIĆ ŠEGRT HLAPIĆ,Gradski DV,Sesvete,Vrtić,5 godina do OŠ,Redoviti,5
2026-09-01,DJEČJI VRTIĆ ŠEGRT HLAPIĆ,Gradski DV,Sesvete,Vrtić,5 godina do OŠ,Posebni,2
2026-09-01,DJEČJI VRTIĆ ŠEGRT HLAPIĆ,Gradski DV,Sesvete,Vrtić,3 godine do OŠ mješovita,Redoviti,3
2026-09-01,DJEČJI VRTIĆ ŠEGRT HLAPIĆ,Gradski DV,Sesvete,Vrtić,3 godine do OŠ mješovita,Posebni,1
2026-09-01,DJEČJI VRTIĆ ŠPANSKO,Gradski DV,Stenjevec,Jaslice,1 do 2 godine,Redoviti,0
2026-09-01,DJEČJI VRTIĆ ŠPANSKO,Gradski DV,Stenjevec,Jaslice,1 do 2 godine,Posebni,0
2026-09-01,DJEČJI VRTIĆ ŠPANSKO,Gradski DV,Stenjevec,Jaslice,2 do 3 godine,Redoviti,0
2026-09-01,DJEČJI VRTIĆ ŠPANSKO,Gradski DV,Stenjevec,Jaslice,2 do 3 godine,Posebni,0
2026-09-01,DJEČJI VRTIĆ ŠPANSKO,Gradski DV,Stenjevec,Jaslice,1 do 3 godine mješovita,Redoviti,0
2026-09-01,DJEČJI VRTIĆ ŠPANSKO,Gradski DV,Stenjevec,Jaslice,1 do 3 godine mješovita,Posebni,0
2026-09-01,DJEČJI VRTIĆ ŠPANSKO,Gradski DV,Stenjevec,Vrtić,3 do 4 godine,Redoviti,0
2026-09-01,DJEČJI VRTIĆ ŠPANSKO,Gradski DV,Stenjevec,Vrtić,3 do 4 godine,Posebni,0
2026-09-01,DJEČJI VRTIĆ ŠPANSKO,Gradski DV,Stenjevec,Vrtić,4 do 5 godina,Redoviti,0
2026-09-01,DJEČJI VRTIĆ ŠPANSKO,Gradski DV,Stenjevec,Vrtić,4 do 5 godina,Posebni,0
2026-09-01,DJEČJI VRTIĆ ŠPANSKO,Gradski DV,Stenjevec,Vrtić,5 godina do OŠ,Redoviti,0
2026-09-01,DJEČJI VRTIĆ ŠPANSKO,Gradski DV,Stenjevec,Vrtić,5 godina do OŠ,Posebni,0
2026-09-01,DJEČJI VRTIĆ ŠPANSKO,Gradski DV,Stenjevec,Vrtić,3 godine do OŠ mješovita,Redoviti,0
2026-09-01,DJEČJI VRTIĆ ŠPANSKO,Gradski DV,Stenjevec,Vrtić,3 godine do OŠ mješovita,Posebni,1
2026-09-01,DJEČJI VRTIĆ ŠUMSKA JAGODA,Gradski DV,Črnomerec,Jaslice,1 do 2 godine,Redoviti,0
2026-09-01,DJEČJI VRTIĆ ŠUMSKA JAGODA,Gradski DV,Črnomerec,Jaslice,1 do 2 godine,Posebni,0
2026-09-01,DJEČJI VRTIĆ ŠUMSKA JAGODA,Gradski DV,Črnomerec,Jaslice,2 do 3 godine,Redoviti,7
2026-09-01,DJEČJI VRTIĆ ŠUMSKA JAGODA,Gradski DV,Črnomerec,Jaslice,2 do 3 godine,Posebni,0
2026-09-01,DJEČJI VRTIĆ ŠUMSKA JAGODA,Gradski DV,Črnomerec,Jaslice,1 do 3 godine mješovita,Redoviti,8
2026-09-01,DJEČJI VRTIĆ ŠUMSKA JAGODA,Gradski DV,Črnomerec,Jaslice,1 do 3 godine mješovita,Posebni,0
2026-09-01,DJEČJI VRTIĆ ŠUMSKA JAGODA,Gradski DV,Črnomerec,Vrtić,3 do 4 godine,Redoviti,11
2026-09-01,DJEČJI VRTIĆ ŠUMSKA JAGODA,Gradski DV,Črnomerec,Vrtić,3 do 4 godine,Posebni,0
2026-09-01,DJEČJI VRTIĆ ŠUMSKA JAGODA,Gradski DV,Črnomerec,Vrtić,4 do 5 godina,Redoviti,6
2026-09-01,DJEČJI VRTIĆ ŠUMSKA JAGODA,Gradski DV,Črnomerec,Vrtić,4 do 5 godina,Posebni,0
2026-09-01,DJEČJI VRTIĆ ŠUMSKA JAGODA,Gradski DV,Črnomerec,Vrtić,5 godina do OŠ,Redoviti,3
2026-09-01,DJEČJI VRTIĆ ŠUMSKA JAGODA,Gradski DV,Črnomerec,Vrtić,5 godina do OŠ,Posebni,0
2026-09-01,DJEČJI VRTIĆ ŠUMSKA JAGODA,Gradski DV,Črnomerec,Vrtić,3 godine do OŠ mješovita,Redoviti,5
2026-09-01,DJEČJI VRTIĆ ŠUMSKA JAGODA,Gradski DV,Črnomerec,Vrtić,3 godine do OŠ mješovita,Posebni,9
2026-09-01,DJEČJI VRTIĆ TATJANE MARINIĆ,Gradski DV,Gornji grad - Medveščak,Jaslice,1 do 2 godine,Redoviti,0
2026-09-01,DJEČJI VRTIĆ TATJANE MARINIĆ,Gradski DV,Gornji grad - Medveščak,Jaslice,1 do 2 godine,Posebni,0
2026-09-01,DJEČJI VRTIĆ TATJANE MARINIĆ,Gradski DV,Gornji grad - Medveščak,Jaslice,2 do 3 godine,Redoviti,0
2026-09-01,DJEČJI VRTIĆ TATJANE MARINIĆ,Gradski DV,Gornji grad - Medveščak,Jaslice,2 do 3 godine,Posebni,0
2026-09-01,DJEČJI VRTIĆ TATJANE MARINIĆ,Gradski DV,Gornji grad - Medveščak,Jaslice,1 do 3 godine mješovita,Redoviti,0
2026-09-01,DJEČJI VRTIĆ TATJANE MARINIĆ,Gradski DV,Gornji grad - Medveščak,Jaslice,1 do 3 godine mješovita,Posebni,0
2026-09-01,DJEČJI VRTIĆ TATJANE MARINIĆ,Gradski DV,Gornji grad - Medveščak,Vrtić,3 do 4 godine,Redoviti,1
2026-09-01,DJEČJI VRTIĆ TATJANE MARINIĆ,Gradski DV,Gornji grad - Medveščak,Vrtić,3 do 4 godine,Posebni,0
2026-09-01,DJEČJI VRTIĆ TATJANE MARINIĆ,Gradski DV,Gornji grad - Medveščak,Vrtić,4 do 5 godina,Redoviti,0
2026-09-01,DJEČJI VRTIĆ TATJANE MARINIĆ,Gradski DV,Gornji grad - Medveščak,Vrtić,4 do 5 godina,Posebni,0
2026-09-01,DJEČJI VRTIĆ TATJANE MARINIĆ,Gradski DV,Gornji grad - Medveščak,Vrtić,5 godina do OŠ,Redoviti,0
2026-09-01,DJEČJI VRTIĆ TATJANE MARINIĆ,Gradski DV,Gornji grad - Medveščak,Vrtić,5 godina do OŠ,Posebni,0
2026-09-01,DJEČJI VRTIĆ TATJANE MARINIĆ,Gradski DV,Gornji grad - Medveščak,Vrtić,3 godine do OŠ mješovita,Redoviti,2
2026-09-01,DJEČJI VRTIĆ TATJANE MARINIĆ,Gradski DV,Gornji grad - Medveščak,Vrtić,3 godine do OŠ mješovita,Posebni,5
2026-09-01,DJEČJI VRTIĆ TRATINČICA,Gradski DV,Novi Zagreb - istok,Jaslice,1 do 2 godine,Redoviti,0
2026-09-01,DJEČJI VRTIĆ TRATINČICA,Gradski DV,Novi Zagreb - istok,Jaslice,1 do 2 godine,Posebni,0
2026-09-01,DJEČJI VRTIĆ TRATINČICA,Gradski DV,Novi Zagreb - istok,Jaslice,2 do 3 godine,Redoviti,9
2026-09-01,DJEČJI VRTIĆ TRATINČICA,Gradski DV,Novi Zagreb - istok,Jaslice,2 do 3 godine,Posebni,0
2026-09-01,DJEČJI VRTIĆ TRATINČICA,Gradski DV,Novi Zagreb - istok,Jaslice,1 do 3 godine mješovita,Redoviti,0
2026-09-01,DJEČJI VRTIĆ TRATINČICA,Gradski DV,Novi Zagreb - istok,Jaslice,1 do 3 godine mješovita,Posebni,0
2026-09-01,DJEČJI VRTIĆ TRATINČICA,Gradski DV,Novi Zagreb - istok,Vrtić,3 do 4 godine,Redoviti,4
2026-09-01,DJEČJI VRTIĆ TRATINČICA,Gradski DV,Novi Zagreb - istok,Vrtić,3 do 4 godine,Posebni,0
2026-09-01,DJEČJI VRTIĆ TRATINČICA,Gradski DV,Novi Zagreb - istok,Vrtić,4 do 5 godina,Redoviti,5
2026-09-01,DJEČJI VRTIĆ TRATINČICA,Gradski DV,Novi Zagreb - istok,Vrtić,4 do 5 godina,Posebni,0
2026-09-01,DJEČJI VRTIĆ TRATINČICA,Gradski DV,Novi Zagreb - istok,Vrtić,5 godina do OŠ,Redoviti,5
2026-09-01,DJEČJI VRTIĆ TRATINČICA,Gradski DV,Novi Zagreb - istok,Vrtić,5 godina do OŠ,Posebni,0
2026-09-01,DJEČJI VRTIĆ TRATINČICA,Gradski DV,Novi Zagreb - istok,Vrtić,3 godine do OŠ mješovita,Redoviti,0
2026-09-01,DJEČJI VRTIĆ TRATINČICA,Gradski DV,Novi Zagreb - istok,Vrtić,3 godine do OŠ mješovita,Posebni,0
2026-09-01,DJEČJI VRTIĆ TRAVNO,Gradski DV,Novi Zagreb - istok,Jaslice,1 do 2 godine,Redoviti,0
2026-09-01,DJEČJI VRTIĆ TRAVNO,Gradski DV,Novi Zagreb - istok,Jaslice,1 do 2 godine,Posebni,0
2026-09-01,DJEČJI VRTIĆ TRAVNO,Gradski DV,Novi Zagreb - istok,Jaslice,2 do 3 godine,Redoviti,0
2026-09-01,DJEČJI VRTIĆ TRAVNO,Gradski DV,Novi Zagreb - istok,Jaslice,2 do 3 godine,Posebni,0
2026-09-01,DJEČJI VRTIĆ TRAVNO,Gradski DV,Novi Zagreb - istok,Jaslice,1 do 3 godine mješovita,Redoviti,0
2026-09-01,DJEČJI VRTIĆ TRAVNO,Gradski DV,Novi Zagreb - istok,Jaslice,1 do 3 godine mješovita,Posebni,0
2026-09-01,DJEČJI VRTIĆ TRAVNO,Gradski DV,Novi Zagreb - istok,Vrtić,3 do 4 godine,Redoviti,0
2026-09-01,DJEČJI VRTIĆ TRAVNO,Gradski DV,Novi Zagreb - istok,Vrtić,3 do 4 godine,Posebni,0
2026-09-01,DJEČJI VRTIĆ TRAVNO,Gradski DV,Novi Zagreb - istok,Vrtić,4 do 5 godina,Redoviti,0
2026-09-01,DJEČJI VRTIĆ TRAVNO,Gradski DV,Novi Zagreb - istok,Vrtić,4 do 5 godina,Posebni,0
2026-09-01,DJEČJI VRTIĆ TRAVNO,Gradski DV,Novi Zagreb - istok,Vrtić,5 godina do OŠ,Redoviti,0
2026-09-01,DJEČJI VRTIĆ TRAVNO,Gradski DV,Novi Zagreb - istok,Vrtić,5 godina do OŠ,Posebni,0
2026-09-01,DJEČJI VRTIĆ TRAVNO,Gradski DV,Novi Zagreb - istok,Vrtić,3 godine do OŠ mješovita,Redoviti,0
2026-09-01,DJEČJI VRTIĆ TRAVNO,Gradski DV,Novi Zagreb - istok,Vrtić,3 godine do OŠ mješovita,Posebni,20
2026-09-01,DJEČJI VRTIĆ TREŠNJEVKA,Gradski DV,Trešnjevka - sjever,Jaslice,1 do 2 godine,Redoviti,0
2026-09-01,DJEČJI VRTIĆ TREŠNJEVKA,Gradski DV,Trešnjevka - sjever,Jaslice,1 do 2 godine,Posebni,0
2026-09-01,DJEČJI VRTIĆ TREŠNJEVKA,Gradski DV,Trešnjevka - sjever,Jaslice,2 do 3 godine,Redoviti,0
2026-09-01,DJEČJI VRTIĆ TREŠNJEVKA,Gradski DV,Trešnjevka - sjever,Jaslice,2 do 3 godine,Posebni,0
2026-09-01,DJEČJI VRTIĆ TREŠNJEVKA,Gradski DV,Trešnjevka - sjever,Jaslice,1 do 3 godine mješovita,Redoviti,0
2026-09-01,DJEČJI VRTIĆ TREŠNJEVKA,Gradski DV,Trešnjevka - sjever,Jaslice,1 do 3 godine mješovita,Posebni,0
2026-09-01,DJEČJI VRTIĆ TREŠNJEVKA,Gradski DV,Trešnjevka - sjever,Vrtić,3 do 4 godine,Redoviti,0
2026-09-01,DJEČJI VRTIĆ TREŠNJEVKA,Gradski DV,Trešnjevka - sjever,Vrtić,3 do 4 godine,Posebni,0
2026-09-01,DJEČJI VRTIĆ TREŠNJEVKA,Gradski DV,Trešnjevka - sjever,Vrtić,4 do 5 godina,Redoviti,0
2026-09-01,DJEČJI VRTIĆ TREŠNJEVKA,Gradski DV,Trešnjevka - sjever,Vrtić,4 do 5 godina,Posebni,0
2026-09-01,DJEČJI VRTIĆ TREŠNJEVKA,Gradski DV,Trešnjevka - sjever,Vrtić,5 godina do OŠ,Redoviti,0
2026-09-01,DJEČJI VRTIĆ TREŠNJEVKA,Gradski DV,Trešnjevka - sjever,Vrtić,5 godina do OŠ,Posebni,0
2026-09-01,DJEČJI VRTIĆ TREŠNJEVKA,Gradski DV,Trešnjevka - sjever,Vrtić,3 godine do OŠ mješovita,Redoviti,0
2026-09-01,DJEČJI VRTIĆ TREŠNJEVKA,Gradski DV,Trešnjevka - sjever,Vrtić,3 godine do OŠ mješovita,Posebni,0
2026-09-01,DJEČJI VRTIĆ TRNORUŽICA,Gradski DV,Maksimir,Jaslice,1 do 2 godine,Redoviti,0
2026-09-01,DJEČJI VRTIĆ TRNORUŽICA,Gradski DV,Maksimir,Jaslice,1 do 2 godine,Posebni,0
2026-09-01,DJEČJI VRTIĆ TRNORUŽICA,Gradski DV,Maksimir,Jaslice,2 do 3 godine,Redoviti,1
2026-09-01,DJEČJI VRTIĆ TRNORUŽICA,Gradski DV,Maksimir,Jaslice,2 do 3 godine,Posebni,0
2026-09-01,DJEČJI VRTIĆ TRNORUŽICA,Gradski DV,Maksimir,Jaslice,1 do 3 godine mješovita,Redoviti,0
2026-09-01,DJEČJI VRTIĆ TRNORUŽICA,Gradski DV,Maksimir,Jaslice,1 do 3 godine mješovita,Posebni,0
2026-09-01,DJEČJI VRTIĆ TRNORUŽICA,Gradski DV,Maksimir,Vrtić,3 do 4 godine,Redoviti,0
2026-09-01,DJEČJI VRTIĆ TRNORUŽICA,Gradski DV,Maksimir,Vrtić,3 do 4 godine,Posebni,0
2026-09-01,DJEČJI VRTIĆ TRNORUŽICA,Gradski DV,Maksimir,Vrtić,4 do 5 godina,Redoviti,4
2026-09-01,DJEČJI VRTIĆ TRNORUŽICA,Gradski DV,Maksimir,Vrtić,4 do 5 godina,Posebni,0
2026-09-01,DJEČJI VRTIĆ TRNORUŽICA,Gradski DV,Maksimir,Vrtić,5 godina do OŠ,Redoviti,9
2026-09-01,DJEČJI VRTIĆ TRNORUŽICA,Gradski DV,Maksimir,Vrtić,5 godina do OŠ,Posebni,0
2026-09-01,DJEČJI VRTIĆ TRNORUŽICA,Gradski DV,Maksimir,Vrtić,3 godine do OŠ mješovita,Redoviti,0
2026-09-01,DJEČJI VRTIĆ TRNORUŽICA,Gradski DV,Maksimir,Vrtić,3 godine do OŠ mješovita,Posebni,0
2026-09-01,DJEČJI VRTIĆ TRNSKO,Gradski DV,Novi Zagreb - zapad,Jaslice,1 do 2 godine,Redoviti,0
2026-09-01,DJEČJI VRTIĆ TRNSKO,Gradski DV,Novi Zagreb - zapad,Jaslice,1 do 2 godine,Posebni,0
2026-09-01,DJEČJI VRTIĆ TRNSKO,Gradski DV,Novi Zagreb - zapad,Jaslice,2 do 3 godine,Redoviti,0
2026-09-01,DJEČJI VRTIĆ TRNSKO,Gradski DV,Novi Zagreb - zapad,Jaslice,2 do 3 godine,Posebni,0
2026-09-01,DJEČJI VRTIĆ TRNSKO,Gradski DV,Novi Zagreb - zapad,Jaslice,1 do 3 godine mješovita,Redoviti,0
2026-09-01,DJEČJI VRTIĆ TRNSKO,Gradski DV,Novi Zagreb - zapad,Jaslice,1 do 3 godine mješovita,Posebni,0
2026-09-01,DJEČJI VRTIĆ TRNSKO,Gradski DV,Novi Zagreb - zapad,Vrtić,3 do 4 godine,Redoviti,0
2026-09-01,DJEČJI VRTIĆ TRNSKO,Gradski DV,Novi Zagreb - zapad,Vrtić,3 do 4 godine,Posebni,0
2026-09-01,DJEČJI VRTIĆ TRNSKO,Gradski DV,Novi Zagreb - zapad,Vrtić,4 do 5 godina,Redoviti,0
2026-09-01,DJEČJI VRTIĆ TRNSKO,Gradski DV,Novi Zagreb - zapad,Vrtić,4 do 5 godina,Posebni,0
2026-09-01,DJEČJI VRTIĆ TRNSKO,Gradski DV,Novi Zagreb - zapad,Vrtić,5 godina do OŠ,Redoviti,0
2026-09-01,DJEČJI VRTIĆ TRNSKO,Gradski DV,Novi Zagreb - zapad,Vrtić,5 godina do OŠ,Posebni,0
2026-09-01,DJEČJI VRTIĆ TRNSKO,Gradski DV,Novi Zagreb - zapad,Vrtić,3 godine do OŠ mješovita,Redoviti,0
2026-09-01,DJEČJI VRTIĆ TRNSKO,Gradski DV,Novi Zagreb - zapad,Vrtić,3 godine do OŠ mješovita,Posebni,0
2026-09-01,DJEČJI VRTIĆ UTRINA,Gradski DV,Novi Zagreb - istok,Jaslice,1 do 2 godine,Redoviti,0
2026-09-01,DJEČJI VRTIĆ UTRINA,Gradski DV,Novi Zagreb - istok,Jaslice,1 do 2 godine,Posebni,0
2026-09-01,DJEČJI VRTIĆ UTRINA,Gradski DV,Novi Zagreb - istok,Jaslice,2 do 3 godine,Redoviti,0
2026-09-01,DJEČJI VRTIĆ UTRINA,Gradski DV,Novi Zagreb - istok,Jaslice,2 do 3 godine,Posebni,0
2026-09-01,DJEČJI VRTIĆ UTRINA,Gradski DV,Novi Zagreb - istok,Jaslice,1 do 3 godine mješovita,Redoviti,0
2026-09-01,DJEČJI VRTIĆ UTRINA,Gradski DV,Novi Zagreb - istok,Jaslice,1 do 3 godine mješovita,Posebni,0
2026-09-01,DJEČJI VRTIĆ UTRINA,Gradski DV,Novi Zagreb - istok,Vrtić,3 do 4 godine,Redoviti,0
2026-09-01,DJEČJI VRTIĆ UTRINA,Gradski DV,Novi Zagreb - istok,Vrtić,3 do 4 godine,Posebni,0
2026-09-01,DJEČJI VRTIĆ UTRINA,Gradski DV,Novi Zagreb - istok,Vrtić,4 do 5 godina,Redoviti,0
2026-09-01,DJEČJI VRTIĆ UTRINA,Gradski DV,Novi Zagreb - istok,Vrtić,4 do 5 godina,Posebni,0
2026-09-01,DJEČJI VRTIĆ UTRINA,Gradski DV,Novi Zagreb - istok,Vrtić,5 godina do OŠ,Redoviti,0
2026-09-01,DJEČJI VRTIĆ UTRINA,Gradski DV,Novi Zagreb - istok,Vrtić,5 godina do OŠ,Posebni,0
2026-09-01,DJEČJI VRTIĆ UTRINA,Gradski DV,Novi Zagreb - istok,Vrtić,3 godine do OŠ mješovita,Redoviti,0
2026-09-01,DJEČJI VRTIĆ UTRINA,Gradski DV,Novi Zagreb - istok,Vrtić,3 godine do OŠ mješovita,Posebni,0
2026-09-01,DJEČJI VRTIĆ VEDRI DANI,Gradski DV,Donji grad,Jaslice,1 do 2 godine,Redoviti,0
2026-09-01,DJEČJI VRTIĆ VEDRI DANI,Gradski DV,Donji grad,Jaslice,1 do 2 godine,Posebni,0
2026-09-01,DJEČJI VRTIĆ VEDRI DANI,Gradski DV,Donji grad,Jaslice,2 do 3 godine,Redoviti,0
2026-09-01,DJEČJI VRTIĆ VEDRI DANI,Gradski DV,Donji grad,Jaslice,2 do 3 godine,Posebni,0
2026-09-01,DJEČJI VRTIĆ VEDRI DANI,Gradski DV,Donji grad,Jaslice,1 do 3 godine mješovita,Redoviti,0
2026-09-01,DJEČJI VRTIĆ VEDRI DANI,Gradski DV,Donji grad,Jaslice,1 do 3 godine mješovita,Posebni,0
2026-09-01,DJEČJI VRTIĆ VEDRI DANI,Gradski DV,Donji grad,Vrtić,3 do 4 godine,Redoviti,0
2026-09-01,DJEČJI VRTIĆ VEDRI DANI,Gradski DV,Donji grad,Vrtić,3 do 4 godine,Posebni,0
2026-09-01,DJEČJI VRTIĆ VEDRI DANI,Gradski DV,Donji grad,Vrtić,4 do 5 godina,Redoviti,0
2026-09-01,DJEČJI VRTIĆ VEDRI DANI,Gradski DV,Donji grad,Vrtić,4 do 5 godina,Posebni,4
2026-09-01,DJEČJI VRTIĆ VEDRI DANI,Gradski DV,Donji grad,Vrtić,5 godina do OŠ,Redoviti,0
2026-09-01,DJEČJI VRTIĆ VEDRI DANI,Gradski DV,Donji grad,Vrtić,5 godina do OŠ,Posebni,0
2026-09-01,DJEČJI VRTIĆ VEDRI DANI,Gradski DV,Donji grad,Vrtić,3 godine do OŠ mješovita,Redoviti,0
2026-09-01,DJEČJI VRTIĆ VEDRI DANI,Gradski DV,Donji grad,Vrtić,3 godine do OŠ mješovita,Posebni,5
2026-09-01,DJEČJI VRTIĆ VJEVERICA,Gradski DV,Gornji grad - Medveščak,Jaslice,1 do 2 godine,Redoviti,0
2026-09-01,DJEČJI VRTIĆ VJEVERICA,Gradski DV,Gornji grad - Medveščak,Jaslice,1 do 2 godine,Posebni,0
2026-09-01,DJEČJI VRTIĆ VJEVERICA,Gradski DV,Gornji grad - Medveščak,Jaslice,2 do 3 godine,Redoviti,0
2026-09-01,DJEČJI VRTIĆ VJEVERICA,Gradski DV,Gornji grad - Medveščak,Jaslice,2 do 3 godine,Posebni,0
2026-09-01,DJEČJI VRTIĆ VJEVERICA,Gradski DV,Gornji grad - Medveščak,Jaslice,1 do 3 godine mješovita,Redoviti,0
2026-09-01,DJEČJI VRTIĆ VJEVERICA,Gradski DV,Gornji grad - Medveščak,Jaslice,1 do 3 godine mješovita,Posebni,0
2026-09-01,DJEČJI VRTIĆ VJEVERICA,Gradski DV,Gornji grad - Medveščak,Vrtić,3 do 4 godine,Redoviti,0
2026-09-01,DJEČJI VRTIĆ VJEVERICA,Gradski DV,Gornji grad - Medveščak,Vrtić,3 do 4 godine,Posebni,0
2026-09-01,DJEČJI VRTIĆ VJEVERICA,Gradski DV,Gornji grad - Medveščak,Vrtić,4 do 5 godina,Redoviti,0
2026-09-01,DJEČJI VRTIĆ VJEVERICA,Gradski DV,Gornji grad - Medveščak,Vrtić,4 do 5 godina,Posebni,0
2026-09-01,DJEČJI VRTIĆ VJEVERICA,Gradski DV,Gornji grad - Medveščak,Vrtić,5 godina do OŠ,Redoviti,0
2026-09-01,DJEČJI VRTIĆ VJEVERICA,Gradski DV,Gornji grad - Medveščak,Vrtić,5 godina do OŠ,Posebni,0
2026-09-01,DJEČJI VRTIĆ VJEVERICA,Gradski DV,Gornji grad - Medveščak,Vrtić,3 godine do OŠ mješovita,Redoviti,0
2026-09-01,DJEČJI VRTIĆ VJEVERICA,Gradski DV,Gornji grad - Medveščak,Vrtić,3 godine do OŠ mješovita,Posebni,0
2026-09-01,DJEČJI VRTIĆ VLADIMIRA NAZORA,Gradski DV,Trnje,Jaslice,1 do 2 godine,Redoviti,0
2026-09-01,DJEČJI VRTIĆ VLADIMIRA NAZORA,Gradski DV,Trnje,Jaslice,1 do 2 godine,Posebni,0
2026-09-01,DJEČJI VRTIĆ VLADIMIRA NAZORA,Gradski DV,Trnje,Jaslice,2 do 3 godine,Redoviti,6
2026-09-01,DJEČJI VRTIĆ VLADIMIRA NAZORA,Gradski DV,Trnje,Jaslice,2 do 3 godine,Posebni,0
2026-09-01,DJEČJI VRTIĆ VLADIMIRA NAZORA,Gradski DV,Trnje,Jaslice,1 do 3 godine mješovita,Redoviti,24
2026-09-01,DJEČJI VRTIĆ VLADIMIRA NAZORA,Gradski DV,Trnje,Jaslice,1 do 3 godine mješovita,Posebni,0
2026-09-01,DJEČJI VRTIĆ VLADIMIRA NAZORA,Gradski DV,Trnje,Vrtić,3 do 4 godine,Redoviti,0
2026-09-01,DJEČJI VRTIĆ VLADIMIRA NAZORA,Gradski DV,Trnje,Vrtić,3 do 4 godine,Posebni,0
2026-09-01,DJEČJI VRTIĆ VLADIMIRA NAZORA,Gradski DV,Trnje,Vrtić,4 do 5 godina,Redoviti,2
2026-09-01,DJEČJI VRTIĆ VLADIMIRA NAZORA,Gradski DV,Trnje,Vrtić,4 do 5 godina,Posebni,0
2026-09-01,DJEČJI VRTIĆ VLADIMIRA NAZORA,Gradski DV,Trnje,Vrtić,5 godina do OŠ,Redoviti,1
2026-09-01,DJEČJI VRTIĆ VLADIMIRA NAZORA,Gradski DV,Trnje,Vrtić,5 godina do OŠ,Posebni,0
2026-09-01,DJEČJI VRTIĆ VLADIMIRA NAZORA,Gradski DV,Trnje,Vrtić,3 godine do OŠ mješovita,Redoviti,0
2026-09-01,DJEČJI VRTIĆ VLADIMIRA NAZORA,Gradski DV,Trnje,Vrtić,3 godine do OŠ mješovita,Posebni,1
2026-09-01,DJEČJI VRTIĆ VRAPČE,Gradski DV,Podsused - Vrapče,Jaslice,1 do 2 godine,Redoviti,0
2026-09-01,DJEČJI VRTIĆ VRAPČE,Gradski DV,Podsused - Vrapče,Jaslice,1 do 2 godine,Posebni,0
2026-09-01,DJEČJI VRTIĆ VRAPČE,Gradski DV,Podsused - Vrapče,Jaslice,2 do 3 godine,Redoviti,0
2026-09-01,DJEČJI VRTIĆ VRAPČE,Gradski DV,Podsused - Vrapče,Jaslice,2 do 3 godine,Posebni,0
2026-09-01,DJEČJI VRTIĆ VRAPČE,Gradski DV,Podsused - Vrapče,Jaslice,1 do 3 godine mješovita,Redoviti,0
2026-09-01,DJEČJI VRTIĆ VRAPČE,Gradski DV,Podsused - Vrapče,Jaslice,1 do 3 godine mješovita,Posebni,0
2026-09-01,DJEČJI VRTIĆ VRAPČE,Gradski DV,Podsused - Vrapče,Vrtić,3 do 4 godine,Redoviti,0
2026-09-01,DJEČJI VRTIĆ VRAPČE,Gradski DV,Podsused - Vrapče,Vrtić,3 do 4 godine,Posebni,0
2026-09-01,DJEČJI VRTIĆ VRAPČE,Gradski DV,Podsused - Vrapče,Vrtić,4 do 5 godina,Redoviti,0
2026-09-01,DJEČJI VRTIĆ VRAPČE,Gradski DV,Podsused - Vrapče,Vrtić,4 do 5 godina,Posebni,0
2026-09-01,DJEČJI VRTIĆ VRAPČE,Gradski DV,Podsused - Vrapče,Vrtić,5 godina do OŠ,Redoviti,0
2026-09-01,DJEČJI VRTIĆ VRAPČE,Gradski DV,Podsused - Vrapče,Vrtić,5 godina do OŠ,Posebni,0
2026-09-01,DJEČJI VRTIĆ VRAPČE,Gradski DV,Podsused - Vrapče,Vrtić,3 godine do OŠ mješovita,Redoviti,0
2026-09-01,DJEČJI VRTIĆ VRAPČE,Gradski DV,Podsused - Vrapče,Vrtić,3 godine do OŠ mješovita,Posebni,0
2026-09-01,DJEČJI VRTIĆ VRBIK,Gradski DV,Trnje,Jaslice,1 do 2 godine,Redoviti,0
2026-09-01,DJEČJI VRTIĆ VRBIK,Gradski DV,Trnje,Jaslice,1 do 2 godine,Posebni,0
2026-09-01,DJEČJI VRTIĆ VRBIK,Gradski DV,Trnje,Jaslice,2 do 3 godine,Redoviti,1
2026-09-01,DJEČJI VRTIĆ VRBIK,Gradski DV,Trnje,Jaslice,2 do 3 godine,Posebni,0
2026-09-01,DJEČJI VRTIĆ VRBIK,Gradski DV,Trnje,Jaslice,1 do 3 godine mješovita,Redoviti,3
2026-09-01,DJEČJI VRTIĆ VRBIK,Gradski DV,Trnje,Jaslice,1 do 3 godine mješovita,Posebni,0
2026-09-01,DJEČJI VRTIĆ VRBIK,Gradski DV,Trnje,Vrtić,3 do 4 godine,Redoviti,4
2026-09-01,DJEČJI VRTIĆ VRBIK,Gradski DV,Trnje,Vrtić,3 do 4 godine,Posebni,0
2026-09-01,DJEČJI VRTIĆ VRBIK,Gradski DV,Trnje,Vrtić,4 do 5 godina,Redoviti,2
2026-09-01,DJEČJI VRTIĆ VRBIK,Gradski DV,Trnje,Vrtić,4 do 5 godina,Posebni,0
2026-09-01,DJEČJI VRTIĆ VRBIK,Gradski DV,Trnje,Vrtić,5 godina do OŠ,Redoviti,0
2026-09-01,DJEČJI VRTIĆ VRBIK,Gradski DV,Trnje,Vrtić,5 godina do OŠ,Posebni,0
2026-09-01,DJEČJI VRTIĆ VRBIK,Gradski DV,Trnje,Vrtić,3 godine do OŠ mješovita,Redoviti,2
2026-09-01,DJEČJI VRTIĆ VRBIK,Gradski DV,Trnje,Vrtić,3 godine do OŠ mješovita,Posebni,6
2026-09-01,DJEČJI VRTIĆ ZAPRUĐE,Gradski DV,Novi Zagreb - istok,Jaslice,1 do 2 godine,Redoviti,3
2026-09-01,DJEČJI VRTIĆ ZAPRUĐE,Gradski DV,Novi Zagreb - istok,Jaslice,1 do 2 godine,Posebni,0
2026-09-01,DJEČJI VRTIĆ ZAPRUĐE,Gradski DV,Novi Zagreb - istok,Jaslice,2 do 3 godine,Redoviti,0
2026-09-01,DJEČJI VRTIĆ ZAPRUĐE,Gradski DV,Novi Zagreb - istok,Jaslice,2 do 3 godine,Posebni,0
2026-09-01,DJEČJI VRTIĆ ZAPRUĐE,Gradski DV,Novi Zagreb - istok,Jaslice,1 do 3 godine mješovita,Redoviti,0
2026-09-01,DJEČJI VRTIĆ ZAPRUĐE,Gradski DV,Novi Zagreb - istok,Jaslice,1 do 3 godine mješovita,Posebni,0
2026-09-01,DJEČJI VRTIĆ ZAPRUĐE,Gradski DV,Novi Zagreb - istok,Vrtić,3 do 4 godine,Redoviti,11
2026-09-01,DJEČJI VRTIĆ ZAPRUĐE,Gradski DV,Novi Zagreb - istok,Vrtić,3 do 4 godine,Posebni,0
2026-09-01,DJEČJI VRTIĆ ZAPRUĐE,Gradski DV,Novi Zagreb - istok,Vrtić,4 do 5 godina,Redoviti,2
2026-09-01,DJEČJI VRTIĆ ZAPRUĐE,Gradski DV,Novi Zagreb - istok,Vrtić,4 do 5 godina,Posebni,0
2026-09-01,DJEČJI VRTIĆ ZAPRUĐE,Gradski DV,Novi Zagreb - istok,Vrtić,5 godina do OŠ,Redoviti,4
2026-09-01,DJEČJI VRTIĆ ZAPRUĐE,Gradski DV,Novi Zagreb - istok,Vrtić,5 godina do OŠ,Posebni,0
2026-09-01,DJEČJI VRTIĆ ZAPRUĐE,Gradski DV,Novi Zagreb - istok,Vrtić,3 godine do OŠ mješovita,Redoviti,0
2026-09-01,DJEČJI VRTIĆ ZAPRUĐE,Gradski DV,Novi Zagreb - istok,Vrtić,3 godine do OŠ mješovita,Posebni,9
2026-09-01,DJEČJI VRTIĆ ZRNO,Gradski DV,Peščenica - Žitnjak,Jaslice,1 do 2 godine,Redoviti,0
2026-09-01,DJEČJI VRTIĆ ZRNO,Gradski DV,Peščenica - Žitnjak,Jaslice,1 do 2 godine,Posebni,0
2026-09-01,DJEČJI VRTIĆ ZRNO,Gradski DV,Peščenica - Žitnjak,Jaslice,2 do 3 godine,Redoviti,0
2026-09-01,DJEČJI VRTIĆ ZRNO,Gradski DV,Peščenica - Žitnjak,Jaslice,2 do 3 godine,Posebni,0
2026-09-01,DJEČJI VRTIĆ ZRNO,Gradski DV,Peščenica - Žitnjak,Jaslice,1 do 3 godine mješovita,Redoviti,0
2026-09-01,DJEČJI VRTIĆ ZRNO,Gradski DV,Peščenica - Žitnjak,Jaslice,1 do 3 godine mješovita,Posebni,0
2026-09-01,DJEČJI VRTIĆ ZRNO,Gradski DV,Peščenica - Žitnjak,Vrtić,3 do 4 godine,Redoviti,4
2026-09-01,DJEČJI VRTIĆ ZRNO,Gradski DV,Peščenica - Žitnjak,Vrtić,3 do 4 godine,Posebni,0
2026-09-01,DJEČJI VRTIĆ ZRNO,Gradski DV,Peščenica - Žitnjak,Vrtić,4 do 5 godina,Redoviti,1
2026-09-01,DJEČJI VRTIĆ ZRNO,Gradski DV,Peščenica - Žitnjak,Vrtić,4 do 5 godina,Posebni,0
2026-09-01,DJEČJI VRTIĆ ZRNO,Gradski DV,Peščenica - Žitnjak,Vrtić,5 godina do OŠ,Redoviti,1
2026-09-01,DJEČJI VRTIĆ ZRNO,Gradski DV,Peščenica - Žitnjak,Vrtić,5 godina do OŠ,Posebni,11
2026-09-01,DJEČJI VRTIĆ ZRNO,Gradski DV,Peščenica - Žitnjak,Vrtić,3 godine do OŠ mješovita,Redoviti,0
2026-09-01,DJEČJI VRTIĆ ZRNO,Gradski DV,Peščenica - Žitnjak,Vrtić,3 godine do OŠ mješovita,Posebni,0
2026-09-01,DJEČJI VRTIĆ ZVONČIĆ,Gradski DV,Trešnjevka - sjever,Jaslice,1 do 2 godine,Redoviti,0
2026-09-01,DJEČJI VRTIĆ ZVONČIĆ,Gradski DV,Trešnjevka - sjever,Jaslice,1 do 2 godine,Posebni,0
2026-09-01,DJEČJI VRTIĆ ZVONČIĆ,Gradski DV,Trešnjevka - sjever,Jaslice,2 do 3 godine,Redoviti,0
2026-09-01,DJEČJI VRTIĆ ZVONČIĆ,Gradski DV,Trešnjevka - sjever,Jaslice,2 do 3 godine,Posebni,0
2026-09-01,DJEČJI VRTIĆ ZVONČIĆ,Gradski DV,Trešnjevka - sjever,Jaslice,1 do 3 godine mješovita,Redoviti,0
2026-09-01,DJEČJI VRTIĆ ZVONČIĆ,Gradski DV,Trešnjevka - sjever,Jaslice,1 do 3 godine mješovita,Posebni,0
2026-09-01,DJEČJI VRTIĆ ZVONČIĆ,Gradski DV,Trešnjevka - sjever,Vrtić,3 do 4 godine,Redoviti,2
2026-09-01,DJEČJI VRTIĆ ZVONČIĆ,Gradski DV,Trešnjevka - sjever,Vrtić,3 do 4 godine,Posebni,0
2026-09-01,DJEČJI VRTIĆ ZVONČIĆ,Gradski DV,Trešnjevka - sjever,Vrtić,4 do 5 godina,Redoviti,2
2026-09-01,DJEČJI VRTIĆ ZVONČIĆ,Gradski DV,Trešnjevka - sjever,Vrtić,4 do 5 godina,Posebni,0
2026-09-01,DJEČJI VRTIĆ ZVONČIĆ,Gradski DV,Trešnjevka - sjever,Vrtić,5 godina do OŠ,Redoviti,6
2026-09-01,DJEČJI VRTIĆ ZVONČIĆ,Gradski DV,Trešnjevka - sjever,Vrtić,5 godina do OŠ,Posebni,0
2026-09-01,DJEČJI VRTIĆ ZVONČIĆ,Gradski DV,Trešnjevka - sjever,Vrtić,3 godine do OŠ mješovita,Redoviti,0
2026-09-01,DJEČJI VRTIĆ ZVONČIĆ,Gradski DV,Trešnjevka - sjever,Vrtić,3 godine do OŠ mješovita,Posebni,0
2026-09-01,DV ACUTO,Privatni i vjerski DV,Trnje,Jaslice,,,0
2026-09-01,DV ACUTO,Privatni i vjerski DV,Trnje,Vrtić,,,0
2026-09-01,DV BALTAZAR,Privatni i vjerski DV,Sesvete,Jaslice,,,3
2026-09-01,DV BALTAZAR,Privatni i vjerski DV,Sesvete,Vrtić,,,10
2026-09-01,DV BAMBI,Privatni i vjerski DV,Podsused - Vrapče,Jaslice,,,5
2026-09-01,DV BAMBI,Privatni i vjerski DV,Podsused - Vrapče,Vrtić,,,6
2026-09-01,DV BLAŽENA HOZANA,Privatni i vjerski DV,Trnje,Jaslice,,,0
2026-09-01,DV BLAŽENA HOZANA,Privatni i vjerski DV,Trnje,Vrtić,,,0
2026-09-01,DV BRAT SUNCE,Privatni i vjerski DV,Gornji grad - Medveščak,Jaslice,,,0
2026-09-01,DV BRAT SUNCE,Privatni i vjerski DV,Gornji grad - Medveščak,Vrtić,,,10
2026-09-01,DV CICA MACA,Privatni i vjerski DV,Novi Zagreb - zapad,Jaslice,,,0
2026-09-01,DV CICA MACA,Privatni i vjerski DV,Novi Zagreb - zapad,Vrtić,,,0
2026-09-01,DV ČAROBNA ŠUMA,Privatni i vjerski DV,Novi Zagreb - istok,Jaslice,,,10
2026-09-01,DV ČAROBNA ŠUMA,Privatni i vjerski DV,Novi Zagreb - istok,Vrtić,,,10
2026-09-01,DV ČAROBNI DVORAC,Privatni i vjerski DV,Stenjevec,Jaslice,,,4
2026-09-01,DV ČAROBNI DVORAC,Privatni i vjerski DV,Stenjevec,Vrtić,,,3
2026-09-01,DV ČAROBNI SVIJET,Privatni i vjerski DV,Gornji grad - Medveščak,Jaslice,,,0
2026-09-01,DV ČAROBNI SVIJET,Privatni i vjerski DV,Gornji grad - Medveščak,Vrtić,,,0
2026-09-01,DV ČIGRA,Privatni i vjerski DV,Trnje,Jaslice,,,1
2026-09-01,DV ČIGRA,Privatni i vjerski DV,Trnje,Vrtić,,,1
2026-09-01,DV ČUPKO,Privatni i vjerski DV,Trešnjevka - jug,Jaslice,,,0
2026-09-01,DV ČUPKO,Privatni i vjerski DV,Trešnjevka - jug,Vrtić,,,16
2026-09-01,DV DJEČJA IGRA,Privatni i vjerski DV,Gornja Dubrava,Jaslice,,,0
2026-09-01,DV DJEČJA IGRA,Privatni i vjerski DV,Gornja Dubrava,Vrtić,,,0
2026-09-01,DV DJEČJI KORACI,Privatni i vjerski DV,Novi Zagreb - zapad,Jaslice,,,0
2026-09-01,DV DJEČJI KORACI,Privatni i vjerski DV,Novi Zagreb - zapad,Vrtić,,,0
2026-09-01,DV DOBRI,Privatni i vjerski DV,Črnomerec,Jaslice,,,0
2026-09-01,DV DOBRI,Privatni i vjerski DV,Črnomerec,Vrtić,,,0
2026-09-01,DV DOBRO DRVO,Privatni i vjerski DV,Trnje,Jaslice,,,2
2026-09-01,DV DOBRO DRVO,Privatni i vjerski DV,Trnje,Vrtić,,,0
2026-09-01,DV HARFA,Privatni i vjerski DV,Stenjevec,Jaslice,,,1
2026-09-01,DV HARFA,Privatni i vjerski DV,Stenjevec,Vrtić,,,2
2026-09-01,DV JORDANOVAC,Privatni i vjerski DV,Maksimir,Jaslice,,,0
2026-09-01,DV JORDANOVAC,Privatni i vjerski DV,Maksimir,Vrtić,,,0
2026-09-01,DV KOCKICA,Privatni i vjerski DV,Trešnjevka - sjever,Jaslice,,,50
2026-09-01,DV KOCKICA,Privatni i vjerski DV,Trešnjevka - sjever,Vrtić,,,15
2026-09-01,DV KOKO,Privatni i vjerski DV,Sesvete,Jaslice,,,5
2026-09-01,DV KOKO,Privatni i vjerski DV,Sesvete,Vrtić,,,0
2026-09-01,DV KOŠNICA,Privatni i vjerski DV,Podsused - Vrapče,Jaslice,,,8
2026-09-01,DV KOŠNICA,Privatni i vjerski DV,Podsused - Vrapče,Vrtić,,,7
2026-09-01,DV KREATIVNI DANI,Privatni i vjerski DV,Trnje,Jaslice,,,1
2026-09-01,DV KREATIVNI DANI,Privatni i vjerski DV,Trnje,Vrtić,,,0
2026-09-01,DV KUĆICA,Privatni i vjerski DV,Podsused - Vrapče,Jaslice,,,3
2026-09-01,DV KUĆICA,Privatni i vjerski DV,Podsused - Vrapče,Vrtić,,,1
2026-09-01,DV LEPTIRIĆ LU,Privatni i vjerski DV,Novi Zagreb - zapad,Jaslice,,,1
2026-09-01,DV LEPTIRIĆ LU,Privatni i vjerski DV,Novi Zagreb - zapad,Vrtić,,,3
2026-09-01,DV LETEĆI MEDVJEDIĆI,Privatni i vjerski DV,Novi Zagreb - zapad,Jaslice,,,2
2026-09-01,DV LETEĆI MEDVJEDIĆI,Privatni i vjerski DV,Novi Zagreb - zapad,Vrtić,,,7
2026-09-01,DV LIMAČ,Privatni i vjerski DV,Podsused - Vrapče,Jaslice,,,7
2026-09-01,DV LIMAČ,Privatni i vjerski DV,Podsused - Vrapče,Vrtić,,,0
2026-09-01,DV MAČAK PAŠKO,Privatni i vjerski DV,Sesvete,Jaslice,,,12
2026-09-01,DV MAČAK PAŠKO,Privatni i vjerski DV,Sesvete,Vrtić,,,7
2026-09-01,DV MAČAK U ČIZMAMA,Privatni i vjerski DV,Podsljeme,Jaslice,,,6
2026-09-01,DV MAČAK U ČIZMAMA,Privatni i vjerski DV,Podsljeme,Vrtić,,,8
2026-09-01,DV MALA KUĆA,Privatni i vjerski DV,Črnomerec,Jaslice,,,0
2026-09-01,DV MALA KUĆA,Privatni i vjerski DV,Črnomerec,Vrtić,,,0
2026-09-01,DV MALENI TALENTI,Privatni i vjerski DV,Gornji grad - Medveščak,Jaslice,,,0
2026-09-01,DV MALENI TALENTI,Privatni i vjerski DV,Gornji grad - Medveščak,Vrtić,,,0
2026-09-01,DV MALI ISTRAŽIVAČ,Privatni i vjerski DV,Novi Zagreb - istok,Jaslice,,,0
2026-09-01,DV MALI ISTRAŽIVAČ,Privatni i vjerski DV,Novi Zagreb - istok,Vrtić,,,0
2026-09-01,DV MALI ISUS,Privatni i vjerski DV,Gornji grad - Medveščak,Jaslice,,,0
2026-09-01,DV MALI ISUS,Privatni i vjerski DV,Gornji grad - Medveščak,Vrtić,,,0
2026-09-01,DV MALI KAJ,Privatni i vjerski DV,Sesvete,Jaslice,,,0
2026-09-01,DV MALI KAJ,Privatni i vjerski DV,Sesvete,Vrtić,,,0
2026-09-01,DV MALI SVIJET,Privatni i vjerski DV,Novi Zagreb - zapad,Jaslice,,,10
2026-09-01,DV MALI SVIJET,Privatni i vjerski DV,Novi Zagreb - zapad,Vrtić,,,3
2026-09-01,DV MARIJA PETKOVIĆ,Privatni i vjerski DV,Gornji grad - Medveščak,Jaslice,,,0
2026-09-01,DV MARIJA PETKOVIĆ,Privatni i vjerski DV,Gornji grad - Medveščak,Vrtić,,,0
2026-09-01,DV MONTESSORI,Privatni i vjerski DV,Stenjevec,Jaslice,,,2
2026-09-01,DV MONTESSORI,Privatni i vjerski DV,Stenjevec,Vrtić,,,0
2026-09-01,DV NEMO,Privatni i vjerski DV,Trešnjevka - jug,Jaslice,,,7
2026-09-01,DV NEMO,Privatni i vjerski DV,Trešnjevka - jug,Vrtić,,,2
2026-09-01,DV OBZORI,Privatni i vjerski DV,Gornji grad - Medveščak,Jaslice,,,0
2026-09-01,DV OBZORI,Privatni i vjerski DV,Gornji grad - Medveščak,Vrtić,,,5
2026-09-01,DV OŠ Hugo Kon,Privatni i vjerski DV,Gornji grad - Medveščak,Jaslice,,,0
2026-09-01,DV OŠ Hugo Kon,Privatni i vjerski DV,Gornji grad - Medveščak,Vrtić,,,5
2026-09-01,DV OŠ KREATIVAN RAZVOJ,Privatni i vjerski DV,Podsljeme,Jaslice,,,0
2026-09-01,DV OŠ KREATIVAN RAZVOJ,Privatni i vjerski DV,Podsljeme,Vrtić,,,14
2026-09-01,DV OŠ MONTESSORI 'BARUNICE DEDEE VRANYCZANY',Privatni i vjerski DV,Trešnjevka - sjever,Jaslice,,,0
2026-09-01,DV OŠ MONTESSORI 'BARUNICE DEDEE VRANYCZANY',Privatni i vjerski DV,Trešnjevka - sjever,Vrtić,,,0
2026-09-01,DV PALČIĆ,Privatni i vjerski DV,Stenjevec,Jaslice,,,8
2026-09-01,DV PALČIĆ,Privatni i vjerski DV,Stenjevec,Vrtić,,,0
2026-09-01,DV PANDA,Privatni i vjerski DV,Stenjevec,Jaslice,,,3
2026-09-01,DV PANDA,Privatni i vjerski DV,Stenjevec,Vrtić,,,0
2026-09-01,DV PIKULICA,Privatni i vjerski DV,Trešnjevka - sjever,Jaslice,,,0
2026-09-01,DV PIKULICA,Privatni i vjerski DV,Trešnjevka - sjever,Vrtić,,,1
2026-09-01,DV PINGVIN,Privatni i vjerski DV,Novi Zagreb - zapad,Jaslice,,,1
2026-09-01,DV PINGVIN,Privatni i vjerski DV,Novi Zagreb - zapad,Vrtić,,,2
2026-09-01,DV PIPI DUGA ČARAPA,Privatni i vjerski DV,Trešnjevka - jug,Jaslice,,,10
2026-09-01,DV PIPI DUGA ČARAPA,Privatni i vjerski DV,Trešnjevka - jug,Vrtić,,,7
2026-09-01,DV RIBICA,Privatni i vjerski DV,Donja Dubrava,Jaslice,,,2
2026-09-01,DV RIBICA,Privatni i vjerski DV,Donja Dubrava,Vrtić,,,2
2026-09-01,DV SRČEKO,Privatni i vjerski DV,Gornji grad - Medveščak,Jaslice,,,5
2026-09-01,DV SRČEKO,Privatni i vjerski DV,Gornji grad - Medveščak,Vrtić,,,3
2026-09-01,DV SUNČEKO,Privatni i vjerski DV,Donji grad,Jaslice,,,1
2026-09-01,DV SUNČEKO,Privatni i vjerski DV,Donji grad,Vrtić,,,0
2026-09-01,DV SUNČEV SJAJ NAZARET,Privatni i vjerski DV,Črnomerec,Jaslice,,,0
2026-09-01,DV SUNČEV SJAJ NAZARET,Privatni i vjerski DV,Črnomerec,Vrtić,,,0
2026-09-01,DV SVEMIRKO,Privatni i vjerski DV,Maksimir,Jaslice,,,8
2026-09-01,DV SVEMIRKO,Privatni i vjerski DV,Maksimir,Vrtić,,,2
2026-09-01,DV SVETA ANĐELA MERICI,Privatni i vjerski DV,Donji grad,Jaslice,,,0
2026-09-01,DV SVETA ANĐELA MERICI,Privatni i vjerski DV,Donji grad,Vrtić,,,0
2026-09-01,DV SVETE MALE TEREZIJE,Privatni i vjerski DV,Črnomerec,Jaslice,,,0
2026-09-01,DV SVETE MALE TEREZIJE,Privatni i vjerski DV,Črnomerec,Vrtić,,,0
2026-09-01,DV SVETOG FRANJE,Privatni i vjerski DV,Maksimir,Jaslice,,,0
2026-09-01,DV SVETOG FRANJE,Privatni i vjerski DV,Maksimir,Vrtić,,,0
2026-09-01,DV SVETOG JOSIPA,Privatni i vjerski DV,Gornja Dubrava,Jaslice,,,0
2026-09-01,DV SVETOG JOSIPA,Privatni i vjerski DV,Gornja Dubrava,Vrtić,,,0
2026-09-01,DV SVETOG VINKA,Privatni i vjerski DV,Donji grad,Jaslice,,,0
2026-09-01,DV SVETOG VINKA,Privatni i vjerski DV,Donji grad,Vrtić,,,3
2026-09-01,DV ŠARENA LOPTICA,Privatni i vjerski DV,Gornji grad - Medveščak,Jaslice,,,0
2026-09-01,DV ŠARENA LOPTICA,Privatni i vjerski DV,Gornji grad - Medveščak,Vrtić,,,0
2026-09-01,DV VESELA KUĆICA,Privatni i vjerski DV,Gornja Dubrava,Jaslice,,,2
2026-09-01,DV VESELA KUĆICA,Privatni i vjerski DV,Gornja Dubrava,Vrtić,,,0
2026-09-01,DV VESELA PANDICA,Privatni i vjerski DV,Sesvete,Jaslice,,,4
2026-09-01,DV VESELA PANDICA,Privatni i vjerski DV,Sesvete,Vrtić,,,8
2026-09-01,DV VRAPČIĆ,Privatni i vjerski DV,Sesvete,Jaslice,,,5
2026-09-01,DV VRAPČIĆ,Privatni i vjerski DV,Sesvete,Vrtić,,,3
2026-09-01,DV ZVONČICA,Privatni i vjerski DV,Sesvete,Jaslice,,,2
2026-09-01,DV ZVONČICA,Privatni i vjerski DV,Sesvete,Vrtić,,,4
2026-09-01,DV ŽABAC,Privatni i vjerski DV,Trešnjevka - jug,Jaslice,,,1
2026-09-01,DV ŽABAC,Privatni i vjerski DV,Trešnjevka - jug,Vrtić,,,1
2026-09-01,DAD BAJKA,Obrt dadilja,Stenjevec,,,,0
2026-09-01,DAD BALLON,Obrt dadilja,Črnomerec,,,,1
2026-09-01,DAD BOMBONČEKI,Obrt dadilja,Trešnjevka - sjever,,,,10
2026-09-01,DAD BUBA LOOBA,Obrt dadilja,Peščenica - Žitnjak,,,,0
2026-09-01,DAD BUBAMARA,Obrt dadilja,Donja Dubrava,,,,0
2026-09-01,DAD BUMBICE,Obrt dadilja,Trnje,,,,0
2026-09-01,DAD ČAROBNI KLJUČIĆ,Obrt dadilja,Gornji grad - Medveščak,,,,4
2026-09-01,DAD DABAR,Obrt dadilja,Trešnjevka - jug,,,,1
2026-09-01,DAD DJEČJI KUTIĆ,Obrt dadilja,Gornja Dubrava,,,,0
2026-09-01,DAD DOBRA VILA,Obrt dadilja,Gornji grad - Medveščak,,,,4
2026-09-01,DAD DORA ISTRAŽUJE,Obrt dadilja,Gornja Dubrava,,,,0
2026-09-01,DAD DORA ISTRAŽUJE I PRIJATELJI,Obrt dadilja,Gornja Dubrava,,,,0
2026-09-01,DAD EMAUS,Obrt dadilja,Gornja Dubrava,,,,0
2026-09-01,DAD GRGA ČVARAK,Obrt dadilja,Gornja Dubrava,,,,0
2026-09-01,DAD HAPPY KIDS,Obrt dadilja,Trešnjevka - sjever,,,,0
2026-09-01,DAD HOLI,Obrt dadilja,Trešnjevka - sjever,,,,0
2026-09-01,DAD HOZENTREGER,Obrt dadilja,Trešnjevka - sjever,,,,3
2026-09-01,DAD IVANČICA,Obrt dadilja,Novi Zagreb - istok,,,,0
2026-09-01,DAD JABUKA,Obrt dadilja,Trnje,,,,3
2026-09-01,DAD KAP,Obrt dadilja,Stenjevec,,,,1
2026-09-01,DAD KIDS SPOT,Obrt dadilja,Peščenica - Žitnjak,,,,0
2026-09-01,DAD KIKAČI,Obrt dadilja,Novi Zagreb - zapad,,,,6
2026-09-01,DAD LEDA,Obrt dadilja,Peščenica - Žitnjak,,,,1
2026-09-01,DAD LEPTIRIĆI,Obrt dadilja,Stenjevec,,,,2
2026-09-01,DAD LITTLE STORIES,Obrt dadilja,Stenjevec,,,,0
2026-09-01,DAD MACA PAPUČARICA,Obrt dadilja,Trešnjevka - jug,,,,0
2026-09-01,DAD MALENI TALENTI JUNIOR,Obrt dadilja,Gornji grad - Medveščak,,,,0
2026-09-01,DAD MALI NOMADI,Obrt dadilja,Stenjevec,,,,0
2026-09-01,DAD MALI PRINC,Obrt dadilja,Gornja Dubrava,,,,0
2026-09-01,DAD MALI TIM,Obrt dadilja,Donji grad,,,,0
2026-09-01,DAD MaMiTa,Obrt dadilja,Donji grad,,,,1
2026-09-01,DAD MAMITAS,Obrt dadilja,Črnomerec,,,,5
2026-09-01,DAD MAŠTA 1,Obrt dadilja,Podsused - Vrapče,,,,0
2026-09-01,DAD NAV,Obrt dadilja,Trešnjevka - sjever,,,,1
2026-09-01,DAD NEVERLAND,Obrt dadilja,Trešnjevka - sjever,,,,0
2026-09-01,DAD OGLEDALCE,Obrt dadilja,Donja Dubrava,,,,1
2026-09-01,DAD OSMIJEH,Obrt dadilja,Donji grad,,,,0
2026-09-01,DAD PAHULJICA,Obrt dadilja,Trešnjevka - jug,,,,0
2026-09-01,DAD PAJO PATAK,Obrt dadilja,Novi Zagreb - istok,,,,4
2026-09-01,DAD PČELICE,Obrt dadilja,Stenjevec,,,,2
2026-09-01,DAD SANTO,Obrt dadilja,Črnomerec,,,,1
2026-09-01,DAD SREĆA,Obrt dadilja,Podsused - Vrapče,,,,2
2026-09-01,DAD SVITOGOR,Obrt dadilja,Trešnjevka - sjever,,,,0
2026-09-01,DAD ŠUMSKA VILA,Obrt dadilja,Podsljeme,,,,0
2026-09-01,DAD TALALO,Obrt dadilja,Novi Zagreb - zapad,,,,1
2026-09-01,DAD TOČKICE,Obrt dadilja,Trešnjevka - jug,,,,6
2026-09-01,DAD TONKICA POLONKICA,Obrt dadilja,Maksimir,,,,2
2026-09-01,DAD WOODLAND,Obrt dadilja,Podsljeme,,,,4
2026-09-01,DAD ZABAVNI SAT,Obrt dadilja,Trešnjevka - jug,,,,3
2026-09-01,DAD ZVJEZDICE - Kopić,Obrt dadilja,Sesvete,,,,0
2026-09-01,DAD ZVONČEK,Obrt dadilja,Trešnjevka - jug,,,,0
2026-09-01,DAD ZVONČICA,Obrt dadilja,Trnje,,,,0
2026-09-01,DAD ZVRK,Obrt dadilja,Stenjevec,,,,2
2026-09-01,DAD ŽIRAFICA,Obrt dadilja,Gornja Dubrava,,,,0
2026-10-01,DJEČJI VRTIĆ BAJKA,Gradski DV,Trešnjevka - sjever,Jaslice,1 do 2 godine,Redoviti,0
2026-10-01,DJEČJI VRTIĆ BAJKA,Gradski DV,Trešnjevka - sjever,Jaslice,1 do 2 godine,Posebni,0
2026-10-01,DJEČJI VRTIĆ BAJKA,Gradski DV,Trešnjevka - sjever,Jaslice,2 do 3 godine,Redoviti,4
2026-10-01,DJEČJI VRTIĆ BAJKA,Gradski DV,Trešnjevka - sjever,Jaslice,2 do 3 godine,Posebni,0
2026-10-01,DJEČJI VRTIĆ BAJKA,Gradski DV,Trešnjevka - sjever,Jaslice,1 do 3 godine mješovita,Redoviti,0
2026-10-01,DJEČJI VRTIĆ BAJKA,Gradski DV,Trešnjevka - sjever,Jaslice,1 do 3 godine mješovita,Posebni,0
2026-10-01,DJEČJI VRTIĆ BAJKA,Gradski DV,Trešnjevka - sjever,Vrtić,3 do 4 godine,Redoviti,0
2026-10-01,DJEČJI VRTIĆ BAJKA,Gradski DV,Trešnjevka - sjever,Vrtić,3 do 4 godine,Posebni,0
2026-10-01,DJEČJI VRTIĆ BAJKA,Gradski DV,Trešnjevka - sjever,Vrtić,4 do 5 godina,Redoviti,2
2026-10-01,DJEČJI VRTIĆ BAJKA,Gradski DV,Trešnjevka - sjever,Vrtić,4 do 5 godina,Posebni,0
2026-10-01,DJEČJI VRTIĆ BAJKA,Gradski DV,Trešnjevka - sjever,Vrtić,5 godina do OŠ,Redoviti,4
2026-10-01,DJEČJI VRTIĆ BAJKA,Gradski DV,Trešnjevka - sjever,Vrtić,5 godina do OŠ,Posebni,0
2026-10-01,DJEČJI VRTIĆ BAJKA,Gradski DV,Trešnjevka - sjever,Vrtić,3 godine do OŠ mješovita,Redoviti,0
2026-10-01,DJEČJI VRTIĆ BAJKA,Gradski DV,Trešnjevka - sjever,Vrtić,3 godine do OŠ mješovita,Posebni,4
2026-10-01,DJEČJI VRTIĆ BOTINEC,Gradski DV,Novi Zagreb - zapad,Jaslice,1 do 2 godine,Redoviti,0
2026-10-01,DJEČJI VRTIĆ BOTINEC,Gradski DV,Novi Zagreb - zapad,Jaslice,1 do 2 godine,Posebni,0
2026-10-01,DJEČJI VRTIĆ BOTINEC,Gradski DV,Novi Zagreb - zapad,Jaslice,2 do 3 godine,Redoviti,0
2026-10-01,DJEČJI VRTIĆ BOTINEC,Gradski DV,Novi Zagreb - zapad,Jaslice,2 do 3 godine,Posebni,0
2026-10-01,DJEČJI VRTIĆ BOTINEC,Gradski DV,Novi Zagreb - zapad,Jaslice,1 do 3 godine mješovita,Redoviti,0
2026-10-01,DJEČJI VRTIĆ BOTINEC,Gradski DV,Novi Zagreb - zapad,Jaslice,1 do 3 godine mješovita,Posebni,0
2026-10-01,DJEČJI VRTIĆ BOTINEC,Gradski DV,Novi Zagreb - zapad,Vrtić,3 do 4 godine,Redoviti,0
2026-10-01,DJEČJI VRTIĆ BOTINEC,Gradski DV,Novi Zagreb - zapad,Vrtić,3 do 4 godine,Posebni,0
2026-10-01,DJEČJI VRTIĆ BOTINEC,Gradski DV,Novi Zagreb - zapad,Vrtić,4 do 5 godina,Redoviti,0
2026-10-01,DJEČJI VRTIĆ BOTINEC,Gradski DV,Novi Zagreb - zapad,Vrtić,4 do 5 godina,Posebni,0
2026-10-01,DJEČJI VRTIĆ BOTINEC,Gradski DV,Novi Zagreb - zapad,Vrtić,5 godina do OŠ,Redoviti,5
2026-10-01,DJEČJI VRTIĆ BOTINEC,Gradski DV,Novi Zagreb - zapad,Vrtić,5 godina do OŠ,Posebni,0
2026-10-01,DJEČJI VRTIĆ BOTINEC,Gradski DV,Novi Zagreb - zapad,Vrtić,3 godine do OŠ mješovita,Redoviti,0
2026-10-01,DJEČJI VRTIĆ BOTINEC,Gradski DV,Novi Zagreb - zapad,Vrtić,3 godine do OŠ mješovita,Posebni,0
2026-10-01,DJEČJI VRTIĆ BUDUĆNOST,Gradski DV,Donji grad,Jaslice,1 do 2 godine,Redoviti,0
2026-10-01,DJEČJI VRTIĆ BUDUĆNOST,Gradski DV,Donji grad,Jaslice,1 do 2 godine,Posebni,0
2026-10-01,DJEČJI VRTIĆ BUDUĆNOST,Gradski DV,Donji grad,Jaslice,2 do 3 godine,Redoviti,0
2026-10-01,DJEČJI VRTIĆ BUDUĆNOST,Gradski DV,Donji grad,Jaslice,2 do 3 godine,Posebni,0
2026-10-01,DJEČJI VRTIĆ BUDUĆNOST,Gradski DV,Donji grad,Jaslice,1 do 3 godine mješovita,Redoviti,0
2026-10-01,DJEČJI VRTIĆ BUDUĆNOST,Gradski DV,Donji grad,Jaslice,1 do 3 godine mješovita,Posebni,0
2026-10-01,DJEČJI VRTIĆ BUDUĆNOST,Gradski DV,Donji grad,Vrtić,3 do 4 godine,Redoviti,0
2026-10-01,DJEČJI VRTIĆ BUDUĆNOST,Gradski DV,Donji grad,Vrtić,3 do 4 godine,Posebni,0
2026-10-01,DJEČJI VRTIĆ BUDUĆNOST,Gradski DV,Donji grad,Vrtić,4 do 5 godina,Redoviti,0
2026-10-01,DJEČJI VRTIĆ BUDUĆNOST,Gradski DV,Donji grad,Vrtić,4 do 5 godina,Posebni,0
2026-10-01,DJEČJI VRTIĆ BUDUĆNOST,Gradski DV,Donji grad,Vrtić,5 godina do OŠ,Redoviti,0
2026-10-01,DJEČJI VRTIĆ BUDUĆNOST,Gradski DV,Donji grad,Vrtić,5 godina do OŠ,Posebni,0
2026-10-01,DJEČJI VRTIĆ BUDUĆNOST,Gradski DV,Donji grad,Vrtić,3 godine do OŠ mješovita,Redoviti,20
2026-10-01,DJEČJI VRTIĆ BUDUĆNOST,Gradski DV,Donji grad,Vrtić,3 godine do OŠ mješovita,Posebni,0
2026-10-01,DJEČJI VRTIĆ BUKOVAC,Gradski DV,Maksimir,Jaslice,1 do 2 godine,Redoviti,0
2026-10-01,DJEČJI VRTIĆ BUKOVAC,Gradski DV,Maksimir,Jaslice,1 do 2 godine,Posebni,0
2026-10-01,DJEČJI VRTIĆ BUKOVAC,Gradski DV,Maksimir,Jaslice,2 do 3 godine,Redoviti,0
2026-10-01,DJEČJI VRTIĆ BUKOVAC,Gradski DV,Maksimir,Jaslice,2 do 3 godine,Posebni,0
2026-10-01,DJEČJI VRTIĆ BUKOVAC,Gradski DV,Maksimir,Jaslice,1 do 3 godine mješovita,Redoviti,0
2026-10-01,DJEČJI VRTIĆ BUKOVAC,Gradski DV,Maksimir,Jaslice,1 do 3 godine mješovita,Posebni,0
2026-10-01,DJEČJI VRTIĆ BUKOVAC,Gradski DV,Maksimir,Vrtić,3 do 4 godine,Redoviti,0
2026-10-01,DJEČJI VRTIĆ BUKOVAC,Gradski DV,Maksimir,Vrtić,3 do 4 godine,Posebni,0
2026-10-01,DJEČJI VRTIĆ BUKOVAC,Gradski DV,Maksimir,Vrtić,4 do 5 godina,Redoviti,1
2026-10-01,DJEČJI VRTIĆ BUKOVAC,Gradski DV,Maksimir,Vrtić,4 do 5 godina,Posebni,0
2026-10-01,DJEČJI VRTIĆ BUKOVAC,Gradski DV,Maksimir,Vrtić,5 godina do OŠ,Redoviti,0
2026-10-01,DJEČJI VRTIĆ BUKOVAC,Gradski DV,Maksimir,Vrtić,5 godina do OŠ,Posebni,0
2026-10-01,DJEČJI VRTIĆ BUKOVAC,Gradski DV,Maksimir,Vrtić,3 godine do OŠ mješovita,Redoviti,0
2026-10-01,DJEČJI VRTIĆ BUKOVAC,Gradski DV,Maksimir,Vrtić,3 godine do OŠ mješovita,Posebni,0
2026-10-01,DJEČJI VRTIĆ CVRČAK,Gradski DV,Peščenica - Žitnjak,Jaslice,1 do 2 godine,Redoviti,0
2026-10-01,DJEČJI VRTIĆ CVRČAK,Gradski DV,Peščenica - Žitnjak,Jaslice,1 do 2 godine,Posebni,0
2026-10-01,DJEČJI VRTIĆ CVRČAK,Gradski DV,Peščenica - Žitnjak,Jaslice,2 do 3 godine,Redoviti,0
2026-10-01,DJEČJI VRTIĆ CVRČAK,Gradski DV,Peščenica - Žitnjak,Jaslice,2 do 3 godine,Posebni,0
2026-10-01,DJEČJI VRTIĆ CVRČAK,Gradski DV,Peščenica - Žitnjak,Jaslice,1 do 3 godine mješovita,Redoviti,0
2026-10-01,DJEČJI VRTIĆ CVRČAK,Gradski DV,Peščenica - Žitnjak,Jaslice,1 do 3 godine mješovita,Posebni,0
2026-10-01,DJEČJI VRTIĆ CVRČAK,Gradski DV,Peščenica - Žitnjak,Vrtić,3 do 4 godine,Redoviti,0
2026-10-01,DJEČJI VRTIĆ CVRČAK,Gradski DV,Peščenica - Žitnjak,Vrtić,3 do 4 godine,Posebni,0
2026-10-01,DJEČJI VRTIĆ CVRČAK,Gradski DV,Peščenica - Žitnjak,Vrtić,4 do 5 godina,Redoviti,7
2026-10-01,DJEČJI VRTIĆ CVRČAK,Gradski DV,Peščenica - Žitnjak,Vrtić,4 do 5 godina,Posebni,1
2026-10-01,DJEČJI VRTIĆ CVRČAK,Gradski DV,Peščenica - Žitnjak,Vrtić,5 godina do OŠ,Redoviti,4
2026-10-01,DJEČJI VRTIĆ CVRČAK,Gradski DV,Peščenica - Žitnjak,Vrtić,5 godina do OŠ,Posebni,0
2026-10-01,DJEČJI VRTIĆ CVRČAK,Gradski DV,Peščenica - Žitnjak,Vrtić,3 godine do OŠ mješovita,Redoviti,0
2026-10-01,DJEČJI VRTIĆ CVRČAK,Gradski DV,Peščenica - Žitnjak,Vrtić,3 godine do OŠ mješovita,Posebni,7
2026-10-01,DJEČJI VRTIĆ DUGA,Gradski DV,Peščenica - Žitnjak,Jaslice,1 do 2 godine,Redoviti,0
2026-10-01,DJEČJI VRTIĆ DUGA,Gradski DV,Peščenica - Žitnjak,Jaslice,1 do 2 godine,Posebni,0
2026-10-01,DJEČJI VRTIĆ DUGA,Gradski DV,Peščenica - Žitnjak,Jaslice,2 do 3 godine,Redoviti,0
2026-10-01,DJEČJI VRTIĆ DUGA,Gradski DV,Peščenica - Žitnjak,Jaslice,2 do 3 godine,Posebni,0
2026-10-01,DJEČJI VRTIĆ DUGA,Gradski DV,Peščenica - Žitnjak,Jaslice,1 do 3 godine mješovita,Redoviti,0
2026-10-01,DJEČJI VRTIĆ DUGA,Gradski DV,Peščenica - Žitnjak,Jaslice,1 do 3 godine mješovita,Posebni,0
2026-10-01,DJEČJI VRTIĆ DUGA,Gradski DV,Peščenica - Žitnjak,Vrtić,3 do 4 godine,Redoviti,1
2026-10-01,DJEČJI VRTIĆ DUGA,Gradski DV,Peščenica - Žitnjak,Vrtić,3 do 4 godine,Posebni,0
2026-10-01,DJEČJI VRTIĆ DUGA,Gradski DV,Peščenica - Žitnjak,Vrtić,4 do 5 godina,Redoviti,0
2026-10-01,DJEČJI VRTIĆ DUGA,Gradski DV,Peščenica - Žitnjak,Vrtić,4 do 5 godina,Posebni,0
2026-10-01,DJEČJI VRTIĆ DUGA,Gradski DV,Peščenica - Žitnjak,Vrtić,5 godina do OŠ,Redoviti,0
2026-10-01,DJEČJI VRTIĆ DUGA,Gradski DV,Peščenica - Žitnjak,Vrtić,5 godina do OŠ,Posebni,0
2026-10-01,DJEČJI VRTIĆ DUGA,Gradski DV,Peščenica - Žitnjak,Vrtić,3 godine do OŠ mješovita,Redoviti,3
2026-10-01,DJEČJI VRTIĆ DUGA,Gradski DV,Peščenica - Žitnjak,Vrtić,3 godine do OŠ mješovita,Posebni,6
2026-10-01,DJEČJI VRTIĆ EN TEN TINI,Gradski DV,Sesvete,Jaslice,1 do 2 godine,Redoviti,0
2026-10-01,DJEČJI VRTIĆ EN TEN TINI,Gradski DV,Sesvete,Jaslice,1 do 2 godine,Posebni,0
2026-10-01,DJEČJI VRTIĆ EN TEN TINI,Gradski DV,Sesvete,Jaslice,2 do 3 godine,Redoviti,0
2026-10-01,DJEČJI VRTIĆ EN TEN TINI,Gradski DV,Sesvete,Jaslice,2 do 3 godine,Posebni,0
2026-10-01,DJEČJI VRTIĆ EN TEN TINI,Gradski DV,Sesvete,Jaslice,1 do 3 godine mješovita,Redoviti,0
2026-10-01,DJEČJI VRTIĆ EN TEN TINI,Gradski DV,Sesvete,Jaslice,1 do 3 godine mješovita,Posebni,0
2026-10-01,DJEČJI VRTIĆ EN TEN TINI,Gradski DV,Sesvete,Vrtić,3 do 4 godine,Redoviti,0
2026-10-01,DJEČJI VRTIĆ EN TEN TINI,Gradski DV,Sesvete,Vrtić,3 do 4 godine,Posebni,0
2026-10-01,DJEČJI VRTIĆ EN TEN TINI,Gradski DV,Sesvete,Vrtić,4 do 5 godina,Redoviti,0
2026-10-01,DJEČJI VRTIĆ EN TEN TINI,Gradski DV,Sesvete,Vrtić,4 do 5 godina,Posebni,6
2026-10-01,DJEČJI VRTIĆ EN TEN TINI,Gradski DV,Sesvete,Vrtić,5 godina do OŠ,Redoviti,20
2026-10-01,DJEČJI VRTIĆ EN TEN TINI,Gradski DV,Sesvete,Vrtić,5 godina do OŠ,Posebni,0
2026-10-01,DJEČJI VRTIĆ EN TEN TINI,Gradski DV,Sesvete,Vrtić,3 godine do OŠ mješovita,Redoviti,4
2026-10-01,DJEČJI VRTIĆ EN TEN TINI,Gradski DV,Sesvete,Vrtić,3 godine do OŠ mješovita,Posebni,0
2026-10-01,DJEČJI VRTIĆ GAJNICE,Gradski DV,Podsused - Vrapče,Jaslice,1 do 2 godine,Redoviti,0
2026-10-01,DJEČJI VRTIĆ GAJNICE,Gradski DV,Podsused - Vrapče,Jaslice,1 do 2 godine,Posebni,0
2026-10-01,DJEČJI VRTIĆ GAJNICE,Gradski DV,Podsused - Vrapče,Jaslice,2 do 3 godine,Redoviti,0
2026-10-01,DJEČJI VRTIĆ GAJNICE,Gradski DV,Podsused - Vrapče,Jaslice,2 do 3 godine,Posebni,0
2026-10-01,DJEČJI VRTIĆ GAJNICE,Gradski DV,Podsused - Vrapče,Jaslice,1 do 3 godine mješovita,Redoviti,0
2026-10-01,DJEČJI VRTIĆ GAJNICE,Gradski DV,Podsused - Vrapče,Jaslice,1 do 3 godine mješovita,Posebni,0
2026-10-01,DJEČJI VRTIĆ GAJNICE,Gradski DV,Podsused - Vrapče,Vrtić,3 do 4 godine,Redoviti,0
2026-10-01,DJEČJI VRTIĆ GAJNICE,Gradski DV,Podsused - Vrapče,Vrtić,3 do 4 godine,Posebni,0
2026-10-01,DJEČJI VRTIĆ GAJNICE,Gradski DV,Podsused - Vrapče,Vrtić,4 do 5 godina,Redoviti,0
2026-10-01,DJEČJI VRTIĆ GAJNICE,Gradski DV,Podsused - Vrapče,Vrtić,4 do 5 godina,Posebni,0
2026-10-01,DJEČJI VRTIĆ GAJNICE,Gradski DV,Podsused - Vrapče,Vrtić,5 godina do OŠ,Redoviti,0
2026-10-01,DJEČJI VRTIĆ GAJNICE,Gradski DV,Podsused - Vrapče,Vrtić,5 godina do OŠ,Posebni,0
2026-10-01,DJEČJI VRTIĆ GAJNICE,Gradski DV,Podsused - Vrapče,Vrtić,3 godine do OŠ mješovita,Redoviti,0
2026-10-01,DJEČJI VRTIĆ GAJNICE,Gradski DV,Podsused - Vrapče,Vrtić,3 godine do OŠ mješovita,Posebni,0
2026-10-01,DJEČJI VRTIĆ GRIGORA VITEZA,Gradski DV,Trešnjevka - sjever,Jaslice,1 do 2 godine,Redoviti,5
2026-10-01,DJEČJI VRTIĆ GRIGORA VITEZA,Gradski DV,Trešnjevka - sjever,Jaslice,1 do 2 godine,Posebni,0
2026-10-01,DJEČJI VRTIĆ GRIGORA VITEZA,Gradski DV,Trešnjevka - sjever,Jaslice,2 do 3 godine,Redoviti,4
2026-10-01,DJEČJI VRTIĆ GRIGORA VITEZA,Gradski DV,Trešnjevka - sjever,Jaslice,2 do 3 godine,Posebni,0
2026-10-01,DJEČJI VRTIĆ GRIGORA VITEZA,Gradski DV,Trešnjevka - sjever,Jaslice,1 do 3 godine mješovita,Redoviti,0
2026-10-01,DJEČJI VRTIĆ GRIGORA VITEZA,Gradski DV,Trešnjevka - sjever,Jaslice,1 do 3 godine mješovita,Posebni,0
2026-10-01,DJEČJI VRTIĆ GRIGORA VITEZA,Gradski DV,Trešnjevka - sjever,Vrtić,3 do 4 godine,Redoviti,0
2026-10-01,DJEČJI VRTIĆ GRIGORA VITEZA,Gradski DV,Trešnjevka - sjever,Vrtić,3 do 4 godine,Posebni,0
2026-10-01,DJEČJI VRTIĆ GRIGORA VITEZA,Gradski DV,Trešnjevka - sjever,Vrtić,4 do 5 godina,Redoviti,4
2026-10-01,DJEČJI VRTIĆ GRIGORA VITEZA,Gradski DV,Trešnjevka - sjever,Vrtić,4 do 5 godina,Posebni,0
2026-10-01,DJEČJI VRTIĆ GRIGORA VITEZA,Gradski DV,Trešnjevka - sjever,Vrtić,5 godina do OŠ,Redoviti,1
2026-10-01,DJEČJI VRTIĆ GRIGORA VITEZA,Gradski DV,Trešnjevka - sjever,Vrtić,5 godina do OŠ,Posebni,0
2026-10-01,DJEČJI VRTIĆ GRIGORA VITEZA,Gradski DV,Trešnjevka - sjever,Vrtić,3 godine do OŠ mješovita,Redoviti,0
2026-10-01,DJEČJI VRTIĆ GRIGORA VITEZA,Gradski DV,Trešnjevka - sjever,Vrtić,3 godine do OŠ mješovita,Posebni,5
2026-10-01,DJEČJI VRTIĆ HRVATSKI LESKOVAC,Gradski DV,Novi Zagreb - zapad,Jaslice,1 do 2 godine,Redoviti,0
2026-10-01,DJEČJI VRTIĆ HRVATSKI LESKOVAC,Gradski DV,Novi Zagreb - zapad,Jaslice,1 do 2 godine,Posebni,0
2026-10-01,DJEČJI VRTIĆ HRVATSKI LESKOVAC,Gradski DV,Novi Zagreb - zapad,Jaslice,2 do 3 godine,Redoviti,0
2026-10-01,DJEČJI VRTIĆ HRVATSKI LESKOVAC,Gradski DV,Novi Zagreb - zapad,Jaslice,2 do 3 godine,Posebni,0
2026-10-01,DJEČJI VRTIĆ HRVATSKI LESKOVAC,Gradski DV,Novi Zagreb - zapad,Jaslice,1 do 3 godine mješovita,Redoviti,0
2026-10-01,DJEČJI VRTIĆ HRVATSKI LESKOVAC,Gradski DV,Novi Zagreb - zapad,Jaslice,1 do 3 godine mješovita,Posebni,0
2026-10-01,DJEČJI VRTIĆ HRVATSKI LESKOVAC,Gradski DV,Novi Zagreb - zapad,Vrtić,3 do 4 godine,Redoviti,0
2026-10-01,DJEČJI VRTIĆ HRVATSKI LESKOVAC,Gradski DV,Novi Zagreb - zapad,Vrtić,3 do 4 godine,Posebni,0
2026-10-01,DJEČJI VRTIĆ HRVATSKI LESKOVAC,Gradski DV,Novi Zagreb - zapad,Vrtić,4 do 5 godina,Redoviti,0
2026-10-01,DJEČJI VRTIĆ HRVATSKI LESKOVAC,Gradski DV,Novi Zagreb - zapad,Vrtić,4 do 5 godina,Posebni,0
2026-10-01,DJEČJI VRTIĆ HRVATSKI LESKOVAC,Gradski DV,Novi Zagreb - zapad,Vrtić,5 godina do OŠ,Redoviti,2
2026-10-01,DJEČJI VRTIĆ HRVATSKI LESKOVAC,Gradski DV,Novi Zagreb - zapad,Vrtić,5 godina do OŠ,Posebni,0
2026-10-01,DJEČJI VRTIĆ HRVATSKI LESKOVAC,Gradski DV,Novi Zagreb - zapad,Vrtić,3 godine do OŠ mješovita,Redoviti,0
2026-10-01,DJEČJI VRTIĆ HRVATSKI LESKOVAC,Gradski DV,Novi Zagreb - zapad,Vrtić,3 godine do OŠ mješovita,Posebni,0
2026-10-01,DJEČJI VRTIĆ ISKRICA,Gradski DV,Trnje,Jaslice,1 do 2 godine,Redoviti,1
2026-10-01,DJEČJI VRTIĆ ISKRICA,Gradski DV,Trnje,Jaslice,1 do 2 godine,Posebni,0
2026-10-01,DJEČJI VRTIĆ ISKRICA,Gradski DV,Trnje,Jaslice,2 do 3 godine,Redoviti,3
2026-10-01,DJEČJI VRTIĆ ISKRICA,Gradski DV,Trnje,Jaslice,2 do 3 godine,Posebni,0
2026-10-01,DJEČJI VRTIĆ ISKRICA,Gradski DV,Trnje,Jaslice,1 do 3 godine mješovita,Redoviti,4
2026-10-01,DJEČJI VRTIĆ ISKRICA,Gradski DV,Trnje,Jaslice,1 do 3 godine mješovita,Posebni,0
2026-10-01,DJEČJI VRTIĆ ISKRICA,Gradski DV,Trnje,Vrtić,3 do 4 godine,Redoviti,0
2026-10-01,DJEČJI VRTIĆ ISKRICA,Gradski DV,Trnje,Vrtić,3 do 4 godine,Posebni,0
2026-10-01,DJEČJI VRTIĆ ISKRICA,Gradski DV,Trnje,Vrtić,4 do 5 godina,Redoviti,0
2026-10-01,DJEČJI VRTIĆ ISKRICA,Gradski DV,Trnje,Vrtić,4 do 5 godina,Posebni,0
2026-10-01,DJEČJI VRTIĆ ISKRICA,Gradski DV,Trnje,Vrtić,5 godina do OŠ,Redoviti,0
2026-10-01,DJEČJI VRTIĆ ISKRICA,Gradski DV,Trnje,Vrtić,5 godina do OŠ,Posebni,0
2026-10-01,DJEČJI VRTIĆ ISKRICA,Gradski DV,Trnje,Vrtić,3 godine do OŠ mješovita,Redoviti,0
2026-10-01,DJEČJI VRTIĆ ISKRICA,Gradski DV,Trnje,Vrtić,3 godine do OŠ mješovita,Posebni,3
2026-10-01,DJEČJI VRTIĆ IVANE BRLIĆ MAŽURANIĆ,Gradski DV,Donja Dubrava,Jaslice,1 do 2 godine,Redoviti,0
2026-10-01,DJEČJI VRTIĆ IVANE BRLIĆ MAŽURANIĆ,Gradski DV,Donja Dubrava,Jaslice,1 do 2 godine,Posebni,0
2026-10-01,DJEČJI VRTIĆ IVANE BRLIĆ MAŽURANIĆ,Gradski DV,Donja Dubrava,Jaslice,2 do 3 godine,Redoviti,0
2026-10-01,DJEČJI VRTIĆ IVANE BRLIĆ MAŽURANIĆ,Gradski DV,Donja Dubrava,Jaslice,2 do 3 godine,Posebni,0
2026-10-01,DJEČJI VRTIĆ IVANE BRLIĆ MAŽURANIĆ,Gradski DV,Donja Dubrava,Jaslice,1 do 3 godine mješovita,Redoviti,0
2026-10-01,DJEČJI VRTIĆ IVANE BRLIĆ MAŽURANIĆ,Gradski DV,Donja Dubrava,Jaslice,1 do 3 godine mješovita,Posebni,0
2026-10-01,DJEČJI VRTIĆ IVANE BRLIĆ MAŽURANIĆ,Gradski DV,Donja Dubrava,Vrtić,3 do 4 godine,Redoviti,0
2026-10-01,DJEČJI VRTIĆ IVANE BRLIĆ MAŽURANIĆ,Gradski DV,Donja Dubrava,Vrtić,3 do 4 godine,Posebni,0
2026-10-01,DJEČJI VRTIĆ IVANE BRLIĆ MAŽURANIĆ,Gradski DV,Donja Dubrava,Vrtić,4 do 5 godina,Redoviti,0
2026-10-01,DJEČJI VRTIĆ IVANE BRLIĆ MAŽURANIĆ,Gradski DV,Donja Dubrava,Vrtić,4 do 5 godina,Posebni,0
2026-10-01,DJEČJI VRTIĆ IVANE BRLIĆ MAŽURANIĆ,Gradski DV,Donja Dubrava,Vrtić,5 godina do OŠ,Redoviti,0
2026-10-01,DJEČJI VRTIĆ IVANE BRLIĆ MAŽURANIĆ,Gradski DV,Donja Dubrava,Vrtić,5 godina do OŠ,Posebni,0
2026-10-01,DJEČJI VRTIĆ IVANE BRLIĆ MAŽURANIĆ,Gradski DV,Donja Dubrava,Vrtić,3 godine do OŠ mješovita,Redoviti,0
2026-10-01,DJEČJI VRTIĆ IVANE BRLIĆ MAŽURANIĆ,Gradski DV,Donja Dubrava,Vrtić,3 godine do OŠ mješovita,Posebni,0
2026-10-01,DJEČJI VRTIĆ IZVOR,Gradski DV,Donji grad,Jaslice,1 do 2 godine,Redoviti,0
2026-10-01,DJEČJI VRTIĆ IZVOR,Gradski DV,Donji grad,Jaslice,1 do 2 godine,Posebni,0
2026-10-01,DJEČJI VRTIĆ IZVOR,Gradski DV,Donji grad,Jaslice,2 do 3 godine,Redoviti,10
2026-10-01,DJEČJI VRTIĆ IZVOR,Gradski DV,Donji grad,Jaslice,2 do 3 godine,Posebni,0
2026-10-01,DJEČJI VRTIĆ IZVOR,Gradski DV,Donji grad,Jaslice,1 do 3 godine mješovita,Redoviti,0
2026-10-01,DJEČJI VRTIĆ IZVOR,Gradski DV,Donji grad,Jaslice,1 do 3 godine mješovita,Posebni,0
2026-10-01,DJEČJI VRTIĆ IZVOR,Gradski DV,Donji grad,Vrtić,3 do 4 godine,Redoviti,5
2026-10-01,DJEČJI VRTIĆ IZVOR,Gradski DV,Donji grad,Vrtić,3 do 4 godine,Posebni,0
2026-10-01,DJEČJI VRTIĆ IZVOR,Gradski DV,Donji grad,Vrtić,4 do 5 godina,Redoviti,3
2026-10-01,DJEČJI VRTIĆ IZVOR,Gradski DV,Donji grad,Vrtić,4 do 5 godina,Posebni,0
2026-10-01,DJEČJI VRTIĆ IZVOR,Gradski DV,Donji grad,Vrtić,5 godina do OŠ,Redoviti,5
2026-10-01,DJEČJI VRTIĆ IZVOR,Gradski DV,Donji grad,Vrtić,5 godina do OŠ,Posebni,0
2026-10-01,DJEČJI VRTIĆ IZVOR,Gradski DV,Donji grad,Vrtić,3 godine do OŠ mješovita,Redoviti,14
2026-10-01,DJEČJI VRTIĆ IZVOR,Gradski DV,Donji grad,Vrtić,3 godine do OŠ mješovita,Posebni,0
2026-10-01,DJEČJI VRTIĆ JABUKA,Gradski DV,Donja Dubrava,Jaslice,1 do 2 godine,Redoviti,0
2026-10-01,DJEČJI VRTIĆ JABUKA,Gradski DV,Donja Dubrava,Jaslice,1 do 2 godine,Posebni,0
2026-10-01,DJEČJI VRTIĆ JABUKA,Gradski DV,Donja Dubrava,Jaslice,2 do 3 godine,Redoviti,0
2026-10-01,DJEČJI VRTIĆ JABUKA,Gradski DV,Donja Dubrava,Jaslice,2 do 3 godine,Posebni,0
2026-10-01,DJEČJI VRTIĆ JABUKA,Gradski DV,Donja Dubrava,Jaslice,1 do 3 godine mješovita,Redoviti,0
2026-10-01,DJEČJI VRTIĆ JABUKA,Gradski DV,Donja Dubrava,Jaslice,1 do 3 godine mješovita,Posebni,0
2026-10-01,DJEČJI VRTIĆ JABUKA,Gradski DV,Donja Dubrava,Vrtić,3 do 4 godine,Redoviti,0
2026-10-01,DJEČJI VRTIĆ JABUKA,Gradski DV,Donja Dubrava,Vrtić,3 do 4 godine,Posebni,0
2026-10-01,DJEČJI VRTIĆ JABUKA,Gradski DV,Donja Dubrava,Vrtić,4 do 5 godina,Redoviti,0
2026-10-01,DJEČJI VRTIĆ JABUKA,Gradski DV,Donja Dubrava,Vrtić,4 do 5 godina,Posebni,0
2026-10-01,DJEČJI VRTIĆ JABUKA,Gradski DV,Donja Dubrava,Vrtić,5 godina do OŠ,Redoviti,0
2026-10-01,DJEČJI VRTIĆ JABUKA,Gradski DV,Donja Dubrava,Vrtić,5 godina do OŠ,Posebni,0
2026-10-01,DJEČJI VRTIĆ JABUKA,Gradski DV,Donja Dubrava,Vrtić,3 godine do OŠ mješovita,Redoviti,0
2026-10-01,DJEČJI VRTIĆ JABUKA,Gradski DV,Donja Dubrava,Vrtić,3 godine do OŠ mješovita,Posebni,0
2026-10-01,DJEČJI VRTIĆ JARUN,Gradski DV,Trešnjevka - jug,Jaslice,1 do 2 godine,Redoviti,0
2026-10-01,DJEČJI VRTIĆ JARUN,Gradski DV,Trešnjevka - jug,Jaslice,1 do 2 godine,Posebni,0
2026-10-01,DJEČJI VRTIĆ JARUN,Gradski DV,Trešnjevka - jug,Jaslice,2 do 3 godine,Redoviti,0
2026-10-01,DJEČJI VRTIĆ JARUN,Gradski DV,Trešnjevka - jug,Jaslice,2 do 3 godine,Posebni,0
2026-10-01,DJEČJI VRTIĆ JARUN,Gradski DV,Trešnjevka - jug,Jaslice,1 do 3 godine mješovita,Redoviti,0
2026-10-01,DJEČJI VRTIĆ JARUN,Gradski DV,Trešnjevka - jug,Jaslice,1 do 3 godine mješovita,Posebni,0
2026-10-01,DJEČJI VRTIĆ JARUN,Gradski DV,Trešnjevka - jug,Vrtić,3 do 4 godine,Redoviti,0
2026-10-01,DJEČJI VRTIĆ JARUN,Gradski DV,Trešnjevka - jug,Vrtić,3 do 4 godine,Posebni,0
2026-10-01,DJEČJI VRTIĆ JARUN,Gradski DV,Trešnjevka - jug,Vrtić,4 do 5 godina,Redoviti,2
2026-10-01,DJEČJI VRTIĆ JARUN,Gradski DV,Trešnjevka - jug,Vrtić,4 do 5 godina,Posebni,0
2026-10-01,DJEČJI VRTIĆ JARUN,Gradski DV,Trešnjevka - jug,Vrtić,5 godina do OŠ,Redoviti,0
2026-10-01,DJEČJI VRTIĆ JARUN,Gradski DV,Trešnjevka - jug,Vrtić,5 godina do OŠ,Posebni,0
2026-10-01,DJEČJI VRTIĆ JARUN,Gradski DV,Trešnjevka - jug,Vrtić,3 godine do OŠ mješovita,Redoviti,0
2026-10-01,DJEČJI VRTIĆ JARUN,Gradski DV,Trešnjevka - jug,Vrtić,3 godine do OŠ mješovita,Posebni,0
2026-10-01,DJEČJI VRTIĆ KOLIBRI,Gradski DV,Gornja Dubrava,Jaslice,1 do 2 godine,Redoviti,0
2026-10-01,DJEČJI VRTIĆ KOLIBRI,Gradski DV,Gornja Dubrava,Jaslice,1 do 2 godine,Posebni,0
2026-10-01,DJEČJI VRTIĆ KOLIBRI,Gradski DV,Gornja Dubrava,Jaslice,2 do 3 godine,Redoviti,0
2026-10-01,DJEČJI VRTIĆ KOLIBRI,Gradski DV,Gornja Dubrava,Jaslice,2 do 3 godine,Posebni,0
2026-10-01,DJEČJI VRTIĆ KOLIBRI,Gradski DV,Gornja Dubrava,Jaslice,1 do 3 godine mješovita,Redoviti,0
2026-10-01,DJEČJI VRTIĆ KOLIBRI,Gradski DV,Gornja Dubrava,Jaslice,1 do 3 godine mješovita,Posebni,0
2026-10-01,DJEČJI VRTIĆ KOLIBRI,Gradski DV,Gornja Dubrava,Vrtić,3 do 4 godine,Redoviti,1
2026-10-01,DJEČJI VRTIĆ KOLIBRI,Gradski DV,Gornja Dubrava,Vrtić,3 do 4 godine,Posebni,0
2026-10-01,DJEČJI VRTIĆ KOLIBRI,Gradski DV,Gornja Dubrava,Vrtić,4 do 5 godina,Redoviti,0
2026-10-01,DJEČJI VRTIĆ KOLIBRI,Gradski DV,Gornja Dubrava,Vrtić,4 do 5 godina,Posebni,0
2026-10-01,DJEČJI VRTIĆ KOLIBRI,Gradski DV,Gornja Dubrava,Vrtić,5 godina do OŠ,Redoviti,0
2026-10-01,DJEČJI VRTIĆ KOLIBRI,Gradski DV,Gornja Dubrava,Vrtić,5 godina do OŠ,Posebni,0
2026-10-01,DJEČJI VRTIĆ KOLIBRI,Gradski DV,Gornja Dubrava,Vrtić,3 godine do OŠ mješovita,Redoviti,0
2026-10-01,DJEČJI VRTIĆ KOLIBRI,Gradski DV,Gornja Dubrava,Vrtić,3 godine do OŠ mješovita,Posebni,1
2026-10-01,DJEČJI VRTIĆ KRIJESNICE,Gradski DV,Donji grad,Jaslice,1 do 2 godine,Redoviti,0
2026-10-01,DJEČJI VRTIĆ KRIJESNICE,Gradski DV,Donji grad,Jaslice,1 do 2 godine,Posebni,0
2026-10-01,DJEČJI VRTIĆ KRIJESNICE,Gradski DV,Donji grad,Jaslice,2 do 3 godine,Redoviti,0
2026-10-01,DJEČJI VRTIĆ KRIJESNICE,Gradski DV,Donji grad,Jaslice,2 do 3 godine,Posebni,0
2026-10-01,DJEČJI VRTIĆ KRIJESNICE,Gradski DV,Donji grad,Jaslice,1 do 3 godine mješovita,Redoviti,5
2026-10-01,DJEČJI VRTIĆ KRIJESNICE,Gradski DV,Donji grad,Jaslice,1 do 3 godine mješovita,Posebni,0
2026-10-01,DJEČJI VRTIĆ KRIJESNICE,Gradski DV,Donji grad,Vrtić,3 do 4 godine,Redoviti,0
2026-10-01,DJEČJI VRTIĆ KRIJESNICE,Gradski DV,Donji grad,Vrtić,3 do 4 godine,Posebni,0
2026-10-01,DJEČJI VRTIĆ KRIJESNICE,Gradski DV,Donji grad,Vrtić,4 do 5 godina,Redoviti,0
2026-10-01,DJEČJI VRTIĆ KRIJESNICE,Gradski DV,Donji grad,Vrtić,4 do 5 godina,Posebni,0
2026-10-01,DJEČJI VRTIĆ KRIJESNICE,Gradski DV,Donji grad,Vrtić,5 godina do OŠ,Redoviti,0
2026-10-01,DJEČJI VRTIĆ KRIJESNICE,Gradski DV,Donji grad,Vrtić,5 godina do OŠ,Posebni,0
2026-10-01,DJEČJI VRTIĆ KRIJESNICE,Gradski DV,Donji grad,Vrtić,3 godine do OŠ mješovita,Redoviti,0
2026-10-01,DJEČJI VRTIĆ KRIJESNICE,Gradski DV,Donji grad,Vrtić,3 godine do OŠ mješovita,Posebni,0
2026-10-01,DJEČJI VRTIĆ KUSTOŠIJA,Gradski DV,Stenjevec,Jaslice,1 do 2 godine,Redoviti,0
2026-10-01,DJEČJI VRTIĆ KUSTOŠIJA,Gradski DV,Stenjevec,Jaslice,1 do 2 godine,Posebni,0
2026-10-01,DJEČJI VRTIĆ KUSTOŠIJA,Gradski DV,Stenjevec,Jaslice,2 do 3 godine,Redoviti,0
2026-10-01,DJEČJI VRTIĆ KUSTOŠIJA,Gradski DV,Stenjevec,Jaslice,2 do 3 godine,Posebni,0
2026-10-01,DJEČJI VRTIĆ KUSTOŠIJA,Gradski DV,Stenjevec,Jaslice,1 do 3 godine mješovita,Redoviti,0
2026-10-01,DJEČJI VRTIĆ KUSTOŠIJA,Gradski DV,Stenjevec,Jaslice,1 do 3 godine mješovita,Posebni,0
2026-10-01,DJEČJI VRTIĆ KUSTOŠIJA,Gradski DV,Stenjevec,Vrtić,3 do 4 godine,Redoviti,1
2026-10-01,DJEČJI VRTIĆ KUSTOŠIJA,Gradski DV,Stenjevec,Vrtić,3 do 4 godine,Posebni,0
2026-10-01,DJEČJI VRTIĆ KUSTOŠIJA,Gradski DV,Stenjevec,Vrtić,4 do 5 godina,Redoviti,1
2026-10-01,DJEČJI VRTIĆ KUSTOŠIJA,Gradski DV,Stenjevec,Vrtić,4 do 5 godina,Posebni,0
2026-10-01,DJEČJI VRTIĆ KUSTOŠIJA,Gradski DV,Stenjevec,Vrtić,5 godina do OŠ,Redoviti,7
2026-10-01,DJEČJI VRTIĆ KUSTOŠIJA,Gradski DV,Stenjevec,Vrtić,5 godina do OŠ,Posebni,0
2026-10-01,DJEČJI VRTIĆ KUSTOŠIJA,Gradski DV,Stenjevec,Vrtić,3 godine do OŠ mješovita,Redoviti,8
2026-10-01,DJEČJI VRTIĆ KUSTOŠIJA,Gradski DV,Stenjevec,Vrtić,3 godine do OŠ mješovita,Posebni,7
2026-10-01,DJEČJI VRTIĆ LEPTIR,Gradski DV,Sesvete,Jaslice,1 do 2 godine,Redoviti,0
2026-10-01,DJEČJI VRTIĆ LEPTIR,Gradski DV,Sesvete,Jaslice,1 do 2 godine,Posebni,0
2026-10-01,DJEČJI VRTIĆ LEPTIR,Gradski DV,Sesvete,Jaslice,2 do 3 godine,Redoviti,0
2026-10-01,DJEČJI VRTIĆ LEPTIR,Gradski DV,Sesvete,Jaslice,2 do 3 godine,Posebni,0
2026-10-01,DJEČJI VRTIĆ LEPTIR,Gradski DV,Sesvete,Jaslice,1 do 3 godine mješovita,Redoviti,0
2026-10-01,DJEČJI VRTIĆ LEPTIR,Gradski DV,Sesvete,Jaslice,1 do 3 godine mješovita,Posebni,0
2026-10-01,DJEČJI VRTIĆ LEPTIR,Gradski DV,Sesvete,Vrtić,3 do 4 godine,Redoviti,0
2026-10-01,DJEČJI VRTIĆ LEPTIR,Gradski DV,Sesvete,Vrtić,3 do 4 godine,Posebni,1
2026-10-01,DJEČJI VRTIĆ LEPTIR,Gradski DV,Sesvete,Vrtić,4 do 5 godina,Redoviti,0
2026-10-01,DJEČJI VRTIĆ LEPTIR,Gradski DV,Sesvete,Vrtić,4 do 5 godina,Posebni,0
2026-10-01,DJEČJI VRTIĆ LEPTIR,Gradski DV,Sesvete,Vrtić,5 godina do OŠ,Redoviti,3
2026-10-01,DJEČJI VRTIĆ LEPTIR,Gradski DV,Sesvete,Vrtić,5 godina do OŠ,Posebni,0
2026-10-01,DJEČJI VRTIĆ LEPTIR,Gradski DV,Sesvete,Vrtić,3 godine do OŠ mješovita,Redoviti,0
2026-10-01,DJEČJI VRTIĆ LEPTIR,Gradski DV,Sesvete,Vrtić,3 godine do OŠ mješovita,Posebni,0
2026-10-01,DJEČJI VRTIĆ MAKSIMIR,Gradski DV,Maksimir,Jaslice,1 do 2 godine,Redoviti,0
2026-10-01,DJEČJI VRTIĆ MAKSIMIR,Gradski DV,Maksimir,Jaslice,1 do 2 godine,Posebni,0
2026-10-01,DJEČJI VRTIĆ MAKSIMIR,Gradski DV,Maksimir,Jaslice,2 do 3 godine,Redoviti,0
2026-10-01,DJEČJI VRTIĆ MAKSIMIR,Gradski DV,Maksimir,Jaslice,2 do 3 godine,Posebni,0
2026-10-01,DJEČJI VRTIĆ MAKSIMIR,Gradski DV,Maksimir,Jaslice,1 do 3 godine mješovita,Redoviti,0
2026-10-01,DJEČJI VRTIĆ MAKSIMIR,Gradski DV,Maksimir,Jaslice,1 do 3 godine mješovita,Posebni,0
2026-10-01,DJEČJI VRTIĆ MAKSIMIR,Gradski DV,Maksimir,Vrtić,3 do 4 godine,Redoviti,0
2026-10-01,DJEČJI VRTIĆ MAKSIMIR,Gradski DV,Maksimir,Vrtić,3 do 4 godine,Posebni,0
2026-10-01,DJEČJI VRTIĆ MAKSIMIR,Gradski DV,Maksimir,Vrtić,4 do 5 godina,Redoviti,0
2026-10-01,DJEČJI VRTIĆ MAKSIMIR,Gradski DV,Maksimir,Vrtić,4 do 5 godina,Posebni,0
2026-10-01,DJEČJI VRTIĆ MAKSIMIR,Gradski DV,Maksimir,Vrtić,5 godina do OŠ,Redoviti,0
2026-10-01,DJEČJI VRTIĆ MAKSIMIR,Gradski DV,Maksimir,Vrtić,5 godina do OŠ,Posebni,0
2026-10-01,DJEČJI VRTIĆ MAKSIMIR,Gradski DV,Maksimir,Vrtić,3 godine do OŠ mješovita,Redoviti,0
2026-10-01,DJEČJI VRTIĆ MAKSIMIR,Gradski DV,Maksimir,Vrtić,3 godine do OŠ mješovita,Posebni,0
2026-10-01,DJEČJI VRTIĆ MALEŠNICA,Gradski DV,Stenjevec,Jaslice,1 do 2 godine,Redoviti,0
2026-10-01,DJEČJI VRTIĆ MALEŠNICA,Gradski DV,Stenjevec,Jaslice,1 do 2 godine,Posebni,0
2026-10-01,DJEČJI VRTIĆ MALEŠNICA,Gradski DV,Stenjevec,Jaslice,2 do 3 godine,Redoviti,0
2026-10-01,DJEČJI VRTIĆ MALEŠNICA,Gradski DV,Stenjevec,Jaslice,2 do 3 godine,Posebni,0
2026-10-01,DJEČJI VRTIĆ MALEŠNICA,Gradski DV,Stenjevec,Jaslice,1 do 3 godine mješovita,Redoviti,0
2026-10-01,DJEČJI VRTIĆ MALEŠNICA,Gradski DV,Stenjevec,Jaslice,1 do 3 godine mješovita,Posebni,0
2026-10-01,DJEČJI VRTIĆ MALEŠNICA,Gradski DV,Stenjevec,Vrtić,3 do 4 godine,Redoviti,0
2026-10-01,DJEČJI VRTIĆ MALEŠNICA,Gradski DV,Stenjevec,Vrtić,3 do 4 godine,Posebni,0
2026-10-01,DJEČJI VRTIĆ MALEŠNICA,Gradski DV,Stenjevec,Vrtić,4 do 5 godina,Redoviti,0
2026-10-01,DJEČJI VRTIĆ MALEŠNICA,Gradski DV,Stenjevec,Vrtić,4 do 5 godina,Posebni,0
2026-10-01,DJEČJI VRTIĆ MALEŠNICA,Gradski DV,Stenjevec,Vrtić,5 godina do OŠ,Redoviti,2
2026-10-01,DJEČJI VRTIĆ MALEŠNICA,Gradski DV,Stenjevec,Vrtić,5 godina do OŠ,Posebni,0
2026-10-01,DJEČJI VRTIĆ MALEŠNICA,Gradski DV,Stenjevec,Vrtić,3 godine do OŠ mješovita,Redoviti,0
2026-10-01,DJEČJI VRTIĆ MALEŠNICA,Gradski DV,Stenjevec,Vrtić,3 godine do OŠ mješovita,Posebni,9
2026-10-01,DJEČJI VRTIĆ MALI PRINC,Gradski DV,Maksimir,Jaslice,1 do 2 godine,Redoviti,0
2026-10-01,DJEČJI VRTIĆ MALI PRINC,Gradski DV,Maksimir,Jaslice,1 do 2 godine,Posebni,0
2026-10-01,DJEČJI VRTIĆ MALI PRINC,Gradski DV,Maksimir,Jaslice,2 do 3 godine,Redoviti,0
2026-10-01,DJEČJI VRTIĆ MALI PRINC,Gradski DV,Maksimir,Jaslice,2 do 3 godine,Posebni,0
2026-10-01,DJEČJI VRTIĆ MALI PRINC,Gradski DV,Maksimir,Jaslice,1 do 3 godine mješovita,Redoviti,0
2026-10-01,DJEČJI VRTIĆ MALI PRINC,Gradski DV,Maksimir,Jaslice,1 do 3 godine mješovita,Posebni,0
2026-10-01,DJEČJI VRTIĆ MALI PRINC,Gradski DV,Maksimir,Vrtić,3 do 4 godine,Redoviti,0
2026-10-01,DJEČJI VRTIĆ MALI PRINC,Gradski DV,Maksimir,Vrtić,3 do 4 godine,Posebni,0
2026-10-01,DJEČJI VRTIĆ MALI PRINC,Gradski DV,Maksimir,Vrtić,4 do 5 godina,Redoviti,0
2026-10-01,DJEČJI VRTIĆ MALI PRINC,Gradski DV,Maksimir,Vrtić,4 do 5 godina,Posebni,0
2026-10-01,DJEČJI VRTIĆ MALI PRINC,Gradski DV,Maksimir,Vrtić,5 godina do OŠ,Redoviti,0
2026-10-01,DJEČJI VRTIĆ MALI PRINC,Gradski DV,Maksimir,Vrtić,5 godina do OŠ,Posebni,0
2026-10-01,DJEČJI VRTIĆ MALI PRINC,Gradski DV,Maksimir,Vrtić,3 godine do OŠ mješovita,Redoviti,0
2026-10-01,DJEČJI VRTIĆ MALI PRINC,Gradski DV,Maksimir,Vrtić,3 godine do OŠ mješovita,Posebni,4
2026-10-01,DJEČJI VRTIĆ MARKUŠEVEC,Gradski DV,Sesvete,Jaslice,1 do 2 godine,Redoviti,0
2026-10-01,DJEČJI VRTIĆ MARKUŠEVEC,Gradski DV,Sesvete,Jaslice,1 do 2 godine,Posebni,0
2026-10-01,DJEČJI VRTIĆ MARKUŠEVEC,Gradski DV,Sesvete,Jaslice,2 do 3 godine,Redoviti,0
2026-10-01,DJEČJI VRTIĆ MARKUŠEVEC,Gradski DV,Sesvete,Jaslice,2 do 3 godine,Posebni,0
2026-10-01,DJEČJI VRTIĆ MARKUŠEVEC,Gradski DV,Sesvete,Jaslice,1 do 3 godine mješovita,Redoviti,0
2026-10-01,DJEČJI VRTIĆ MARKUŠEVEC,Gradski DV,Sesvete,Jaslice,1 do 3 godine mješovita,Posebni,0
2026-10-01,DJEČJI VRTIĆ MARKUŠEVEC,Gradski DV,Sesvete,Vrtić,3 do 4 godine,Redoviti,2
2026-10-01,DJEČJI VRTIĆ MARKUŠEVEC,Gradski DV,Sesvete,Vrtić,3 do 4 godine,Posebni,1
2026-10-01,DJEČJI VRTIĆ MARKUŠEVEC,Gradski DV,Sesvete,Vrtić,4 do 5 godina,Redoviti,5
2026-10-01,DJEČJI VRTIĆ MARKUŠEVEC,Gradski DV,Sesvete,Vrtić,4 do 5 godina,Posebni,2
2026-10-01,DJEČJI VRTIĆ MARKUŠEVEC,Gradski DV,Sesvete,Vrtić,5 godina do OŠ,Redoviti,5
2026-10-01,DJEČJI VRTIĆ MARKUŠEVEC,Gradski DV,Sesvete,Vrtić,5 godina do OŠ,Posebni,0
2026-10-01,DJEČJI VRTIĆ MARKUŠEVEC,Gradski DV,Sesvete,Vrtić,3 godine do OŠ mješovita,Redoviti,0
2026-10-01,DJEČJI VRTIĆ MARKUŠEVEC,Gradski DV,Sesvete,Vrtić,3 godine do OŠ mješovita,Posebni,2
2026-10-01,DJEČJI VRTIĆ MATIJE GUPCA,Gradski DV,Trešnjevka - jug,Jaslice,1 do 2 godine,Redoviti,0
2026-10-01,DJEČJI VRTIĆ MATIJE GUPCA,Gradski DV,Trešnjevka - jug,Jaslice,1 do 2 godine,Posebni,0
2026-10-01,DJEČJI VRTIĆ MATIJE GUPCA,Gradski DV,Trešnjevka - jug,Jaslice,2 do 3 godine,Redoviti,0
2026-10-01,DJEČJI VRTIĆ MATIJE GUPCA,Gradski DV,Trešnjevka - jug,Jaslice,2 do 3 godine,Posebni,0
2026-10-01,DJEČJI VRTIĆ MATIJE GUPCA,Gradski DV,Trešnjevka - jug,Jaslice,1 do 3 godine mješovita,Redoviti,4
2026-10-01,DJEČJI VRTIĆ MATIJE GUPCA,Gradski DV,Trešnjevka - jug,Jaslice,1 do 3 godine mješovita,Posebni,1
2026-10-01,DJEČJI VRTIĆ MATIJE GUPCA,Gradski DV,Trešnjevka - jug,Vrtić,3 do 4 godine,Redoviti,0
2026-10-01,DJEČJI VRTIĆ MATIJE GUPCA,Gradski DV,Trešnjevka - jug,Vrtić,3 do 4 godine,Posebni,0
2026-10-01,DJEČJI VRTIĆ MATIJE GUPCA,Gradski DV,Trešnjevka - jug,Vrtić,4 do 5 godina,Redoviti,0
2026-10-01,DJEČJI VRTIĆ MATIJE GUPCA,Gradski DV,Trešnjevka - jug,Vrtić,4 do 5 godina,Posebni,0
2026-10-01,DJEČJI VRTIĆ MATIJE GUPCA,Gradski DV,Trešnjevka - jug,Vrtić,5 godina do OŠ,Redoviti,0
2026-10-01,DJEČJI VRTIĆ MATIJE GUPCA,Gradski DV,Trešnjevka - jug,Vrtić,5 godina do OŠ,Posebni,0
2026-10-01,DJEČJI VRTIĆ MATIJE GUPCA,Gradski DV,Trešnjevka - jug,Vrtić,3 godine do OŠ mješovita,Redoviti,1
2026-10-01,DJEČJI VRTIĆ MATIJE GUPCA,Gradski DV,Trešnjevka - jug,Vrtić,3 godine do OŠ mješovita,Posebni,4
2026-10-01,DJEČJI VRTIĆ MEDO BRUNDO,Gradski DV,Gornja Dubrava,Jaslice,1 do 2 godine,Redoviti,0
2026-10-01,DJEČJI VRTIĆ MEDO BRUNDO,Gradski DV,Gornja Dubrava,Jaslice,1 do 2 godine,Posebni,0
2026-10-01,DJEČJI VRTIĆ MEDO BRUNDO,Gradski DV,Gornja Dubrava,Jaslice,2 do 3 godine,Redoviti,0
2026-10-01,DJEČJI VRTIĆ MEDO BRUNDO,Gradski DV,Gornja Dubrava,Jaslice,2 do 3 godine,Posebni,0
2026-10-01,DJEČJI VRTIĆ MEDO BRUNDO,Gradski DV,Gornja Dubrava,Jaslice,1 do 3 godine mješovita,Redoviti,0
2026-10-01,DJEČJI VRTIĆ MEDO BRUNDO,Gradski DV,Gornja Dubrava,Jaslice,1 do 3 godine mješovita,Posebni,0
2026-10-01,DJEČJI VRTIĆ MEDO BRUNDO,Gradski DV,Gornja Dubrava,Vrtić,3 do 4 godine,Redoviti,0
2026-10-01,DJEČJI VRTIĆ MEDO BRUNDO,Gradski DV,Gornja Dubrava,Vrtić,3 do 4 godine,Posebni,0
2026-10-01,DJEČJI VRTIĆ MEDO BRUNDO,Gradski DV,Gornja Dubrava,Vrtić,4 do 5 godina,Redoviti,0
2026-10-01,DJEČJI VRTIĆ MEDO BRUNDO,Gradski DV,Gornja Dubrava,Vrtić,4 do 5 godina,Posebni,0
2026-10-01,DJEČJI VRTIĆ MEDO BRUNDO,Gradski DV,Gornja Dubrava,Vrtić,5 godina do OŠ,Redoviti,0
2026-10-01,DJEČJI VRTIĆ MEDO BRUNDO,Gradski DV,Gornja Dubrava,Vrtić,5 godina do OŠ,Posebni,0
2026-10-01,DJEČJI VRTIĆ MEDO BRUNDO,Gradski DV,Gornja Dubrava,Vrtić,3 godine do OŠ mješovita,Redoviti,0
2026-10-01,DJEČJI VRTIĆ MEDO BRUNDO,Gradski DV,Gornja Dubrava,Vrtić,3 godine do OŠ mješovita,Posebni,0
2026-10-01,DJEČJI VRTIĆ MEDVEŠČAK,Gradski DV,Gornji grad - Medveščak,Jaslice,1 do 2 godine,Redoviti,0
2026-10-01,DJEČJI VRTIĆ MEDVEŠČAK,Gradski DV,Gornji grad - Medveščak,Jaslice,1 do 2 godine,Posebni,0
2026-10-01,DJEČJI VRTIĆ MEDVEŠČAK,Gradski DV,Gornji grad - Medveščak,Jaslice,2 do 3 godine,Redoviti,1
2026-10-01,DJEČJI VRTIĆ MEDVEŠČAK,Gradski DV,Gornji grad - Medveščak,Jaslice,2 do 3 godine,Posebni,0
2026-10-01,DJEČJI VRTIĆ MEDVEŠČAK,Gradski DV,Gornji grad - Medveščak,Jaslice,1 do 3 godine mješovita,Redoviti,0
2026-10-01,DJEČJI VRTIĆ MEDVEŠČAK,Gradski DV,Gornji grad - Medveščak,Jaslice,1 do 3 godine mješovita,Posebni,0
2026-10-01,DJEČJI VRTIĆ MEDVEŠČAK,Gradski DV,Gornji grad - Medveščak,Vrtić,3 do 4 godine,Redoviti,0
2026-10-01,DJEČJI VRTIĆ MEDVEŠČAK,Gradski DV,Gornji grad - Medveščak,Vrtić,3 do 4 godine,Posebni,3
2026-10-01,DJEČJI VRTIĆ MEDVEŠČAK,Gradski DV,Gornji grad - Medveščak,Vrtić,4 do 5 godina,Redoviti,0
2026-10-01,DJEČJI VRTIĆ MEDVEŠČAK,Gradski DV,Gornji grad - Medveščak,Vrtić,4 do 5 godina,Posebni,0
2026-10-01,DJEČJI VRTIĆ MEDVEŠČAK,Gradski DV,Gornji grad - Medveščak,Vrtić,5 godina do OŠ,Redoviti,0
2026-10-01,DJEČJI VRTIĆ MEDVEŠČAK,Gradski DV,Gornji grad - Medveščak,Vrtić,5 godina do OŠ,Posebni,7
2026-10-01,DJEČJI VRTIĆ MEDVEŠČAK,Gradski DV,Gornji grad - Medveščak,Vrtić,3 godine do OŠ mješovita,Redoviti,0
2026-10-01,DJEČJI VRTIĆ MEDVEŠČAK,Gradski DV,Gornji grad - Medveščak,Vrtić,3 godine do OŠ mješovita,Posebni,1
2026-10-01,DJEČJI VRTIĆ MILANA SACHSA,Gradski DV,Peščenica - Žitnjak,Jaslice,1 do 2 godine,Redoviti,21
2026-10-01,DJEČJI VRTIĆ MILANA SACHSA,Gradski DV,Peščenica - Žitnjak,Jaslice,1 do 2 godine,Posebni,0
2026-10-01,DJEČJI VRTIĆ MILANA SACHSA,Gradski DV,Peščenica - Žitnjak,Jaslice,2 do 3 godine,Redoviti,2
2026-10-01,DJEČJI VRTIĆ MILANA SACHSA,Gradski DV,Peščenica - Žitnjak,Jaslice,2 do 3 godine,Posebni,0
2026-10-01,DJEČJI VRTIĆ MILANA SACHSA,Gradski DV,Peščenica - Žitnjak,Jaslice,1 do 3 godine mješovita,Redoviti,2
2026-10-01,DJEČJI VRTIĆ MILANA SACHSA,Gradski DV,Peščenica - Žitnjak,Jaslice,1 do 3 godine mješovita,Posebni,0
2026-10-01,DJEČJI VRTIĆ MILANA SACHSA,Gradski DV,Peščenica - Žitnjak,Vrtić,3 do 4 godine,Redoviti,10
2026-10-01,DJEČJI VRTIĆ MILANA SACHSA,Gradski DV,Peščenica - Žitnjak,Vrtić,3 do 4 godine,Posebni,2
2026-10-01,DJEČJI VRTIĆ MILANA SACHSA,Gradski DV,Peščenica - Žitnjak,Vrtić,4 do 5 godina,Redoviti,8
2026-10-01,DJEČJI VRTIĆ MILANA SACHSA,Gradski DV,Peščenica - Žitnjak,Vrtić,4 do 5 godina,Posebni,0
2026-10-01,DJEČJI VRTIĆ MILANA SACHSA,Gradski DV,Peščenica - Žitnjak,Vrtić,5 godina do OŠ,Redoviti,13
2026-10-01,DJEČJI VRTIĆ MILANA SACHSA,Gradski DV,Peščenica - Žitnjak,Vrtić,5 godina do OŠ,Posebni,0
2026-10-01,DJEČJI VRTIĆ MILANA SACHSA,Gradski DV,Peščenica - Žitnjak,Vrtić,3 godine do OŠ mješovita,Redoviti,4
2026-10-01,DJEČJI VRTIĆ MILANA SACHSA,Gradski DV,Peščenica - Žitnjak,Vrtić,3 godine do OŠ mješovita,Posebni,20
2026-10-01,DJEČJI VRTIĆ PČELICA,Gradski DV,Gornja Dubrava,Jaslice,1 do 2 godine,Redoviti,0
2026-10-01,DJEČJI VRTIĆ PČELICA,Gradski DV,Gornja Dubrava,Jaslice,1 do 2 godine,Posebni,0
2026-10-01,DJEČJI VRTIĆ PČELICA,Gradski DV,Gornja Dubrava,Jaslice,2 do 3 godine,Redoviti,0
2026-10-01,DJEČJI VRTIĆ PČELICA,Gradski DV,Gornja Dubrava,Jaslice,2 do 3 godine,Posebni,0
2026-10-01,DJEČJI VRTIĆ PČELICA,Gradski DV,Gornja Dubrava,Jaslice,1 do 3 godine mješovita,Redoviti,0
2026-10-01,DJEČJI VRTIĆ PČELICA,Gradski DV,Gornja Dubrava,Jaslice,1 do 3 godine mješovita,Posebni,0
2026-10-01,DJEČJI VRTIĆ PČELICA,Gradski DV,Gornja Dubrava,Vrtić,3 do 4 godine,Redoviti,0
2026-10-01,DJEČJI VRTIĆ PČELICA,Gradski DV,Gornja Dubrava,Vrtić,3 do 4 godine,Posebni,0
2026-10-01,DJEČJI VRTIĆ PČELICA,Gradski DV,Gornja Dubrava,Vrtić,4 do 5 godina,Redoviti,0
2026-10-01,DJEČJI VRTIĆ PČELICA,Gradski DV,Gornja Dubrava,Vrtić,4 do 5 godina,Posebni,0
2026-10-01,DJEČJI VRTIĆ PČELICA,Gradski DV,Gornja Dubrava,Vrtić,5 godina do OŠ,Redoviti,0
2026-10-01,DJEČJI VRTIĆ PČELICA,Gradski DV,Gornja Dubrava,Vrtić,5 godina do OŠ,Posebni,0
2026-10-01,DJEČJI VRTIĆ PČELICA,Gradski DV,Gornja Dubrava,Vrtić,3 godine do OŠ mješovita,Redoviti,0
2026-10-01,DJEČJI VRTIĆ PČELICA,Gradski DV,Gornja Dubrava,Vrtić,3 godine do OŠ mješovita,Posebni,0
2026-10-01,DJEČJI VRTIĆ PETAR PAN,Gradski DV,Črnomerec,Jaslice,1 do 2 godine,Redoviti,0
2026-10-01,DJEČJI VRTIĆ PETAR PAN,Gradski DV,Črnomerec,Jaslice,1 do 2 godine,Posebni,0
2026-10-01,DJEČJI VRTIĆ PETAR PAN,Gradski DV,Črnomerec,Jaslice,2 do 3 godine,Redoviti,0
2026-10-01,DJEČJI VRTIĆ PETAR PAN,Gradski DV,Črnomerec,Jaslice,2 do 3 godine,Posebni,0
2026-10-01,DJEČJI VRTIĆ PETAR PAN,Gradski DV,Črnomerec,Jaslice,1 do 3 godine mješovita,Redoviti,0
2026-10-01,DJEČJI VRTIĆ PETAR PAN,Gradski DV,Črnomerec,Jaslice,1 do 3 godine mješovita,Posebni,0
2026-10-01,DJEČJI VRTIĆ PETAR PAN,Gradski DV,Črnomerec,Vrtić,3 do 4 godine,Redoviti,1
2026-10-01,DJEČJI VRTIĆ PETAR PAN,Gradski DV,Črnomerec,Vrtić,3 do 4 godine,Posebni,0
2026-10-01,DJEČJI VRTIĆ PETAR PAN,Gradski DV,Črnomerec,Vrtić,4 do 5 godina,Redoviti,1
2026-10-01,DJEČJI VRTIĆ PETAR PAN,Gradski DV,Črnomerec,Vrtić,4 do 5 godina,Posebni,0
2026-10-01,DJEČJI VRTIĆ PETAR PAN,Gradski DV,Črnomerec,Vrtić,5 godina do OŠ,Redoviti,3
2026-10-01,DJEČJI VRTIĆ PETAR PAN,Gradski DV,Črnomerec,Vrtić,5 godina do OŠ,Posebni,0
2026-10-01,DJEČJI VRTIĆ PETAR PAN,Gradski DV,Črnomerec,Vrtić,3 godine do OŠ mješovita,Redoviti,6
2026-10-01,DJEČJI VRTIĆ PETAR PAN,Gradski DV,Črnomerec,Vrtić,3 godine do OŠ mješovita,Posebni,0
2026-10-01,DJEČJI VRTIĆ POLETARAC,Gradski DV,Gornja Dubrava,Jaslice,1 do 2 godine,Redoviti,0
2026-10-01,DJEČJI VRTIĆ POLETARAC,Gradski DV,Gornja Dubrava,Jaslice,1 do 2 godine,Posebni,0
2026-10-01,DJEČJI VRTIĆ POLETARAC,Gradski DV,Gornja Dubrava,Jaslice,2 do 3 godine,Redoviti,0
2026-10-01,DJEČJI VRTIĆ POLETARAC,Gradski DV,Gornja Dubrava,Jaslice,2 do 3 godine,Posebni,0
2026-10-01,DJEČJI VRTIĆ POLETARAC,Gradski DV,Gornja Dubrava,Jaslice,1 do 3 godine mješovita,Redoviti,0
2026-10-01,DJEČJI VRTIĆ POLETARAC,Gradski DV,Gornja Dubrava,Jaslice,1 do 3 godine mješovita,Posebni,0
2026-10-01,DJEČJI VRTIĆ POLETARAC,Gradski DV,Gornja Dubrava,Vrtić,3 do 4 godine,Redoviti,0
2026-10-01,DJEČJI VRTIĆ POLETARAC,Gradski DV,Gornja Dubrava,Vrtić,3 do 4 godine,Posebni,0
2026-10-01,DJEČJI VRTIĆ POLETARAC,Gradski DV,Gornja Dubrava,Vrtić,4 do 5 godina,Redoviti,0
2026-10-01,DJEČJI VRTIĆ POLETARAC,Gradski DV,Gornja Dubrava,Vrtić,4 do 5 godina,Posebni,0
2026-10-01,DJEČJI VRTIĆ POLETARAC,Gradski DV,Gornja Dubrava,Vrtić,5 godina do OŠ,Redoviti,0
2026-10-01,DJEČJI VRTIĆ POLETARAC,Gradski DV,Gornja Dubrava,Vrtić,5 godina do OŠ,Posebni,0
2026-10-01,DJEČJI VRTIĆ POLETARAC,Gradski DV,Gornja Dubrava,Vrtić,3 godine do OŠ mješovita,Redoviti,0
2026-10-01,DJEČJI VRTIĆ POLETARAC,Gradski DV,Gornja Dubrava,Vrtić,3 godine do OŠ mješovita,Posebni,0
2026-10-01,DJEČJI VRTIĆ POTOČNICA,Gradski DV,Trešnjevka - sjever,Jaslice,1 do 2 godine,Redoviti,0
2026-10-01,DJEČJI VRTIĆ POTOČNICA,Gradski DV,Trešnjevka - sjever,Jaslice,1 do 2 godine,Posebni,0
2026-10-01,DJEČJI VRTIĆ POTOČNICA,Gradski DV,Trešnjevka - sjever,Jaslice,2 do 3 godine,Redoviti,0
2026-10-01,DJEČJI VRTIĆ POTOČNICA,Gradski DV,Trešnjevka - sjever,Jaslice,2 do 3 godine,Posebni,0
2026-10-01,DJEČJI VRTIĆ POTOČNICA,Gradski DV,Trešnjevka - sjever,Jaslice,1 do 3 godine mješovita,Redoviti,0
2026-10-01,DJEČJI VRTIĆ POTOČNICA,Gradski DV,Trešnjevka - sjever,Jaslice,1 do 3 godine mješovita,Posebni,0
2026-10-01,DJEČJI VRTIĆ POTOČNICA,Gradski DV,Trešnjevka - sjever,Vrtić,3 do 4 godine,Redoviti,0
2026-10-01,DJEČJI VRTIĆ POTOČNICA,Gradski DV,Trešnjevka - sjever,Vrtić,3 do 4 godine,Posebni,6
2026-10-01,DJEČJI VRTIĆ POTOČNICA,Gradski DV,Trešnjevka - sjever,Vrtić,4 do 5 godina,Redoviti,0
2026-10-01,DJEČJI VRTIĆ POTOČNICA,Gradski DV,Trešnjevka - sjever,Vrtić,4 do 5 godina,Posebni,2
2026-10-01,DJEČJI VRTIĆ POTOČNICA,Gradski DV,Trešnjevka - sjever,Vrtić,5 godina do OŠ,Redoviti,0
2026-10-01,DJEČJI VRTIĆ POTOČNICA,Gradski DV,Trešnjevka - sjever,Vrtić,5 godina do OŠ,Posebni,0
2026-10-01,DJEČJI VRTIĆ POTOČNICA,Gradski DV,Trešnjevka - sjever,Vrtić,3 godine do OŠ mješovita,Redoviti,0
2026-10-01,DJEČJI VRTIĆ POTOČNICA,Gradski DV,Trešnjevka - sjever,Vrtić,3 godine do OŠ mješovita,Posebni,12
2026-10-01,DJEČJI VRTIĆ PREČKO,Gradski DV,Trešnjevka - jug,Jaslice,1 do 2 godine,Redoviti,0
2026-10-01,DJEČJI VRTIĆ PREČKO,Gradski DV,Trešnjevka - jug,Jaslice,1 do 2 godine,Posebni,0
2026-10-01,DJEČJI VRTIĆ PREČKO,Gradski DV,Trešnjevka - jug,Jaslice,2 do 3 godine,Redoviti,0
2026-10-01,DJEČJI VRTIĆ PREČKO,Gradski DV,Trešnjevka - jug,Jaslice,2 do 3 godine,Posebni,0
2026-10-01,DJEČJI VRTIĆ PREČKO,Gradski DV,Trešnjevka - jug,Jaslice,1 do 3 godine mješovita,Redoviti,0
2026-10-01,DJEČJI VRTIĆ PREČKO,Gradski DV,Trešnjevka - jug,Jaslice,1 do 3 godine mješovita,Posebni,0
2026-10-01,DJEČJI VRTIĆ PREČKO,Gradski DV,Trešnjevka - jug,Vrtić,3 do 4 godine,Redoviti,0
2026-10-01,DJEČJI VRTIĆ PREČKO,Gradski DV,Trešnjevka - jug,Vrtić,3 do 4 godine,Posebni,0
2026-10-01,DJEČJI VRTIĆ PREČKO,Gradski DV,Trešnjevka - jug,Vrtić,4 do 5 godina,Redoviti,0
2026-10-01,DJEČJI VRTIĆ PREČKO,Gradski DV,Trešnjevka - jug,Vrtić,4 do 5 godina,Posebni,0
2026-10-01,DJEČJI VRTIĆ PREČKO,Gradski DV,Trešnjevka - jug,Vrtić,5 godina do OŠ,Redoviti,0
2026-10-01,DJEČJI VRTIĆ PREČKO,Gradski DV,Trešnjevka - jug,Vrtić,5 godina do OŠ,Posebni,0
2026-10-01,DJEČJI VRTIĆ PREČKO,Gradski DV,Trešnjevka - jug,Vrtić,3 godine do OŠ mješovita,Redoviti,0
2026-10-01,DJEČJI VRTIĆ PREČKO,Gradski DV,Trešnjevka - jug,Vrtić,3 godine do OŠ mješovita,Posebni,0
2026-10-01,DJEČJI VRTIĆ RADOST,Gradski DV,Gornja Dubrava,Jaslice,1 do 2 godine,Redoviti,0
2026-10-01,DJEČJI VRTIĆ RADOST,Gradski DV,Gornja Dubrava,Jaslice,1 do 2 godine,Posebni,0
2026-10-01,DJEČJI VRTIĆ RADOST,Gradski DV,Gornja Dubrava,Jaslice,2 do 3 godine,Redoviti,1
2026-10-01,DJEČJI VRTIĆ RADOST,Gradski DV,Gornja Dubrava,Jaslice,2 do 3 godine,Posebni,0
2026-10-01,DJEČJI VRTIĆ RADOST,Gradski DV,Gornja Dubrava,Jaslice,1 do 3 godine mješovita,Redoviti,0
2026-10-01,DJEČJI VRTIĆ RADOST,Gradski DV,Gornja Dubrava,Jaslice,1 do 3 godine mješovita,Posebni,0
2026-10-01,DJEČJI VRTIĆ RADOST,Gradski DV,Gornja Dubrava,Vrtić,3 do 4 godine,Redoviti,0
2026-10-01,DJEČJI VRTIĆ RADOST,Gradski DV,Gornja Dubrava,Vrtić,3 do 4 godine,Posebni,0
2026-10-01,DJEČJI VRTIĆ RADOST,Gradski DV,Gornja Dubrava,Vrtić,4 do 5 godina,Redoviti,2
2026-10-01,DJEČJI VRTIĆ RADOST,Gradski DV,Gornja Dubrava,Vrtić,4 do 5 godina,Posebni,0
2026-10-01,DJEČJI VRTIĆ RADOST,Gradski DV,Gornja Dubrava,Vrtić,5 godina do OŠ,Redoviti,0
2026-10-01,DJEČJI VRTIĆ RADOST,Gradski DV,Gornja Dubrava,Vrtić,5 godina do OŠ,Posebni,2
2026-10-01,DJEČJI VRTIĆ RADOST,Gradski DV,Gornja Dubrava,Vrtić,3 godine do OŠ mješovita,Redoviti,0
2026-10-01,DJEČJI VRTIĆ RADOST,Gradski DV,Gornja Dubrava,Vrtić,3 godine do OŠ mješovita,Posebni,0
2026-10-01,DJEČJI VRTIĆ RAZLIČAK,Gradski DV,Donji grad,Jaslice,1 do 2 godine,Redoviti,0
2026-10-01,DJEČJI VRTIĆ RAZLIČAK,Gradski DV,Donji grad,Jaslice,1 do 2 godine,Posebni,0
2026-10-01,DJEČJI VRTIĆ RAZLIČAK,Gradski DV,Donji grad,Jaslice,2 do 3 godine,Redoviti,0
2026-10-01,DJEČJI VRTIĆ RAZLIČAK,Gradski DV,Donji grad,Jaslice,2 do 3 godine,Posebni,0
2026-10-01,DJEČJI VRTIĆ RAZLIČAK,Gradski DV,Donji grad,Jaslice,1 do 3 godine mješovita,Redoviti,1
2026-10-01,DJEČJI VRTIĆ RAZLIČAK,Gradski DV,Donji grad,Jaslice,1 do 3 godine mješovita,Posebni,1
2026-10-01,DJEČJI VRTIĆ RAZLIČAK,Gradski DV,Donji grad,Vrtić,3 do 4 godine,Redoviti,2
2026-10-01,DJEČJI VRTIĆ RAZLIČAK,Gradski DV,Donji grad,Vrtić,3 do 4 godine,Posebni,0
2026-10-01,DJEČJI VRTIĆ RAZLIČAK,Gradski DV,Donji grad,Vrtić,4 do 5 godina,Redoviti,5
2026-10-01,DJEČJI VRTIĆ RAZLIČAK,Gradski DV,Donji grad,Vrtić,4 do 5 godina,Posebni,0
2026-10-01,DJEČJI VRTIĆ RAZLIČAK,Gradski DV,Donji grad,Vrtić,5 godina do OŠ,Redoviti,0
2026-10-01,DJEČJI VRTIĆ RAZLIČAK,Gradski DV,Donji grad,Vrtić,5 godina do OŠ,Posebni,0
2026-10-01,DJEČJI VRTIĆ RAZLIČAK,Gradski DV,Donji grad,Vrtić,3 godine do OŠ mješovita,Redoviti,0
2026-10-01,DJEČJI VRTIĆ RAZLIČAK,Gradski DV,Donji grad,Vrtić,3 godine do OŠ mješovita,Posebni,0
2026-10-01,DJEČJI VRTIĆ REMETINEC,Gradski DV,Novi Zagreb - zapad,Jaslice,1 do 2 godine,Redoviti,0
2026-10-01,DJEČJI VRTIĆ REMETINEC,Gradski DV,Novi Zagreb - zapad,Jaslice,1 do 2 godine,Posebni,0
2026-10-01,DJEČJI VRTIĆ REMETINEC,Gradski DV,Novi Zagreb - zapad,Jaslice,2 do 3 godine,Redoviti,0
2026-10-01,DJEČJI VRTIĆ REMETINEC,Gradski DV,Novi Zagreb - zapad,Jaslice,2 do 3 godine,Posebni,0
2026-10-01,DJEČJI VRTIĆ REMETINEC,Gradski DV,Novi Zagreb - zapad,Jaslice,1 do 3 godine mješovita,Redoviti,0
2026-10-01,DJEČJI VRTIĆ REMETINEC,Gradski DV,Novi Zagreb - zapad,Jaslice,1 do 3 godine mješovita,Posebni,0
2026-10-01,DJEČJI VRTIĆ REMETINEC,Gradski DV,Novi Zagreb - zapad,Vrtić,3 do 4 godine,Redoviti,0
2026-10-01,DJEČJI VRTIĆ REMETINEC,Gradski DV,Novi Zagreb - zapad,Vrtić,3 do 4 godine,Posebni,0
2026-10-01,DJEČJI VRTIĆ REMETINEC,Gradski DV,Novi Zagreb - zapad,Vrtić,4 do 5 godina,Redoviti,0
2026-10-01,DJEČJI VRTIĆ REMETINEC,Gradski DV,Novi Zagreb - zapad,Vrtić,4 do 5 godina,Posebni,0
2026-10-01,DJEČJI VRTIĆ REMETINEC,Gradski DV,Novi Zagreb - zapad,Vrtić,5 godina do OŠ,Redoviti,0
2026-10-01,DJEČJI VRTIĆ REMETINEC,Gradski DV,Novi Zagreb - zapad,Vrtić,5 godina do OŠ,Posebni,0
2026-10-01,DJEČJI VRTIĆ REMETINEC,Gradski DV,Novi Zagreb - zapad,Vrtić,3 godine do OŠ mješovita,Redoviti,0
2026-10-01,DJEČJI VRTIĆ REMETINEC,Gradski DV,Novi Zagreb - zapad,Vrtić,3 godine do OŠ mješovita,Posebni,0
2026-10-01,DJEČJI VRTIĆ SAVICA,Gradski DV,Trnje,Jaslice,1 do 2 godine,Redoviti,0
2026-10-01,DJEČJI VRTIĆ SAVICA,Gradski DV,Trnje,Jaslice,1 do 2 godine,Posebni,0
2026-10-01,DJEČJI VRTIĆ SAVICA,Gradski DV,Trnje,Jaslice,2 do 3 godine,Redoviti,0
2026-10-01,DJEČJI VRTIĆ SAVICA,Gradski DV,Trnje,Jaslice,2 do 3 godine,Posebni,0
2026-10-01,DJEČJI VRTIĆ SAVICA,Gradski DV,Trnje,Jaslice,1 do 3 godine mješovita,Redoviti,0
2026-10-01,DJEČJI VRTIĆ SAVICA,Gradski DV,Trnje,Jaslice,1 do 3 godine mješovita,Posebni,0
2026-10-01,DJEČJI VRTIĆ SAVICA,Gradski DV,Trnje,Vrtić,3 do 4 godine,Redoviti,0
2026-10-01,DJEČJI VRTIĆ SAVICA,Gradski DV,Trnje,Vrtić,3 do 4 godine,Posebni,0
2026-10-01,DJEČJI VRTIĆ SAVICA,Gradski DV,Trnje,Vrtić,4 do 5 godina,Redoviti,0
2026-10-01,DJEČJI VRTIĆ SAVICA,Gradski DV,Trnje,Vrtić,4 do 5 godina,Posebni,0
2026-10-01,DJEČJI VRTIĆ SAVICA,Gradski DV,Trnje,Vrtić,5 godina do OŠ,Redoviti,0
2026-10-01,DJEČJI VRTIĆ SAVICA,Gradski DV,Trnje,Vrtić,5 godina do OŠ,Posebni,0
2026-10-01,DJEČJI VRTIĆ SAVICA,Gradski DV,Trnje,Vrtić,3 godine do OŠ mješovita,Redoviti,0
2026-10-01,DJEČJI VRTIĆ SAVICA,Gradski DV,Trnje,Vrtić,3 godine do OŠ mješovita,Posebni,0
2026-10-01,DJEČJI VRTIĆ SESVETE,Gradski DV,Sesvete,Jaslice,1 do 2 godine,Redoviti,0
2026-10-01,DJEČJI VRTIĆ SESVETE,Gradski DV,Sesvete,Jaslice,1 do 2 godine,Posebni,0
2026-10-01,DJEČJI VRTIĆ SESVETE,Gradski DV,Sesvete,Jaslice,2 do 3 godine,Redoviti,0
2026-10-01,DJEČJI VRTIĆ SESVETE,Gradski DV,Sesvete,Jaslice,2 do 3 godine,Posebni,0
2026-10-01,DJEČJI VRTIĆ SESVETE,Gradski DV,Sesvete,Jaslice,1 do 3 godine mješovita,Redoviti,0
2026-10-01,DJEČJI VRTIĆ SESVETE,Gradski DV,Sesvete,Jaslice,1 do 3 godine mješovita,Posebni,0
2026-10-01,DJEČJI VRTIĆ SESVETE,Gradski DV,Sesvete,Vrtić,3 do 4 godine,Redoviti,0
2026-10-01,DJEČJI VRTIĆ SESVETE,Gradski DV,Sesvete,Vrtić,3 do 4 godine,Posebni,0
2026-10-01,DJEČJI VRTIĆ SESVETE,Gradski DV,Sesvete,Vrtić,4 do 5 godina,Redoviti,0
2026-10-01,DJEČJI VRTIĆ SESVETE,Gradski DV,Sesvete,Vrtić,4 do 5 godina,Posebni,0
2026-10-01,DJEČJI VRTIĆ SESVETE,Gradski DV,Sesvete,Vrtić,5 godina do OŠ,Redoviti,0
2026-10-01,DJEČJI VRTIĆ SESVETE,Gradski DV,Sesvete,Vrtić,5 godina do OŠ,Posebni,0
2026-10-01,DJEČJI VRTIĆ SESVETE,Gradski DV,Sesvete,Vrtić,3 godine do OŠ mješovita,Redoviti,0
2026-10-01,DJEČJI VRTIĆ SESVETE,Gradski DV,Sesvete,Vrtić,3 godine do OŠ mješovita,Posebni,0
2026-10-01,DJEČJI VRTIĆ SESVETSKI KRALJEVEC,Gradski DV,Sesvete,Jaslice,1 do 2 godine,Redoviti,0
2026-10-01,DJEČJI VRTIĆ SESVETSKI KRALJEVEC,Gradski DV,Sesvete,Jaslice,1 do 2 godine,Posebni,0
2026-10-01,DJEČJI VRTIĆ SESVETSKI KRALJEVEC,Gradski DV,Sesvete,Jaslice,2 do 3 godine,Redoviti,0
2026-10-01,DJEČJI VRTIĆ SESVETSKI KRALJEVEC,Gradski DV,Sesvete,Jaslice,2 do 3 godine,Posebni,0
2026-10-01,DJEČJI VRTIĆ SESVETSKI KRALJEVEC,Gradski DV,Sesvete,Jaslice,1 do 3 godine mješovita,Redoviti,0
2026-10-01,DJEČJI VRTIĆ SESVETSKI KRALJEVEC,Gradski DV,Sesvete,Jaslice,1 do 3 godine mješovita,Posebni,0
2026-10-01,DJEČJI VRTIĆ SESVETSKI KRALJEVEC,Gradski DV,Sesvete,Vrtić,3 do 4 godine,Redoviti,0
2026-10-01,DJEČJI VRTIĆ SESVETSKI KRALJEVEC,Gradski DV,Sesvete,Vrtić,3 do 4 godine,Posebni,0
2026-10-01,DJEČJI VRTIĆ SESVETSKI KRALJEVEC,Gradski DV,Sesvete,Vrtić,4 do 5 godina,Redoviti,0
2026-10-01,DJEČJI VRTIĆ SESVETSKI KRALJEVEC,Gradski DV,Sesvete,Vrtić,4 do 5 godina,Posebni,0
2026-10-01,DJEČJI VRTIĆ SESVETSKI KRALJEVEC,Gradski DV,Sesvete,Vrtić,5 godina do OŠ,Redoviti,0
2026-10-01,DJEČJI VRTIĆ SESVETSKI KRALJEVEC,Gradski DV,Sesvete,Vrtić,5 godina do OŠ,Posebni,0
2026-10-01,DJEČJI VRTIĆ SESVETSKI KRALJEVEC,Gradski DV,Sesvete,Vrtić,3 godine do OŠ mješovita,Redoviti,0
2026-10-01,DJEČJI VRTIĆ SESVETSKI KRALJEVEC,Gradski DV,Sesvete,Vrtić,3 godine do OŠ mješovita,Posebni,0
2026-10-01,DJEČJI VRTIĆ SIGET,Gradski DV,Novi Zagreb - zapad,Jaslice,1 do 2 godine,Redoviti,0
2026-10-01,DJEČJI VRTIĆ SIGET,Gradski DV,Novi Zagreb - zapad,Jaslice,1 do 2 godine,Posebni,0
2026-10-01,DJEČJI VRTIĆ SIGET,Gradski DV,Novi Zagreb - zapad,Jaslice,2 do 3 godine,Redoviti,0
2026-10-01,DJEČJI VRTIĆ SIGET,Gradski DV,Novi Zagreb - zapad,Jaslice,2 do 3 godine,Posebni,0
2026-10-01,DJEČJI VRTIĆ SIGET,Gradski DV,Novi Zagreb - zapad,Jaslice,1 do 3 godine mješovita,Redoviti,0
2026-10-01,DJEČJI VRTIĆ SIGET,Gradski DV,Novi Zagreb - zapad,Jaslice,1 do 3 godine mješovita,Posebni,0
2026-10-01,DJEČJI VRTIĆ SIGET,Gradski DV,Novi Zagreb - zapad,Vrtić,3 do 4 godine,Redoviti,0
2026-10-01,DJEČJI VRTIĆ SIGET,Gradski DV,Novi Zagreb - zapad,Vrtić,3 do 4 godine,Posebni,0
2026-10-01,DJEČJI VRTIĆ SIGET,Gradski DV,Novi Zagreb - zapad,Vrtić,4 do 5 godina,Redoviti,2
2026-10-01,DJEČJI VRTIĆ SIGET,Gradski DV,Novi Zagreb - zapad,Vrtić,4 do 5 godina,Posebni,0
2026-10-01,DJEČJI VRTIĆ SIGET,Gradski DV,Novi Zagreb - zapad,Vrtić,5 godina do OŠ,Redoviti,3
2026-10-01,DJEČJI VRTIĆ SIGET,Gradski DV,Novi Zagreb - zapad,Vrtić,5 godina do OŠ,Posebni,3
2026-10-01,DJEČJI VRTIĆ SIGET,Gradski DV,Novi Zagreb - zapad,Vrtić,3 godine do OŠ mješovita,Redoviti,0
2026-10-01,DJEČJI VRTIĆ SIGET,Gradski DV,Novi Zagreb - zapad,Vrtić,3 godine do OŠ mješovita,Posebni,0
2026-10-01,DJEČJI VRTIĆ SOPOT,Gradski DV,Novi Zagreb - istok,Jaslice,1 do 2 godine,Redoviti,0
2026-10-01,DJEČJI VRTIĆ SOPOT,Gradski DV,Novi Zagreb - istok,Jaslice,1 do 2 godine,Posebni,0
2026-10-01,DJEČJI VRTIĆ SOPOT,Gradski DV,Novi Zagreb - istok,Jaslice,2 do 3 godine,Redoviti,0
2026-10-01,DJEČJI VRTIĆ SOPOT,Gradski DV,Novi Zagreb - istok,Jaslice,2 do 3 godine,Posebni,0
2026-10-01,DJEČJI VRTIĆ SOPOT,Gradski DV,Novi Zagreb - istok,Jaslice,1 do 3 godine mješovita,Redoviti,0
2026-10-01,DJEČJI VRTIĆ SOPOT,Gradski DV,Novi Zagreb - istok,Jaslice,1 do 3 godine mješovita,Posebni,0
2026-10-01,DJEČJI VRTIĆ SOPOT,Gradski DV,Novi Zagreb - istok,Vrtić,3 do 4 godine,Redoviti,0
2026-10-01,DJEČJI VRTIĆ SOPOT,Gradski DV,Novi Zagreb - istok,Vrtić,3 do 4 godine,Posebni,0
2026-10-01,DJEČJI VRTIĆ SOPOT,Gradski DV,Novi Zagreb - istok,Vrtić,4 do 5 godina,Redoviti,0
2026-10-01,DJEČJI VRTIĆ SOPOT,Gradski DV,Novi Zagreb - istok,Vrtić,4 do 5 godina,Posebni,0
2026-10-01,DJEČJI VRTIĆ SOPOT,Gradski DV,Novi Zagreb - istok,Vrtić,5 godina do OŠ,Redoviti,0
2026-10-01,DJEČJI VRTIĆ SOPOT,Gradski DV,Novi Zagreb - istok,Vrtić,5 godina do OŠ,Posebni,0
2026-10-01,DJEČJI VRTIĆ SOPOT,Gradski DV,Novi Zagreb - istok,Vrtić,3 godine do OŠ mješovita,Redoviti,0
2026-10-01,DJEČJI VRTIĆ SOPOT,Gradski DV,Novi Zagreb - istok,Vrtić,3 godine do OŠ mješovita,Posebni,0
2026-10-01,DJEČJI VRTIĆ SREDNJACI,Gradski DV,Trešnjevka - jug,Jaslice,1 do 2 godine,Redoviti,0
2026-10-01,DJEČJI VRTIĆ SREDNJACI,Gradski DV,Trešnjevka - jug,Jaslice,1 do 2 godine,Posebni,0
2026-10-01,DJEČJI VRTIĆ SREDNJACI,Gradski DV,Trešnjevka - jug,Jaslice,2 do 3 godine,Redoviti,0
2026-10-01,DJEČJI VRTIĆ SREDNJACI,Gradski DV,Trešnjevka - jug,Jaslice,2 do 3 godine,Posebni,0
2026-10-01,DJEČJI VRTIĆ SREDNJACI,Gradski DV,Trešnjevka - jug,Jaslice,1 do 3 godine mješovita,Redoviti,0
2026-10-01,DJEČJI VRTIĆ SREDNJACI,Gradski DV,Trešnjevka - jug,Jaslice,1 do 3 godine mješovita,Posebni,0
2026-10-01,DJEČJI VRTIĆ SREDNJACI,Gradski DV,Trešnjevka - jug,Vrtić,3 do 4 godine,Redoviti,0
2026-10-01,DJEČJI VRTIĆ SREDNJACI,Gradski DV,Trešnjevka - jug,Vrtić,3 do 4 godine,Posebni,0
2026-10-01,DJEČJI VRTIĆ SREDNJACI,Gradski DV,Trešnjevka - jug,Vrtić,4 do 5 godina,Redoviti,0
2026-10-01,DJEČJI VRTIĆ SREDNJACI,Gradski DV,Trešnjevka - jug,Vrtić,4 do 5 godina,Posebni,0
2026-10-01,DJEČJI VRTIĆ SREDNJACI,Gradski DV,Trešnjevka - jug,Vrtić,5 godina do OŠ,Redoviti,3
2026-10-01,DJEČJI VRTIĆ SREDNJACI,Gradski DV,Trešnjevka - jug,Vrtić,5 godina do OŠ,Posebni,0
2026-10-01,DJEČJI VRTIĆ SREDNJACI,Gradski DV,Trešnjevka - jug,Vrtić,3 godine do OŠ mješovita,Redoviti,0
2026-10-01,DJEČJI VRTIĆ SREDNJACI,Gradski DV,Trešnjevka - jug,Vrtić,3 godine do OŠ mješovita,Posebni,0
2026-10-01,DJEČJI VRTIĆ SUNCE,Gradski DV,Gornja Dubrava,Jaslice,1 do 2 godine,Redoviti,0
2026-10-01,DJEČJI VRTIĆ SUNCE,Gradski DV,Gornja Dubrava,Jaslice,1 do 2 godine,Posebni,0
2026-10-01,DJEČJI VRTIĆ SUNCE,Gradski DV,Gornja Dubrava,Jaslice,2 do 3 godine,Redoviti,0
2026-10-01,DJEČJI VRTIĆ SUNCE,Gradski DV,Gornja Dubrava,Jaslice,2 do 3 godine,Posebni,0
2026-10-01,DJEČJI VRTIĆ SUNCE,Gradski DV,Gornja Dubrava,Jaslice,1 do 3 godine mješovita,Redoviti,0
2026-10-01,DJEČJI VRTIĆ SUNCE,Gradski DV,Gornja Dubrava,Jaslice,1 do 3 godine mješovita,Posebni,0
2026-10-01,DJEČJI VRTIĆ SUNCE,Gradski DV,Gornja Dubrava,Vrtić,3 do 4 godine,Redoviti,1
2026-10-01,DJEČJI VRTIĆ SUNCE,Gradski DV,Gornja Dubrava,Vrtić,3 do 4 godine,Posebni,0
2026-10-01,DJEČJI VRTIĆ SUNCE,Gradski DV,Gornja Dubrava,Vrtić,4 do 5 godina,Redoviti,1
2026-10-01,DJEČJI VRTIĆ SUNCE,Gradski DV,Gornja Dubrava,Vrtić,4 do 5 godina,Posebni,0
2026-10-01,DJEČJI VRTIĆ SUNCE,Gradski DV,Gornja Dubrava,Vrtić,5 godina do OŠ,Redoviti,1
2026-10-01,DJEČJI VRTIĆ SUNCE,Gradski DV,Gornja Dubrava,Vrtić,5 godina do OŠ,Posebni,0
2026-10-01,DJEČJI VRTIĆ SUNCE,Gradski DV,Gornja Dubrava,Vrtić,3 godine do OŠ mješovita,Redoviti,1
2026-10-01,DJEČJI VRTIĆ SUNCE,Gradski DV,Gornja Dubrava,Vrtić,3 godine do OŠ mješovita,Posebni,0
2026-10-01,DJEČJI VRTIĆ SUNČANA,Gradski DV,Stenjevec,Jaslice,1 do 2 godine,Redoviti,0
2026-10-01,DJEČJI VRTIĆ SUNČANA,Gradski DV,Stenjevec,Jaslice,1 do 2 godine,Posebni,0
2026-10-01,DJEČJI VRTIĆ SUNČANA,Gradski DV,Stenjevec,Jaslice,2 do 3 godine,Redoviti,0
2026-10-01,DJEČJI VRTIĆ SUNČANA,Gradski DV,Stenjevec,Jaslice,2 do 3 godine,Posebni,0
2026-10-01,DJEČJI VRTIĆ SUNČANA,Gradski DV,Stenjevec,Jaslice,1 do 3 godine mješovita,Redoviti,0
2026-10-01,DJEČJI VRTIĆ SUNČANA,Gradski DV,Stenjevec,Jaslice,1 do 3 godine mješovita,Posebni,0
2026-10-01,DJEČJI VRTIĆ SUNČANA,Gradski DV,Stenjevec,Vrtić,3 do 4 godine,Redoviti,0
2026-10-01,DJEČJI VRTIĆ SUNČANA,Gradski DV,Stenjevec,Vrtić,3 do 4 godine,Posebni,0
2026-10-01,DJEČJI VRTIĆ SUNČANA,Gradski DV,Stenjevec,Vrtić,4 do 5 godina,Redoviti,0
2026-10-01,DJEČJI VRTIĆ SUNČANA,Gradski DV,Stenjevec,Vrtić,4 do 5 godina,Posebni,0
2026-10-01,DJEČJI VRTIĆ SUNČANA,Gradski DV,Stenjevec,Vrtić,5 godina do OŠ,Redoviti,0
2026-10-01,DJEČJI VRTIĆ SUNČANA,Gradski DV,Stenjevec,Vrtić,5 godina do OŠ,Posebni,0
2026-10-01,DJEČJI VRTIĆ SUNČANA,Gradski DV,Stenjevec,Vrtić,3 godine do OŠ mješovita,Redoviti,0
2026-10-01,DJEČJI VRTIĆ SUNČANA,Gradski DV,Stenjevec,Vrtić,3 godine do OŠ mješovita,Posebni,0
2026-10-01,DJEČJI VRTIĆ ŠEGRT HLAPIĆ,Gradski DV,Sesvete,Jaslice,1 do 2 godine,Redoviti,0
2026-10-01,DJEČJI VRTIĆ ŠEGRT HLAPIĆ,Gradski DV,Sesvete,Jaslice,1 do 2 godine,Posebni,0
2026-10-01,DJEČJI VRTIĆ ŠEGRT HLAPIĆ,Gradski DV,Sesvete,Jaslice,2 do 3 godine,Redoviti,0
2026-10-01,DJEČJI VRTIĆ ŠEGRT HLAPIĆ,Gradski DV,Sesvete,Jaslice,2 do 3 godine,Posebni,0
2026-10-01,DJEČJI VRTIĆ ŠEGRT HLAPIĆ,Gradski DV,Sesvete,Jaslice,1 do 3 godine mješovita,Redoviti,0
2026-10-01,DJEČJI VRTIĆ ŠEGRT HLAPIĆ,Gradski DV,Sesvete,Jaslice,1 do 3 godine mješovita,Posebni,0
2026-10-01,DJEČJI VRTIĆ ŠEGRT HLAPIĆ,Gradski DV,Sesvete,Vrtić,3 do 4 godine,Redoviti,0
2026-10-01,DJEČJI VRTIĆ ŠEGRT HLAPIĆ,Gradski DV,Sesvete,Vrtić,3 do 4 godine,Posebni,0
2026-10-01,DJEČJI VRTIĆ ŠEGRT HLAPIĆ,Gradski DV,Sesvete,Vrtić,4 do 5 godina,Redoviti,0
2026-10-01,DJEČJI VRTIĆ ŠEGRT HLAPIĆ,Gradski DV,Sesvete,Vrtić,4 do 5 godina,Posebni,0
2026-10-01,DJEČJI VRTIĆ ŠEGRT HLAPIĆ,Gradski DV,Sesvete,Vrtić,5 godina do OŠ,Redoviti,5
2026-10-01,DJEČJI VRTIĆ ŠEGRT HLAPIĆ,Gradski DV,Sesvete,Vrtić,5 godina do OŠ,Posebni,1
2026-10-01,DJEČJI VRTIĆ ŠEGRT HLAPIĆ,Gradski DV,Sesvete,Vrtić,3 godine do OŠ mješovita,Redoviti,2
2026-10-01,DJEČJI VRTIĆ ŠEGRT HLAPIĆ,Gradski DV,Sesvete,Vrtić,3 godine do OŠ mješovita,Posebni,2
2026-10-01,DJEČJI VRTIĆ ŠPANSKO,Gradski DV,Stenjevec,Jaslice,1 do 2 godine,Redoviti,0
2026-10-01,DJEČJI VRTIĆ ŠPANSKO,Gradski DV,Stenjevec,Jaslice,1 do 2 godine,Posebni,0
2026-10-01,DJEČJI VRTIĆ ŠPANSKO,Gradski DV,Stenjevec,Jaslice,2 do 3 godine,Redoviti,0
2026-10-01,DJEČJI VRTIĆ ŠPANSKO,Gradski DV,Stenjevec,Jaslice,2 do 3 godine,Posebni,0
2026-10-01,DJEČJI VRTIĆ ŠPANSKO,Gradski DV,Stenjevec,Jaslice,1 do 3 godine mješovita,Redoviti,0
2026-10-01,DJEČJI VRTIĆ ŠPANSKO,Gradski DV,Stenjevec,Jaslice,1 do 3 godine mješovita,Posebni,0
2026-10-01,DJEČJI VRTIĆ ŠPANSKO,Gradski DV,Stenjevec,Vrtić,3 do 4 godine,Redoviti,0
2026-10-01,DJEČJI VRTIĆ ŠPANSKO,Gradski DV,Stenjevec,Vrtić,3 do 4 godine,Posebni,0
2026-10-01,DJEČJI VRTIĆ ŠPANSKO,Gradski DV,Stenjevec,Vrtić,4 do 5 godina,Redoviti,0
2026-10-01,DJEČJI VRTIĆ ŠPANSKO,Gradski DV,Stenjevec,Vrtić,4 do 5 godina,Posebni,0
2026-10-01,DJEČJI VRTIĆ ŠPANSKO,Gradski DV,Stenjevec,Vrtić,5 godina do OŠ,Redoviti,0
2026-10-01,DJEČJI VRTIĆ ŠPANSKO,Gradski DV,Stenjevec,Vrtić,5 godina do OŠ,Posebni,0
2026-10-01,DJEČJI VRTIĆ ŠPANSKO,Gradski DV,Stenjevec,Vrtić,3 godine do OŠ mješovita,Redoviti,0
2026-10-01,DJEČJI VRTIĆ ŠPANSKO,Gradski DV,Stenjevec,Vrtić,3 godine do OŠ mješovita,Posebni,2
2026-10-01,DJEČJI VRTIĆ ŠUMSKA JAGODA,Gradski DV,Črnomerec,Jaslice,1 do 2 godine,Redoviti,0
2026-10-01,DJEČJI VRTIĆ ŠUMSKA JAGODA,Gradski DV,Črnomerec,Jaslice,1 do 2 godine,Posebni,0
2026-10-01,DJEČJI VRTIĆ ŠUMSKA JAGODA,Gradski DV,Črnomerec,Jaslice,2 do 3 godine,Redoviti,8
2026-10-01,DJEČJI VRTIĆ ŠUMSKA JAGODA,Gradski DV,Črnomerec,Jaslice,2 do 3 godine,Posebni,0
2026-10-01,DJEČJI VRTIĆ ŠUMSKA JAGODA,Gradski DV,Črnomerec,Jaslice,1 do 3 godine mješovita,Redoviti,8
2026-10-01,DJEČJI VRTIĆ ŠUMSKA JAGODA,Gradski DV,Črnomerec,Jaslice,1 do 3 godine mješovita,Posebni,0
2026-10-01,DJEČJI VRTIĆ ŠUMSKA JAGODA,Gradski DV,Črnomerec,Vrtić,3 do 4 godine,Redoviti,11
2026-10-01,DJEČJI VRTIĆ ŠUMSKA JAGODA,Gradski DV,Črnomerec,Vrtić,3 do 4 godine,Posebni,0
2026-10-01,DJEČJI VRTIĆ ŠUMSKA JAGODA,Gradski DV,Črnomerec,Vrtić,4 do 5 godina,Redoviti,7
2026-10-01,DJEČJI VRTIĆ ŠUMSKA JAGODA,Gradski DV,Črnomerec,Vrtić,4 do 5 godina,Posebni,0
2026-10-01,DJEČJI VRTIĆ ŠUMSKA JAGODA,Gradski DV,Črnomerec,Vrtić,5 godina do OŠ,Redoviti,3
2026-10-01,DJEČJI VRTIĆ ŠUMSKA JAGODA,Gradski DV,Črnomerec,Vrtić,5 godina do OŠ,Posebni,0
2026-10-01,DJEČJI VRTIĆ ŠUMSKA JAGODA,Gradski DV,Črnomerec,Vrtić,3 godine do OŠ mješovita,Redoviti,5
2026-10-01,DJEČJI VRTIĆ ŠUMSKA JAGODA,Gradski DV,Črnomerec,Vrtić,3 godine do OŠ mješovita,Posebni,10
2026-10-01,DJEČJI VRTIĆ TATJANE MARINIĆ,Gradski DV,Gornji grad - Medveščak,Jaslice,1 do 2 godine,Redoviti,3
2026-10-01,DJEČJI VRTIĆ TATJANE MARINIĆ,Gradski DV,Gornji grad - Medveščak,Jaslice,1 do 2 godine,Posebni,0
2026-10-01,DJEČJI VRTIĆ TATJANE MARINIĆ,Gradski DV,Gornji grad - Medveščak,Jaslice,2 do 3 godine,Redoviti,0
2026-10-01,DJEČJI VRTIĆ TATJANE MARINIĆ,Gradski DV,Gornji grad - Medveščak,Jaslice,2 do 3 godine,Posebni,0
2026-10-01,DJEČJI VRTIĆ TATJANE MARINIĆ,Gradski DV,Gornji grad - Medveščak,Jaslice,1 do 3 godine mješovita,Redoviti,0
2026-10-01,DJEČJI VRTIĆ TATJANE MARINIĆ,Gradski DV,Gornji grad - Medveščak,Jaslice,1 do 3 godine mješovita,Posebni,0
2026-10-01,DJEČJI VRTIĆ TATJANE MARINIĆ,Gradski DV,Gornji grad - Medveščak,Vrtić,3 do 4 godine,Redoviti,2
2026-10-01,DJEČJI VRTIĆ TATJANE MARINIĆ,Gradski DV,Gornji grad - Medveščak,Vrtić,3 do 4 godine,Posebni,0
2026-10-01,DJEČJI VRTIĆ TATJANE MARINIĆ,Gradski DV,Gornji grad - Medveščak,Vrtić,4 do 5 godina,Redoviti,2
2026-10-01,DJEČJI VRTIĆ TATJANE MARINIĆ,Gradski DV,Gornji grad - Medveščak,Vrtić,4 do 5 godina,Posebni,0
2026-10-01,DJEČJI VRTIĆ TATJANE MARINIĆ,Gradski DV,Gornji grad - Medveščak,Vrtić,5 godina do OŠ,Redoviti,1
2026-10-01,DJEČJI VRTIĆ TATJANE MARINIĆ,Gradski DV,Gornji grad - Medveščak,Vrtić,5 godina do OŠ,Posebni,0
2026-10-01,DJEČJI VRTIĆ TATJANE MARINIĆ,Gradski DV,Gornji grad - Medveščak,Vrtić,3 godine do OŠ mješovita,Redoviti,0
2026-10-01,DJEČJI VRTIĆ TATJANE MARINIĆ,Gradski DV,Gornji grad - Medveščak,Vrtić,3 godine do OŠ mješovita,Posebni,2
2026-10-01,DJEČJI VRTIĆ TRATINČICA,Gradski DV,Novi Zagreb - istok,Jaslice,1 do 2 godine,Redoviti,1
2026-10-01,DJEČJI VRTIĆ TRATINČICA,Gradski DV,Novi Zagreb - istok,Jaslice,1 do 2 godine,Posebni,0
2026-10-01,DJEČJI VRTIĆ TRATINČICA,Gradski DV,Novi Zagreb - istok,Jaslice,2 do 3 godine,Redoviti,1
2026-10-01,DJEČJI VRTIĆ TRATINČICA,Gradski DV,Novi Zagreb - istok,Jaslice,2 do 3 godine,Posebni,0
2026-10-01,DJEČJI VRTIĆ TRATINČICA,Gradski DV,Novi Zagreb - istok,Jaslice,1 do 3 godine mješovita,Redoviti,0
2026-10-01,DJEČJI VRTIĆ TRATINČICA,Gradski DV,Novi Zagreb - istok,Jaslice,1 do 3 godine mješovita,Posebni,0
2026-10-01,DJEČJI VRTIĆ TRATINČICA,Gradski DV,Novi Zagreb - istok,Vrtić,3 do 4 godine,Redoviti,2
2026-10-01,DJEČJI VRTIĆ TRATINČICA,Gradski DV,Novi Zagreb - istok,Vrtić,3 do 4 godine,Posebni,0
2026-10-01,DJEČJI VRTIĆ TRATINČICA,Gradski DV,Novi Zagreb - istok,Vrtić,4 do 5 godina,Redoviti,5
2026-10-01,DJEČJI VRTIĆ TRATINČICA,Gradski DV,Novi Zagreb - istok,Vrtić,4 do 5 godina,Posebni,0
2026-10-01,DJEČJI VRTIĆ TRATINČICA,Gradski DV,Novi Zagreb - istok,Vrtić,5 godina do OŠ,Redoviti,0
2026-10-01,DJEČJI VRTIĆ TRATINČICA,Gradski DV,Novi Zagreb - istok,Vrtić,5 godina do OŠ,Posebni,0
2026-10-01,DJEČJI VRTIĆ TRATINČICA,Gradski DV,Novi Zagreb - istok,Vrtić,3 godine do OŠ mješovita,Redoviti,1
2026-10-01,DJEČJI VRTIĆ TRATINČICA,Gradski DV,Novi Zagreb - istok,Vrtić,3 godine do OŠ mješovita,Posebni,0
2026-10-01,DJEČJI VRTIĆ TRAVNO,Gradski DV,Novi Zagreb - istok,Jaslice,1 do 2 godine,Redoviti,0
2026-10-01,DJEČJI VRTIĆ TRAVNO,Gradski DV,Novi Zagreb - istok,Jaslice,1 do 2 godine,Posebni,0
2026-10-01,DJEČJI VRTIĆ TRAVNO,Gradski DV,Novi Zagreb - istok,Jaslice,2 do 3 godine,Redoviti,0
2026-10-01,DJEČJI VRTIĆ TRAVNO,Gradski DV,Novi Zagreb - istok,Jaslice,2 do 3 godine,Posebni,0
2026-10-01,DJEČJI VRTIĆ TRAVNO,Gradski DV,Novi Zagreb - istok,Jaslice,1 do 3 godine mješovita,Redoviti,0
2026-10-01,DJEČJI VRTIĆ TRAVNO,Gradski DV,Novi Zagreb - istok,Jaslice,1 do 3 godine mješovita,Posebni,0
2026-10-01,DJEČJI VRTIĆ TRAVNO,Gradski DV,Novi Zagreb - istok,Vrtić,3 do 4 godine,Redoviti,0
2026-10-01,DJEČJI VRTIĆ TRAVNO,Gradski DV,Novi Zagreb - istok,Vrtić,3 do 4 godine,Posebni,0
2026-10-01,DJEČJI VRTIĆ TRAVNO,Gradski DV,Novi Zagreb - istok,Vrtić,4 do 5 godina,Redoviti,0
2026-10-01,DJEČJI VRTIĆ TRAVNO,Gradski DV,Novi Zagreb - istok,Vrtić,4 do 5 godina,Posebni,0
2026-10-01,DJEČJI VRTIĆ TRAVNO,Gradski DV,Novi Zagreb - istok,Vrtić,5 godina do OŠ,Redoviti,0
2026-10-01,DJEČJI VRTIĆ TRAVNO,Gradski DV,Novi Zagreb - istok,Vrtić,5 godina do OŠ,Posebni,0
2026-10-01,DJEČJI VRTIĆ TRAVNO,Gradski DV,Novi Zagreb - istok,Vrtić,3 godine do OŠ mješovita,Redoviti,0
2026-10-01,DJEČJI VRTIĆ TRAVNO,Gradski DV,Novi Zagreb - istok,Vrtić,3 godine do OŠ mješovita,Posebni,20
2026-10-01,DJEČJI VRTIĆ TREŠNJEVKA,Gradski DV,Trešnjevka - sjever,Jaslice,1 do 2 godine,Redoviti,0
2026-10-01,DJEČJI VRTIĆ TREŠNJEVKA,Gradski DV,Trešnjevka - sjever,Jaslice,1 do 2 godine,Posebni,0
2026-10-01,DJEČJI VRTIĆ TREŠNJEVKA,Gradski DV,Trešnjevka - sjever,Jaslice,2 do 3 godine,Redoviti,0
2026-10-01,DJEČJI VRTIĆ TREŠNJEVKA,Gradski DV,Trešnjevka - sjever,Jaslice,2 do 3 godine,Posebni,0
2026-10-01,DJEČJI VRTIĆ TREŠNJEVKA,Gradski DV,Trešnjevka - sjever,Jaslice,1 do 3 godine mješovita,Redoviti,0
2026-10-01,DJEČJI VRTIĆ TREŠNJEVKA,Gradski DV,Trešnjevka - sjever,Jaslice,1 do 3 godine mješovita,Posebni,0
2026-10-01,DJEČJI VRTIĆ TREŠNJEVKA,Gradski DV,Trešnjevka - sjever,Vrtić,3 do 4 godine,Redoviti,0
2026-10-01,DJEČJI VRTIĆ TREŠNJEVKA,Gradski DV,Trešnjevka - sjever,Vrtić,3 do 4 godine,Posebni,0
2026-10-01,DJEČJI VRTIĆ TREŠNJEVKA,Gradski DV,Trešnjevka - sjever,Vrtić,4 do 5 godina,Redoviti,0
2026-10-01,DJEČJI VRTIĆ TREŠNJEVKA,Gradski DV,Trešnjevka - sjever,Vrtić,4 do 5 godina,Posebni,0
2026-10-01,DJEČJI VRTIĆ TREŠNJEVKA,Gradski DV,Trešnjevka - sjever,Vrtić,5 godina do OŠ,Redoviti,0
2026-10-01,DJEČJI VRTIĆ TREŠNJEVKA,Gradski DV,Trešnjevka - sjever,Vrtić,5 godina do OŠ,Posebni,0
2026-10-01,DJEČJI VRTIĆ TREŠNJEVKA,Gradski DV,Trešnjevka - sjever,Vrtić,3 godine do OŠ mješovita,Redoviti,0
2026-10-01,DJEČJI VRTIĆ TREŠNJEVKA,Gradski DV,Trešnjevka - sjever,Vrtić,3 godine do OŠ mješovita,Posebni,0
2026-10-01,DJEČJI VRTIĆ TRNORUŽICA,Gradski DV,Maksimir,Jaslice,1 do 2 godine,Redoviti,0
2026-10-01,DJEČJI VRTIĆ TRNORUŽICA,Gradski DV,Maksimir,Jaslice,1 do 2 godine,Posebni,0
2026-10-01,DJEČJI VRTIĆ TRNORUŽICA,Gradski DV,Maksimir,Jaslice,2 do 3 godine,Redoviti,0
2026-10-01,DJEČJI VRTIĆ TRNORUŽICA,Gradski DV,Maksimir,Jaslice,2 do 3 godine,Posebni,0
2026-10-01,DJEČJI VRTIĆ TRNORUŽICA,Gradski DV,Maksimir,Jaslice,1 do 3 godine mješovita,Redoviti,0
2026-10-01,DJEČJI VRTIĆ TRNORUŽICA,Gradski DV,Maksimir,Jaslice,1 do 3 godine mješovita,Posebni,0
2026-10-01,DJEČJI VRTIĆ TRNORUŽICA,Gradski DV,Maksimir,Vrtić,3 do 4 godine,Redoviti,0
2026-10-01,DJEČJI VRTIĆ TRNORUŽICA,Gradski DV,Maksimir,Vrtić,3 do 4 godine,Posebni,0
2026-10-01,DJEČJI VRTIĆ TRNORUŽICA,Gradski DV,Maksimir,Vrtić,4 do 5 godina,Redoviti,3
2026-10-01,DJEČJI VRTIĆ TRNORUŽICA,Gradski DV,Maksimir,Vrtić,4 do 5 godina,Posebni,0
2026-10-01,DJEČJI VRTIĆ TRNORUŽICA,Gradski DV,Maksimir,Vrtić,5 godina do OŠ,Redoviti,9
2026-10-01,DJEČJI VRTIĆ TRNORUŽICA,Gradski DV,Maksimir,Vrtić,5 godina do OŠ,Posebni,0
2026-10-01,DJEČJI VRTIĆ TRNORUŽICA,Gradski DV,Maksimir,Vrtić,3 godine do OŠ mješovita,Redoviti,0
2026-10-01,DJEČJI VRTIĆ TRNORUŽICA,Gradski DV,Maksimir,Vrtić,3 godine do OŠ mješovita,Posebni,0
2026-10-01,DJEČJI VRTIĆ TRNSKO,Gradski DV,Novi Zagreb - zapad,Jaslice,1 do 2 godine,Redoviti,0
2026-10-01,DJEČJI VRTIĆ TRNSKO,Gradski DV,Novi Zagreb - zapad,Jaslice,1 do 2 godine,Posebni,0
2026-10-01,DJEČJI VRTIĆ TRNSKO,Gradski DV,Novi Zagreb - zapad,Jaslice,2 do 3 godine,Redoviti,0
2026-10-01,DJEČJI VRTIĆ TRNSKO,Gradski DV,Novi Zagreb - zapad,Jaslice,2 do 3 godine,Posebni,0
2026-10-01,DJEČJI VRTIĆ TRNSKO,Gradski DV,Novi Zagreb - zapad,Jaslice,1 do 3 godine mješovita,Redoviti,0
2026-10-01,DJEČJI VRTIĆ TRNSKO,Gradski DV,Novi Zagreb - zapad,Jaslice,1 do 3 godine mješovita,Posebni,0
2026-10-01,DJEČJI VRTIĆ TRNSKO,Gradski DV,Novi Zagreb - zapad,Vrtić,3 do 4 godine,Redoviti,0
2026-10-01,DJEČJI VRTIĆ TRNSKO,Gradski DV,Novi Zagreb - zapad,Vrtić,3 do 4 godine,Posebni,0
2026-10-01,DJEČJI VRTIĆ TRNSKO,Gradski DV,Novi Zagreb - zapad,Vrtić,4 do 5 godina,Redoviti,0
2026-10-01,DJEČJI VRTIĆ TRNSKO,Gradski DV,Novi Zagreb - zapad,Vrtić,4 do 5 godina,Posebni,0
2026-10-01,DJEČJI VRTIĆ TRNSKO,Gradski DV,Novi Zagreb - zapad,Vrtić,5 godina do OŠ,Redoviti,0
2026-10-01,DJEČJI VRTIĆ TRNSKO,Gradski DV,Novi Zagreb - zapad,Vrtić,5 godina do OŠ,Posebni,0
2026-10-01,DJEČJI VRTIĆ TRNSKO,Gradski DV,Novi Zagreb - zapad,Vrtić,3 godine do OŠ mješovita,Redoviti,0
2026-10-01,DJEČJI VRTIĆ TRNSKO,Gradski DV,Novi Zagreb - zapad,Vrtić,3 godine do OŠ mješovita,Posebni,0
2026-10-01,DJEČJI VRTIĆ UTRINA,Gradski DV,Novi Zagreb - istok,Jaslice,1 do 2 godine,Redoviti,0
2026-10-01,DJEČJI VRTIĆ UTRINA,Gradski DV,Novi Zagreb - istok,Jaslice,1 do 2 godine,Posebni,0
2026-10-01,DJEČJI VRTIĆ UTRINA,Gradski DV,Novi Zagreb - istok,Jaslice,2 do 3 godine,Redoviti,0
2026-10-01,DJEČJI VRTIĆ UTRINA,Gradski DV,Novi Zagreb - istok,Jaslice,2 do 3 godine,Posebni,0
2026-10-01,DJEČJI VRTIĆ UTRINA,Gradski DV,Novi Zagreb - istok,Jaslice,1 do 3 godine mješovita,Redoviti,0
2026-10-01,DJEČJI VRTIĆ UTRINA,Gradski DV,Novi Zagreb - istok,Jaslice,1 do 3 godine mješovita,Posebni,0
2026-10-01,DJEČJI VRTIĆ UTRINA,Gradski DV,Novi Zagreb - istok,Vrtić,3 do 4 godine,Redoviti,0
2026-10-01,DJEČJI VRTIĆ UTRINA,Gradski DV,Novi Zagreb - istok,Vrtić,3 do 4 godine,Posebni,0
2026-10-01,DJEČJI VRTIĆ UTRINA,Gradski DV,Novi Zagreb - istok,Vrtić,4 do 5 godina,Redoviti,0
2026-10-01,DJEČJI VRTIĆ UTRINA,Gradski DV,Novi Zagreb - istok,Vrtić,4 do 5 godina,Posebni,0
2026-10-01,DJEČJI VRTIĆ UTRINA,Gradski DV,Novi Zagreb - istok,Vrtić,5 godina do OŠ,Redoviti,0
2026-10-01,DJEČJI VRTIĆ UTRINA,Gradski DV,Novi Zagreb - istok,Vrtić,5 godina do OŠ,Posebni,0
2026-10-01,DJEČJI VRTIĆ UTRINA,Gradski DV,Novi Zagreb - istok,Vrtić,3 godine do OŠ mješovita,Redoviti,0
2026-10-01,DJEČJI VRTIĆ UTRINA,Gradski DV,Novi Zagreb - istok,Vrtić,3 godine do OŠ mješovita,Posebni,3
2026-10-01,DJEČJI VRTIĆ VEDRI DANI,Gradski DV,Donji grad,Jaslice,1 do 2 godine,Redoviti,0
2026-10-01,DJEČJI VRTIĆ VEDRI DANI,Gradski DV,Donji grad,Jaslice,1 do 2 godine,Posebni,0
2026-10-01,DJEČJI VRTIĆ VEDRI DANI,Gradski DV,Donji grad,Jaslice,2 do 3 godine,Redoviti,0
2026-10-01,DJEČJI VRTIĆ VEDRI DANI,Gradski DV,Donji grad,Jaslice,2 do 3 godine,Posebni,0
2026-10-01,DJEČJI VRTIĆ VEDRI DANI,Gradski DV,Donji grad,Jaslice,1 do 3 godine mješovita,Redoviti,0
2026-10-01,DJEČJI VRTIĆ VEDRI DANI,Gradski DV,Donji grad,Jaslice,1 do 3 godine mješovita,Posebni,0
2026-10-01,DJEČJI VRTIĆ VEDRI DANI,Gradski DV,Donji grad,Vrtić,3 do 4 godine,Redoviti,0
2026-10-01,DJEČJI VRTIĆ VEDRI DANI,Gradski DV,Donji grad,Vrtić,3 do 4 godine,Posebni,0
2026-10-01,DJEČJI VRTIĆ VEDRI DANI,Gradski DV,Donji grad,Vrtić,4 do 5 godina,Redoviti,0
2026-10-01,DJEČJI VRTIĆ VEDRI DANI,Gradski DV,Donji grad,Vrtić,4 do 5 godina,Posebni,0
2026-10-01,DJEČJI VRTIĆ VEDRI DANI,Gradski DV,Donji grad,Vrtić,5 godina do OŠ,Redoviti,0
2026-10-01,DJEČJI VRTIĆ VEDRI DANI,Gradski DV,Donji grad,Vrtić,5 godina do OŠ,Posebni,0
2026-10-01,DJEČJI VRTIĆ VEDRI DANI,Gradski DV,Donji grad,Vrtić,3 godine do OŠ mješovita,Redoviti,0
2026-10-01,DJEČJI VRTIĆ VEDRI DANI,Gradski DV,Donji grad,Vrtić,3 godine do OŠ mješovita,Posebni,5
2026-10-01,DJEČJI VRTIĆ VJEVERICA,Gradski DV,Gornji grad - Medveščak,Jaslice,1 do 2 godine,Redoviti,0
2026-10-01,DJEČJI VRTIĆ VJEVERICA,Gradski DV,Gornji grad - Medveščak,Jaslice,1 do 2 godine,Posebni,0
2026-10-01,DJEČJI VRTIĆ VJEVERICA,Gradski DV,Gornji grad - Medveščak,Jaslice,2 do 3 godine,Redoviti,0
2026-10-01,DJEČJI VRTIĆ VJEVERICA,Gradski DV,Gornji grad - Medveščak,Jaslice,2 do 3 godine,Posebni,0
2026-10-01,DJEČJI VRTIĆ VJEVERICA,Gradski DV,Gornji grad - Medveščak,Jaslice,1 do 3 godine mješovita,Redoviti,0
2026-10-01,DJEČJI VRTIĆ VJEVERICA,Gradski DV,Gornji grad - Medveščak,Jaslice,1 do 3 godine mješovita,Posebni,0
2026-10-01,DJEČJI VRTIĆ VJEVERICA,Gradski DV,Gornji grad - Medveščak,Vrtić,3 do 4 godine,Redoviti,0
2026-10-01,DJEČJI VRTIĆ VJEVERICA,Gradski DV,Gornji grad - Medveščak,Vrtić,3 do 4 godine,Posebni,0
2026-10-01,DJEČJI VRTIĆ VJEVERICA,Gradski DV,Gornji grad - Medveščak,Vrtić,4 do 5 godina,Redoviti,0
2026-10-01,DJEČJI VRTIĆ VJEVERICA,Gradski DV,Gornji grad - Medveščak,Vrtić,4 do 5 godina,Posebni,0
2026-10-01,DJEČJI VRTIĆ VJEVERICA,Gradski DV,Gornji grad - Medveščak,Vrtić,5 godina do OŠ,Redoviti,0
2026-10-01,DJEČJI VRTIĆ VJEVERICA,Gradski DV,Gornji grad - Medveščak,Vrtić,5 godina do OŠ,Posebni,0
2026-10-01,DJEČJI VRTIĆ VJEVERICA,Gradski DV,Gornji grad - Medveščak,Vrtić,3 godine do OŠ mješovita,Redoviti,0
2026-10-01,DJEČJI VRTIĆ VJEVERICA,Gradski DV,Gornji grad - Medveščak,Vrtić,3 godine do OŠ mješovita,Posebni,0
2026-10-01,DJEČJI VRTIĆ VLADIMIRA NAZORA,Gradski DV,Trnje,Jaslice,1 do 2 godine,Redoviti,0
2026-10-01,DJEČJI VRTIĆ VLADIMIRA NAZORA,Gradski DV,Trnje,Jaslice,1 do 2 godine,Posebni,0
2026-10-01,DJEČJI VRTIĆ VLADIMIRA NAZORA,Gradski DV,Trnje,Jaslice,2 do 3 godine,Redoviti,5
2026-10-01,DJEČJI VRTIĆ VLADIMIRA NAZORA,Gradski DV,Trnje,Jaslice,2 do 3 godine,Posebni,0
2026-10-01,DJEČJI VRTIĆ VLADIMIRA NAZORA,Gradski DV,Trnje,Jaslice,1 do 3 godine mješovita,Redoviti,15
2026-10-01,DJEČJI VRTIĆ VLADIMIRA NAZORA,Gradski DV,Trnje,Jaslice,1 do 3 godine mješovita,Posebni,0
2026-10-01,DJEČJI VRTIĆ VLADIMIRA NAZORA,Gradski DV,Trnje,Vrtić,3 do 4 godine,Redoviti,2
2026-10-01,DJEČJI VRTIĆ VLADIMIRA NAZORA,Gradski DV,Trnje,Vrtić,3 do 4 godine,Posebni,0
2026-10-01,DJEČJI VRTIĆ VLADIMIRA NAZORA,Gradski DV,Trnje,Vrtić,4 do 5 godina,Redoviti,2
2026-10-01,DJEČJI VRTIĆ VLADIMIRA NAZORA,Gradski DV,Trnje,Vrtić,4 do 5 godina,Posebni,0
2026-10-01,DJEČJI VRTIĆ VLADIMIRA NAZORA,Gradski DV,Trnje,Vrtić,5 godina do OŠ,Redoviti,3
2026-10-01,DJEČJI VRTIĆ VLADIMIRA NAZORA,Gradski DV,Trnje,Vrtić,5 godina do OŠ,Posebni,0
2026-10-01,DJEČJI VRTIĆ VLADIMIRA NAZORA,Gradski DV,Trnje,Vrtić,3 godine do OŠ mješovita,Redoviti,0
2026-10-01,DJEČJI VRTIĆ VLADIMIRA NAZORA,Gradski DV,Trnje,Vrtić,3 godine do OŠ mješovita,Posebni,0
2026-10-01,DJEČJI VRTIĆ VRAPČE,Gradski DV,Podsused - Vrapče,Jaslice,1 do 2 godine,Redoviti,0
2026-10-01,DJEČJI VRTIĆ VRAPČE,Gradski DV,Podsused - Vrapče,Jaslice,1 do 2 godine,Posebni,0
2026-10-01,DJEČJI VRTIĆ VRAPČE,Gradski DV,Podsused - Vrapče,Jaslice,2 do 3 godine,Redoviti,0
2026-10-01,DJEČJI VRTIĆ VRAPČE,Gradski DV,Podsused - Vrapče,Jaslice,2 do 3 godine,Posebni,0
2026-10-01,DJEČJI VRTIĆ VRAPČE,Gradski DV,Podsused - Vrapče,Jaslice,1 do 3 godine mješovita,Redoviti,0
2026-10-01,DJEČJI VRTIĆ VRAPČE,Gradski DV,Podsused - Vrapče,Jaslice,1 do 3 godine mješovita,Posebni,0
2026-10-01,DJEČJI VRTIĆ VRAPČE,Gradski DV,Podsused - Vrapče,Vrtić,3 do 4 godine,Redoviti,0
2026-10-01,DJEČJI VRTIĆ VRAPČE,Gradski DV,Podsused - Vrapče,Vrtić,3 do 4 godine,Posebni,0
2026-10-01,DJEČJI VRTIĆ VRAPČE,Gradski DV,Podsused - Vrapče,Vrtić,4 do 5 godina,Redoviti,1
2026-10-01,DJEČJI VRTIĆ VRAPČE,Gradski DV,Podsused - Vrapče,Vrtić,4 do 5 godina,Posebni,0
2026-10-01,DJEČJI VRTIĆ VRAPČE,Gradski DV,Podsused - Vrapče,Vrtić,5 godina do OŠ,Redoviti,0
2026-10-01,DJEČJI VRTIĆ VRAPČE,Gradski DV,Podsused - Vrapče,Vrtić,5 godina do OŠ,Posebni,0
2026-10-01,DJEČJI VRTIĆ VRAPČE,Gradski DV,Podsused - Vrapče,Vrtić,3 godine do OŠ mješovita,Redoviti,0
2026-10-01,DJEČJI VRTIĆ VRAPČE,Gradski DV,Podsused - Vrapče,Vrtić,3 godine do OŠ mješovita,Posebni,4
2026-10-01,DJEČJI VRTIĆ VRBIK,Gradski DV,Trnje,Jaslice,1 do 2 godine,Redoviti,0
2026-10-01,DJEČJI VRTIĆ VRBIK,Gradski DV,Trnje,Jaslice,1 do 2 godine,Posebni,0
2026-10-01,DJEČJI VRTIĆ VRBIK,Gradski DV,Trnje,Jaslice,2 do 3 godine,Redoviti,1
2026-10-01,DJEČJI VRTIĆ VRBIK,Gradski DV,Trnje,Jaslice,2 do 3 godine,Posebni,0
2026-10-01,DJEČJI VRTIĆ VRBIK,Gradski DV,Trnje,Jaslice,1 do 3 godine mješovita,Redoviti,4
2026-10-01,DJEČJI VRTIĆ VRBIK,Gradski DV,Trnje,Jaslice,1 do 3 godine mješovita,Posebni,0
2026-10-01,DJEČJI VRTIĆ VRBIK,Gradski DV,Trnje,Vrtić,3 do 4 godine,Redoviti,6
2026-10-01,DJEČJI VRTIĆ VRBIK,Gradski DV,Trnje,Vrtić,3 do 4 godine,Posebni,0
2026-10-01,DJEČJI VRTIĆ VRBIK,Gradski DV,Trnje,Vrtić,4 do 5 godina,Redoviti,2
2026-10-01,DJEČJI VRTIĆ VRBIK,Gradski DV,Trnje,Vrtić,4 do 5 godina,Posebni,0
2026-10-01,DJEČJI VRTIĆ VRBIK,Gradski DV,Trnje,Vrtić,5 godina do OŠ,Redoviti,1
2026-10-01,DJEČJI VRTIĆ VRBIK,Gradski DV,Trnje,Vrtić,5 godina do OŠ,Posebni,0
2026-10-01,DJEČJI VRTIĆ VRBIK,Gradski DV,Trnje,Vrtić,3 godine do OŠ mješovita,Redoviti,0
2026-10-01,DJEČJI VRTIĆ VRBIK,Gradski DV,Trnje,Vrtić,3 godine do OŠ mješovita,Posebni,6
2026-10-01,DJEČJI VRTIĆ ZAPRUĐE,Gradski DV,Novi Zagreb - istok,Jaslice,1 do 2 godine,Redoviti,0
2026-10-01,DJEČJI VRTIĆ ZAPRUĐE,Gradski DV,Novi Zagreb - istok,Jaslice,1 do 2 godine,Posebni,0
2026-10-01,DJEČJI VRTIĆ ZAPRUĐE,Gradski DV,Novi Zagreb - istok,Jaslice,2 do 3 godine,Redoviti,0
2026-10-01,DJEČJI VRTIĆ ZAPRUĐE,Gradski DV,Novi Zagreb - istok,Jaslice,2 do 3 godine,Posebni,0
2026-10-01,DJEČJI VRTIĆ ZAPRUĐE,Gradski DV,Novi Zagreb - istok,Jaslice,1 do 3 godine mješovita,Redoviti,0
2026-10-01,DJEČJI VRTIĆ ZAPRUĐE,Gradski DV,Novi Zagreb - istok,Jaslice,1 do 3 godine mješovita,Posebni,0
2026-10-01,DJEČJI VRTIĆ ZAPRUĐE,Gradski DV,Novi Zagreb - istok,Vrtić,3 do 4 godine,Redoviti,13
2026-10-01,DJEČJI VRTIĆ ZAPRUĐE,Gradski DV,Novi Zagreb - istok,Vrtić,3 do 4 godine,Posebni,0
2026-10-01,DJEČJI VRTIĆ ZAPRUĐE,Gradski DV,Novi Zagreb - istok,Vrtić,4 do 5 godina,Redoviti,6
2026-10-01,DJEČJI VRTIĆ ZAPRUĐE,Gradski DV,Novi Zagreb - istok,Vrtić,4 do 5 godina,Posebni,0
2026-10-01,DJEČJI VRTIĆ ZAPRUĐE,Gradski DV,Novi Zagreb - istok,Vrtić,5 godina do OŠ,Redoviti,6
2026-10-01,DJEČJI VRTIĆ ZAPRUĐE,Gradski DV,Novi Zagreb - istok,Vrtić,5 godina do OŠ,Posebni,0
2026-10-01,DJEČJI VRTIĆ ZAPRUĐE,Gradski DV,Novi Zagreb - istok,Vrtić,3 godine do OŠ mješovita,Redoviti,0
2026-10-01,DJEČJI VRTIĆ ZAPRUĐE,Gradski DV,Novi Zagreb - istok,Vrtić,3 godine do OŠ mješovita,Posebni,7
2026-10-01,DJEČJI VRTIĆ ZRNO,Gradski DV,Peščenica - Žitnjak,Jaslice,1 do 2 godine,Redoviti,0
2026-10-01,DJEČJI VRTIĆ ZRNO,Gradski DV,Peščenica - Žitnjak,Jaslice,1 do 2 godine,Posebni,0
2026-10-01,DJEČJI VRTIĆ ZRNO,Gradski DV,Peščenica - Žitnjak,Jaslice,2 do 3 godine,Redoviti,0
2026-10-01,DJEČJI VRTIĆ ZRNO,Gradski DV,Peščenica - Žitnjak,Jaslice,2 do 3 godine,Posebni,0
2026-10-01,DJEČJI VRTIĆ ZRNO,Gradski DV,Peščenica - Žitnjak,Jaslice,1 do 3 godine mješovita,Redoviti,0
2026-10-01,DJEČJI VRTIĆ ZRNO,Gradski DV,Peščenica - Žitnjak,Jaslice,1 do 3 godine mješovita,Posebni,0
2026-10-01,DJEČJI VRTIĆ ZRNO,Gradski DV,Peščenica - Žitnjak,Vrtić,3 do 4 godine,Redoviti,3
2026-10-01,DJEČJI VRTIĆ ZRNO,Gradski DV,Peščenica - Žitnjak,Vrtić,3 do 4 godine,Posebni,0
2026-10-01,DJEČJI VRTIĆ ZRNO,Gradski DV,Peščenica - Žitnjak,Vrtić,4 do 5 godina,Redoviti,1
2026-10-01,DJEČJI VRTIĆ ZRNO,Gradski DV,Peščenica - Žitnjak,Vrtić,4 do 5 godina,Posebni,0
2026-10-01,DJEČJI VRTIĆ ZRNO,Gradski DV,Peščenica - Žitnjak,Vrtić,5 godina do OŠ,Redoviti,1
2026-10-01,DJEČJI VRTIĆ ZRNO,Gradski DV,Peščenica - Žitnjak,Vrtić,5 godina do OŠ,Posebni,11
2026-10-01,DJEČJI VRTIĆ ZRNO,Gradski DV,Peščenica - Žitnjak,Vrtić,3 godine do OŠ mješovita,Redoviti,0
2026-10-01,DJEČJI VRTIĆ ZRNO,Gradski DV,Peščenica - Žitnjak,Vrtić,3 godine do OŠ mješovita,Posebni,0
2026-10-01,DJEČJI VRTIĆ ZVONČIĆ,Gradski DV,Trešnjevka - sjever,Jaslice,1 do 2 godine,Redoviti,0
2026-10-01,DJEČJI VRTIĆ ZVONČIĆ,Gradski DV,Trešnjevka - sjever,Jaslice,1 do 2 godine,Posebni,0
2026-10-01,DJEČJI VRTIĆ ZVONČIĆ,Gradski DV,Trešnjevka - sjever,Jaslice,2 do 3 godine,Redoviti,0
2026-10-01,DJEČJI VRTIĆ ZVONČIĆ,Gradski DV,Trešnjevka - sjever,Jaslice,2 do 3 godine,Posebni,0
2026-10-01,DJEČJI VRTIĆ ZVONČIĆ,Gradski DV,Trešnjevka - sjever,Jaslice,1 do 3 godine mješovita,Redoviti,0
2026-10-01,DJEČJI VRTIĆ ZVONČIĆ,Gradski DV,Trešnjevka - sjever,Jaslice,1 do 3 godine mješovita,Posebni,0
2026-10-01,DJEČJI VRTIĆ ZVONČIĆ,Gradski DV,Trešnjevka - sjever,Vrtić,3 do 4 godine,Redoviti,2
2026-10-01,DJEČJI VRTIĆ ZVONČIĆ,Gradski DV,Trešnjevka - sjever,Vrtić,3 do 4 godine,Posebni,0
2026-10-01,DJEČJI VRTIĆ ZVONČIĆ,Gradski DV,Trešnjevka - sjever,Vrtić,4 do 5 godina,Redoviti,2
2026-10-01,DJEČJI VRTIĆ ZVONČIĆ,Gradski DV,Trešnjevka - sjever,Vrtić,4 do 5 godina,Posebni,0
2026-10-01,DJEČJI VRTIĆ ZVONČIĆ,Gradski DV,Trešnjevka - sjever,Vrtić,5 godina do OŠ,Redoviti,6
2026-10-01,DJEČJI VRTIĆ ZVONČIĆ,Gradski DV,Trešnjevka - sjever,Vrtić,5 godina do OŠ,Posebni,0
2026-10-01,DJEČJI VRTIĆ ZVONČIĆ,Gradski DV,Trešnjevka - sjever,Vrtić,3 godine do OŠ mješovita,Redoviti,0
2026-10-01,DJEČJI VRTIĆ ZVONČIĆ,Gradski DV,Trešnjevka - sjever,Vrtić,3 godine do OŠ mješovita,Posebni,0
2026-10-01,DV ACUTO,Privatni i vjerski DV,Trnje,Jaslice,,,0
2026-10-01,DV ACUTO,Privatni i vjerski DV,Trnje,Vrtić,,,0
2026-10-01,DV BALTAZAR,Privatni i vjerski DV,Sesvete,Jaslice,,,3
2026-10-01,DV BALTAZAR,Privatni i vjerski DV,Sesvete,Vrtić,,,6
2026-10-01,DV BAMBI,Privatni i vjerski DV,Podsused - Vrapče,Jaslice,,,2
2026-10-01,DV BAMBI,Privatni i vjerski DV,Podsused - Vrapče,Vrtić,,,6
2026-10-01,DV BLAŽENA HOZANA,Privatni i vjerski DV,Trnje,Jaslice,,,0
2026-10-01,DV BLAŽENA HOZANA,Privatni i vjerski DV,Trnje,Vrtić,,,0
2026-10-01,DV BRAT SUNCE,Privatni i vjerski DV,Gornji grad - Medveščak,Jaslice,,,0
2026-10-01,DV BRAT SUNCE,Privatni i vjerski DV,Gornji grad - Medveščak,Vrtić,,,10
2026-10-01,DV CICA MACA,Privatni i vjerski DV,Novi Zagreb - zapad,Jaslice,,,0
2026-10-01,DV CICA MACA,Privatni i vjerski DV,Novi Zagreb - zapad,Vrtić,,,0
2026-10-01,DV ČAROBNA ŠUMA,Privatni i vjerski DV,Novi Zagreb - istok,Jaslice,,,10
2026-10-01,DV ČAROBNA ŠUMA,Privatni i vjerski DV,Novi Zagreb - istok,Vrtić,,,10
2026-10-01,DV ČAROBNI DVORAC,Privatni i vjerski DV,Stenjevec,Jaslice,,,4
2026-10-01,DV ČAROBNI DVORAC,Privatni i vjerski DV,Stenjevec,Vrtić,,,3
2026-10-01,DV ČAROBNI SVIJET,Privatni i vjerski DV,Gornji grad - Medveščak,Jaslice,,,0
2026-10-01,DV ČAROBNI SVIJET,Privatni i vjerski DV,Gornji grad - Medveščak,Vrtić,,,0
2026-10-01,DV ČIGRA,Privatni i vjerski DV,Trnje,Jaslice,,,3
2026-10-01,DV ČIGRA,Privatni i vjerski DV,Trnje,Vrtić,,,2
2026-10-01,DV ČUPKO,Privatni i vjerski DV,Trešnjevka - jug,Jaslice,,,0
2026-10-01,DV ČUPKO,Privatni i vjerski DV,Trešnjevka - jug,Vrtić,,,16
2026-10-01,DV DJEČJA IGRA,Privatni i vjerski DV,Gornja Dubrava,Jaslice,,,0
2026-10-01,DV DJEČJA IGRA,Privatni i vjerski DV,Gornja Dubrava,Vrtić,,,0
2026-10-01,DV DJEČJI KORACI,Privatni i vjerski DV,Novi Zagreb - zapad,Jaslice,,,0
2026-10-01,DV DJEČJI KORACI,Privatni i vjerski DV,Novi Zagreb - zapad,Vrtić,,,0
2026-10-01,DV DOBRI,Privatni i vjerski DV,Črnomerec,Jaslice,,,0
2026-10-01,DV DOBRI,Privatni i vjerski DV,Črnomerec,Vrtić,,,0
2026-10-01,DV DOBRO DRVO,Privatni i vjerski DV,Trnje,Jaslice,,,1
2026-10-01,DV DOBRO DRVO,Privatni i vjerski DV,Trnje,Vrtić,,,0
2026-10-01,DV HARFA,Privatni i vjerski DV,Stenjevec,Jaslice,,,0
2026-10-01,DV HARFA,Privatni i vjerski DV,Stenjevec,Vrtić,,,1
2026-10-01,DV JORDANOVAC,Privatni i vjerski DV,Maksimir,Jaslice,,,0
2026-10-01,DV JORDANOVAC,Privatni i vjerski DV,Maksimir,Vrtić,,,0
2026-10-01,DV KOCKICA,Privatni i vjerski DV,Trešnjevka - sjever,Jaslice,,,55
2026-10-01,DV KOCKICA,Privatni i vjerski DV,Trešnjevka - sjever,Vrtić,,,5
2026-10-01,DV KOKO,Privatni i vjerski DV,Sesvete,Jaslice,,,3
2026-10-01,DV KOKO,Privatni i vjerski DV,Sesvete,Vrtić,,,0
2026-10-01,DV KOŠNICA,Privatni i vjerski DV,Podsused - Vrapče,Jaslice,,,11
2026-10-01,DV KOŠNICA,Privatni i vjerski DV,Podsused - Vrapče,Vrtić,,,4
2026-10-01,DV KREATIVNI DANI,Privatni i vjerski DV,Trnje,Jaslice,,,0
2026-10-01,DV KREATIVNI DANI,Privatni i vjerski DV,Trnje,Vrtić,,,0
2026-10-01,DV KUĆICA,Privatni i vjerski DV,Podsused - Vrapče,Jaslice,,,3
2026-10-01,DV KUĆICA,Privatni i vjerski DV,Podsused - Vrapče,Vrtić,,,3
2026-10-01,DV LEPTIRIĆ LU,Privatni i vjerski DV,Novi Zagreb - zapad,Jaslice,,,1
2026-10-01,DV LEPTIRIĆ LU,Privatni i vjerski DV,Novi Zagreb - zapad,Vrtić,,,2
2026-10-01,DV LETEĆI MEDVJEDIĆI,Privatni i vjerski DV,Novi Zagreb - zapad,Jaslice,,,0
2026-10-01,DV LETEĆI MEDVJEDIĆI,Privatni i vjerski DV,Novi Zagreb - zapad,Vrtić,,,2
2026-10-01,DV LIMAČ,Privatni i vjerski DV,Podsused - Vrapče,Jaslice,,,5
2026-10-01,DV LIMAČ,Privatni i vjerski DV,Podsused - Vrapče,Vrtić,,,0
2026-10-01,DV MAČAK PAŠKO,Privatni i vjerski DV,Sesvete,Jaslice,,,7
2026-10-01,DV MAČAK PAŠKO,Privatni i vjerski DV,Sesvete,Vrtić,,,6
2026-10-01,DV MAČAK U ČIZMAMA,Privatni i vjerski DV,Podsljeme,Jaslice,,,5
2026-10-01,DV MAČAK U ČIZMAMA,Privatni i vjerski DV,Podsljeme,Vrtić,,,7
2026-10-01,DV MALA KUĆA,Privatni i vjerski DV,Črnomerec,Jaslice,,,0
2026-10-01,DV MALA KUĆA,Privatni i vjerski DV,Črnomerec,Vrtić,,,0
2026-10-01,DV MALENI TALENTI,Privatni i vjerski DV,Gornji grad - Medveščak,Jaslice,,,0
2026-10-01,DV MALENI TALENTI,Privatni i vjerski DV,Gornji grad - Medveščak,Vrtić,,,0
2026-10-01,DV MALI ISTRAŽIVAČ,Privatni i vjerski DV,Novi Zagreb - istok,Jaslice,,,0
2026-10-01,DV MALI ISTRAŽIVAČ,Privatni i vjerski DV,Novi Zagreb - istok,Vrtić,,,0
2026-10-01,DV MALI ISUS,Privatni i vjerski DV,Gornji grad - Medveščak,Jaslice,,,0
2026-10-01,DV MALI ISUS,Privatni i vjerski DV,Gornji grad - Medveščak,Vrtić,,,0
2026-10-01,DV MALI KAJ,Privatni i vjerski DV,Sesvete,Jaslice,,,7
2026-10-01,DV MALI KAJ,Privatni i vjerski DV,Sesvete,Vrtić,,,0
2026-10-01,DV MALI SVIJET,Privatni i vjerski DV,Novi Zagreb - zapad,Jaslice,,,11
2026-10-01,DV MALI SVIJET,Privatni i vjerski DV,Novi Zagreb - zapad,Vrtić,,,2
2026-10-01,DV MARIJA PETKOVIĆ,Privatni i vjerski DV,Gornji grad - Medveščak,Jaslice,,,0
2026-10-01,DV MARIJA PETKOVIĆ,Privatni i vjerski DV,Gornji grad - Medveščak,Vrtić,,,0
2026-10-01,DV MONTESSORI,Privatni i vjerski DV,Stenjevec,Jaslice,,,2
2026-10-01,DV MONTESSORI,Privatni i vjerski DV,Stenjevec,Vrtić,,,0
2026-10-01,DV NEMO,Privatni i vjerski DV,Trešnjevka - jug,Jaslice,,,7
2026-10-01,DV NEMO,Privatni i vjerski DV,Trešnjevka - jug,Vrtić,,,2
2026-10-01,DV OBZORI,Privatni i vjerski DV,Gornji grad - Medveščak,Jaslice,,,0
2026-10-01,DV OBZORI,Privatni i vjerski DV,Gornji grad - Medveščak,Vrtić,,,3
2026-10-01,DV OŠ Hugo Kon,Privatni i vjerski DV,Gornji grad - Medveščak,Jaslice,,,0
2026-10-01,DV OŠ Hugo Kon,Privatni i vjerski DV,Gornji grad - Medveščak,Vrtić,,,5
2026-10-01,DV OŠ KREATIVAN RAZVOJ,Privatni i vjerski DV,Podsljeme,Jaslice,,,0
2026-10-01,DV OŠ KREATIVAN RAZVOJ,Privatni i vjerski DV,Podsljeme,Vrtić,,,15
2026-10-01,DV OŠ MONTESSORI 'BARUNICE DEDEE VRANYCZANY',Privatni i vjerski DV,Trešnjevka - sjever,Jaslice,,,0
2026-10-01,DV OŠ MONTESSORI 'BARUNICE DEDEE VRANYCZANY',Privatni i vjerski DV,Trešnjevka - sjever,Vrtić,,,0
2026-10-01,DV PALČIĆ,Privatni i vjerski DV,Stenjevec,Jaslice,,,8
2026-10-01,DV PALČIĆ,Privatni i vjerski DV,Stenjevec,Vrtić,,,0
2026-10-01,DV PANDA,Privatni i vjerski DV,Stenjevec,Jaslice,,,1
2026-10-01,DV PANDA,Privatni i vjerski DV,Stenjevec,Vrtić,,,0
2026-10-01,DV PIKULICA,Privatni i vjerski DV,Trešnjevka - sjever,Jaslice,,,0
2026-10-01,DV PIKULICA,Privatni i vjerski DV,Trešnjevka - sjever,Vrtić,,,3
2026-10-01,DV PINGVIN,Privatni i vjerski DV,Novi Zagreb - zapad,Jaslice,,,0
2026-10-01,DV PINGVIN,Privatni i vjerski DV,Novi Zagreb - zapad,Vrtić,,,2
2026-10-01,DV PIPI DUGA ČARAPA,Privatni i vjerski DV,Trešnjevka - jug,Jaslice,,,7
2026-10-01,DV PIPI DUGA ČARAPA,Privatni i vjerski DV,Trešnjevka - jug,Vrtić,,,7
2026-10-01,DV RIBICA,Privatni i vjerski DV,Donja Dubrava,Jaslice,,,2
2026-10-01,DV RIBICA,Privatni i vjerski DV,Donja Dubrava,Vrtić,,,2
2026-10-01,DV SRČEKO,Privatni i vjerski DV,Gornji grad - Medveščak,Jaslice,,,5
2026-10-01,DV SRČEKO,Privatni i vjerski DV,Gornji grad - Medveščak,Vrtić,,,2
2026-10-01,DV SUNČEKO,Privatni i vjerski DV,Donji grad,Jaslice,,,0
2026-10-01,DV SUNČEKO,Privatni i vjerski DV,Donji grad,Vrtić,,,0
2026-10-01,DV SUNČEV SJAJ NAZARET,Privatni i vjerski DV,Črnomerec,Jaslice,,,0
2026-10-01,DV SUNČEV SJAJ NAZARET,Privatni i vjerski DV,Črnomerec,Vrtić,,,0
2026-10-01,DV SVEMIRKO,Privatni i vjerski DV,Maksimir,Jaslice,,,5
2026-10-01,DV SVEMIRKO,Privatni i vjerski DV,Maksimir,Vrtić,,,1
2026-10-01,DV SVETA ANĐELA MERICI,Privatni i vjerski DV,Donji grad,Jaslice,,,0
2026-10-01,DV SVETA ANĐELA MERICI,Privatni i vjerski DV,Donji grad,Vrtić,,,0
2026-10-01,DV SVETE MALE TEREZIJE,Privatni i vjerski DV,Črnomerec,Jaslice,,,0
2026-10-01,DV SVETE MALE TEREZIJE,Privatni i vjerski DV,Črnomerec,Vrtić,,,0
2026-10-01,DV SVETOG FRANJE,Privatni i vjerski DV,Maksimir,Jaslice,,,0
2026-10-01,DV SVETOG FRANJE,Privatni i vjerski DV,Maksimir,Vrtić,,,0
2026-10-01,DV SVETOG JOSIPA,Privatni i vjerski DV,Gornja Dubrava,Jaslice,,,0
2026-10-01,DV SVETOG JOSIPA,Privatni i vjerski DV,Gornja Dubrava,Vrtić,,,0
2026-10-01,DV SVETOG VINKA,Privatni i vjerski DV,Donji grad,Jaslice,,,0
2026-10-01,DV SVETOG VINKA,Privatni i vjerski DV,Donji grad,Vrtić,,,3
2026-10-01,DV ŠARENA LOPTICA,Privatni i vjerski DV,Gornji grad - Medveščak,Jaslice,,,1
2026-10-01,DV ŠARENA LOPTICA,Privatni i vjerski DV,Gornji grad - Medveščak,Vrtić,,,3
2026-10-01,DV VESELA KUĆICA,Privatni i vjerski DV,Gornja Dubrava,Jaslice,,,2
2026-10-01,DV VESELA KUĆICA,Privatni i vjerski DV,Gornja Dubrava,Vrtić,,,0
2026-10-01,DV VESELA PANDICA,Privatni i vjerski DV,Sesvete,Jaslice,,,4
2026-10-01,DV VESELA PANDICA,Privatni i vjerski DV,Sesvete,Vrtić,,,8
2026-10-01,DV VRAPČIĆ,Privatni i vjerski DV,Sesvete,Jaslice,,,5
2026-10-01,DV VRAPČIĆ,Privatni i vjerski DV,Sesvete,Vrtić,,,3
2026-10-01,DV ZVONČICA,Privatni i vjerski DV,Sesvete,Jaslice,,,1
2026-10-01,DV ZVONČICA,Privatni i vjerski DV,Sesvete,Vrtić,,,4
2026-10-01,DV ŽABAC,Privatni i vjerski DV,Trešnjevka - jug,Jaslice,,,0
2026-10-01,DV ŽABAC,Privatni i vjerski DV,Trešnjevka - jug,Vrtić,,,1
2026-10-01,DAD BAJKA,Obrt dadilja,Stenjevec,,,,0
2026-10-01,DAD BALLON,Obrt dadilja,Črnomerec,,,,0
2026-10-01,DAD BOMBONČEKI,Obrt dadilja,Trešnjevka - sjever,,,,3
2026-10-01,DAD BUBA LOOBA,Obrt dadilja,Peščenica - Žitnjak,,,,0
2026-10-01,DAD BUBAMARA,Obrt dadilja,Donja Dubrava,,,,0
2026-10-01,DAD BUMBICE,Obrt dadilja,Trnje,,,,0
2026-10-01,DAD ČAROBNI KLJUČIĆ,Obrt dadilja,Gornji grad - Medveščak,,,,4
2026-10-01,DAD DABAR,Obrt dadilja,Trešnjevka - jug,,,,2
2026-10-01,DAD DJEČJI KUTIĆ,Obrt dadilja,Gornja Dubrava,,,,0
2026-10-01,DAD DOBRA VILA,Obrt dadilja,Gornji grad - Medveščak,,,,0
2026-10-01,DAD DORA ISTRAŽUJE,Obrt dadilja,Gornja Dubrava,,,,0
2026-10-01,DAD DORA ISTRAŽUJE I PRIJATELJI,Obrt dadilja,Gornja Dubrava,,,,0
2026-10-01,DAD EMAUS,Obrt dadilja,Gornja Dubrava,,,,0
2026-10-01,DAD GRGA ČVARAK,Obrt dadilja,Gornja Dubrava,,,,0
2026-10-01,DAD HAPPY KIDS,Obrt dadilja,Trešnjevka - sjever,,,,0
2026-10-01,DAD HOLI,Obrt dadilja,Trešnjevka - sjever,,,,0
2026-10-01,DAD HOZENTREGER,Obrt dadilja,Trešnjevka - sjever,,,,2
2026-10-01,DAD IVANČICA,Obrt dadilja,Novi Zagreb - istok,,,,0
2026-10-01,DAD JABUKA,Obrt dadilja,Trnje,,,,3
2026-10-01,DAD KAP,Obrt dadilja,Stenjevec,,,,1
2026-10-01,DAD KIDS SPOT,Obrt dadilja,Peščenica - Žitnjak,,,,0
2026-10-01,DAD KIKAČI,Obrt dadilja,Novi Zagreb - zapad,,,,6
2026-10-01,DAD LEDA,Obrt dadilja,Peščenica - Žitnjak,,,,1
2026-10-01,DAD LEPTIRIĆI,Obrt dadilja,Stenjevec,,,,1
2026-10-01,DAD LITTLE STORIES,Obrt dadilja,Stenjevec,,,,0
2026-10-01,DAD MACA PAPUČARICA,Obrt dadilja,Trešnjevka - jug,,,,0
2026-10-01,DAD MALENI TALENTI JUNIOR,Obrt dadilja,Gornji grad - Medveščak,,,,2
2026-10-01,DAD MALI NOMADI,Obrt dadilja,Stenjevec,,,,0
2026-10-01,DAD MALI PRINC,Obrt dadilja,Gornja Dubrava,,,,0
2026-10-01,DAD MALI TIM,Obrt dadilja,Donji grad,,,,0
2026-10-01,DAD MaMiTa,Obrt dadilja,Donji grad,,,,0
2026-10-01,DAD MAMITAS,Obrt dadilja,Črnomerec,,,,4
2026-10-01,DAD MAŠTA 1,Obrt dadilja,Podsused - Vrapče,,,,1
2026-10-01,DAD NAV,Obrt dadilja,Trešnjevka - sjever,,,,1
2026-10-01,DAD NEVERLAND,Obrt dadilja,Trešnjevka - sjever,,,,0
2026-10-01,DAD OGLEDALCE,Obrt dadilja,Donja Dubrava,,,,1
2026-10-01,DAD OSMIJEH,Obrt dadilja,Donji grad,,,,1
2026-10-01,DAD PAHULJICA,Obrt dadilja,Trešnjevka - jug,,,,0
2026-10-01,DAD PAJO PATAK,Obrt dadilja,Novi Zagreb - istok,,,,0
2026-10-01,DAD PČELICE,Obrt dadilja,Stenjevec,,,,0
2026-10-01,DAD SANTO,Obrt dadilja,Črnomerec,,,,0
2026-10-01,DAD SREĆA,Obrt dadilja,Podsused - Vrapče,,,,2
2026-10-01,DAD SVITOGOR,Obrt dadilja,Trešnjevka - sjever,,,,1
2026-10-01,DAD ŠUMSKA VILA,Obrt dadilja,Podsljeme,,,,0
2026-10-01,DAD TALALO,Obrt dadilja,Novi Zagreb - zapad,,,,0
2026-10-01,DAD TOČKICE,Obrt dadilja,Trešnjevka - jug,,,,6
2026-10-01,DAD TONKICA POLONKICA,Obrt dadilja,Maksimir,,,,1
2026-10-01,DAD WOODLAND,Obrt dadilja,Podsljeme,,,,1
2026-10-01,DAD ZABAVNI SAT,Obrt dadilja,Trešnjevka - jug,,,,2
2026-10-01,DAD ZVJEZDICE - Kopić,Obrt dadilja,Sesvete,,,,0
2026-10-01,DAD ZVONČEK,Obrt dadilja,Trešnjevka - jug,,,,0
2026-10-01,DAD ZVONČICA,Obrt dadilja,Trnje,,,,0
2026-10-01,DAD ZVRK,Obrt dadilja,Stenjevec,,,,1
2026-10-01,DAD ŽIRAFICA,Obrt dadilja,Gornja Dubrava,,,,0
